Date,High,Low,Open,Close,Volume,Adj Close
2001-11-29,14.466666221618652,13.359999656677246,13.386666297912598,13.880000114440918,371100.0,13.202953338623047
2001-11-30,14.266666412353516,13.880000114440918,13.880000114440918,14.266666412353516,165300.0,13.570757865905762
2001-12-03,14.233333587646484,13.783333778381348,14.233333587646484,13.783333778381348,127500.0,13.110998153686523
2001-12-04,13.783333778381348,13.233333587646484,13.783333778381348,13.233333587646484,95400.0,12.587827682495117
2001-12-05,14.783333778381348,13.433333396911621,13.433333396911621,14.666666984558105,598200.0,13.951244354248047
2001-12-06,14.733333587646484,14.569999694824219,14.733333587646484,14.573333740234375,157200.0,13.86246395111084
2001-12-07,14.666666984558105,14.466666221618652,14.583333015441895,14.666666984558105,215100.0,13.951244354248047
2001-12-10,14.640000343322754,14.58666706085205,14.633333206176758,14.616666793823242,119100.0,13.903684616088867
2001-12-11,14.710000038146973,14.58666706085205,14.600000381469727,14.58666706085205,378600.0,13.87514877319336
2001-12-12,14.583333015441895,14.036666870117188,14.583333015441895,14.100000381469727,114600.0,13.412220001220703
2001-12-13,14.266666412353516,13.966666221618652,14.083333015441895,13.966666221618652,113700.0,13.28538990020752
2001-12-14,13.949999809265137,13.516666412353516,13.949999809265137,13.630000114440918,233400.0,12.9651460647583
2001-12-17,14.0,13.66333293914795,13.66333293914795,13.666666984558105,106200.0,13.00002670288086
2001-12-18,13.866666793823242,13.666666984558105,13.683333396911621,13.666666984558105,101400.0,13.00002670288086
2001-12-19,13.683333396911621,13.579999923706055,13.666666984558105,13.683333396911621,157800.0,13.015876770019531
2001-12-20,14.229999542236328,13.733333587646484,13.733333587646484,14.100000381469727,97200.0,13.412220001220703
2001-12-21,15.300000190734863,14.166666984558105,14.183333396911621,15.113333702087402,659400.0,14.37612533569336
2001-12-24,15.350000381469727,15.066666603088379,15.100000381469727,15.266666412353516,50700.0,14.521979331970215
2001-12-26,15.65333366394043,15.266666412353516,15.300000190734863,15.333333015441895,378000.0,14.585390090942383
2001-12-27,15.883333206176758,15.399999618530273,15.75,15.649999618530273,349200.0,14.886609077453613
2001-12-28,15.733333587646484,15.633333206176758,15.733333587646484,15.683333396911621,295500.0,14.918318748474121
2001-12-31,16.58333396911621,15.566666603088379,15.699999809265137,16.58333396911621,255900.0,15.774419784545898
2002-01-02,16.16666603088379,15.883333206176758,16.16666603088379,15.926666259765625,132300.0,15.149785041809082
2002-01-03,15.90333366394043,15.100000381469727,15.899999618530273,15.100000381469727,89700.0,14.363442420959473
2002-01-04,15.199999809265137,13.666666984558105,15.100000381469727,14.166666984558105,346500.0,13.47563362121582
2002-01-07,14.366666793823242,13.283333778381348,14.166666984558105,13.933333396911621,601500.0,13.253684043884277
2002-01-08,13.933333396911621,13.5,13.850000381469727,13.699999809265137,442200.0,13.031733512878418
2002-01-09,13.866666793823242,13.699999809265137,13.716666221618652,13.733333587646484,60000.0,13.063434600830078
2002-01-10,14.133333206176758,13.733333587646484,13.733333587646484,14.033333778381348,216300.0,13.348807334899902
2002-01-11,14.75,14.316666603088379,14.333333015441895,14.5,340800.0,13.792705535888672
2002-01-14,14.566666603088379,14.300000190734863,14.5,14.300000190734863,230700.0,13.60246467590332
2002-01-15,15.449999809265137,14.75,14.75,15.33666706085205,1030200.0,14.5885648727417
2002-01-16,15.783333778381348,15.166666984558105,15.3100004196167,15.633333206176758,526200.0,14.870758056640625
2002-01-17,15.933333396911621,15.666666984558105,15.666666984558105,15.733333587646484,42900.0,14.965882301330566
2002-01-18,16.0,15.566666603088379,15.699999809265137,15.766666412353516,70500.0,14.997587203979492
2002-01-22,15.770000457763672,15.233333587646484,15.770000457763672,15.566666603088379,130800.0,14.80734634399414
2002-01-23,15.716666221618652,15.566666603088379,15.600000381469727,15.633333206176758,38700.0,14.870758056640625
2002-01-24,15.733333587646484,15.333333015441895,15.666666984558105,15.416666984558105,125100.0,14.664661407470703
2002-01-25,15.766666412353516,15.316666603088379,15.466666221618652,15.633333206176758,88800.0,14.870758056640625
2002-01-28,15.899999618530273,15.260000228881836,15.683333396911621,15.433333396911621,75300.0,14.680514335632324
2002-01-29,15.533333778381348,15.433333396911621,15.449999809265137,15.453332901000977,27300.0,14.699538230895996
2002-01-30,15.566666603088379,15.366666793823242,15.466666221618652,15.550000190734863,67800.0,14.791489601135254
2002-01-31,15.699999809265137,15.483333587646484,15.583333015441895,15.616666793823242,36600.0,14.854907035827637
2002-02-01,15.733333587646484,15.649999618530273,15.649999618530273,15.699999809265137,9000.0,14.934174537658691
2002-02-04,15.666666984558105,15.433333396911621,15.666666984558105,15.443333625793457,13200.0,14.69002628326416
2002-02-05,15.383333206176758,15.283333778381348,15.366666793823242,15.296667098999023,39300.0,14.550514221191406
2002-02-06,15.266666412353516,15.166666984558105,15.263333320617676,15.233333587646484,54300.0,14.490269660949707
2002-02-07,14.949999809265137,14.600000381469727,14.833333015441895,14.899999618530273,216000.0,14.17319393157959
2002-02-08,14.949999809265137,14.833333015441895,14.883333206176758,14.933333396911621,71100.0,14.204904556274414
2002-02-11,15.166666984558105,14.866666793823242,14.899999618530273,15.133333206176758,21600.0,14.395148277282715
2002-02-12,15.399999618530273,15.166666984558105,15.166666984558105,15.399999618530273,14100.0,14.64880657196045
2002-02-13,15.366666793823242,14.966666221618652,15.333333015441895,15.0,74100.0,14.268317222595215
2002-02-14,15.033333778381348,14.800000190734863,15.033333778381348,14.883333206176758,58500.0,14.157341957092285
2002-02-15,14.866666793823242,14.833333015441895,14.850000381469727,14.866666793823242,17100.0,14.141490936279297
2002-02-19,14.930000305175781,14.816666603088379,14.899999618530273,14.833333015441895,9900.0,14.109786033630371
2002-02-20,15.25,14.633333206176758,14.800000190734863,14.733333587646484,88500.0,14.01465892791748
2002-02-21,14.793333053588867,14.600000381469727,14.666666984558105,14.793333053588867,132300.0,14.071733474731445
2002-02-22,14.983333587646484,14.793333053588867,14.793333053588867,14.966666221618652,45600.0,14.23660945892334
2002-02-25,15.100000381469727,14.933333396911621,14.933333396911621,15.0,25800.0,14.268317222595215
2002-02-26,15.100000381469727,15.0,15.033333778381348,15.033333778381348,88800.0,14.30002498626709
2002-02-27,15.199999809265137,14.983333587646484,15.050000190734863,15.033333778381348,127200.0,14.30002498626709
2002-02-28,15.066666603088379,14.833333015441895,15.066666603088379,14.933333396911621,22500.0,14.204904556274414
2002-03-01,14.933333396911621,14.516666412353516,14.933333396911621,14.633333206176758,219000.0,13.919535636901855
2002-03-04,14.733333587646484,14.516666412353516,14.600000381469727,14.633333206176758,129300.0,13.919535636901855
2002-03-05,14.633333206176758,14.399999618530273,14.633333206176758,14.566666603088379,269100.0,13.85612678527832
2002-03-06,14.66333293914795,14.449999809265137,14.533333778381348,14.533333778381348,501000.0,13.824417114257812
2002-03-07,14.066666603088379,13.600000381469727,14.066666603088379,13.633333206176758,13530300.0,12.9683198928833
2002-03-08,13.863333702087402,13.506667137145996,13.670000076293945,13.833333015441895,3135000.0,13.158563613891602
2002-03-11,14.066666603088379,13.666666984558105,13.833333015441895,13.99666690826416,3147600.0,13.313926696777344
2002-03-12,13.983333587646484,13.800000190734863,13.833333015441895,13.933333396911621,1657800.0,13.253684043884277
2002-03-13,13.949999809265137,13.833333015441895,13.833333015441895,13.899999618530273,777900.0,13.22197151184082
2002-03-14,14.399999618530273,13.966666221618652,14.0,14.366666793823242,2705400.0,13.665879249572754
2002-03-15,14.816666603088379,14.283333778381348,14.366666793823242,14.783333778381348,1723200.0,14.062222480773926
2002-03-18,14.770000457763672,14.583333015441895,14.666666984558105,14.75,1295700.0,14.030513763427734
2002-03-19,15.033333778381348,14.666666984558105,14.716666221618652,15.0,929400.0,14.268317222595215
2002-03-20,15.0,14.826666831970215,15.0,14.853333473205566,565200.0,14.128808975219727
2002-03-21,14.866666793823242,14.600000381469727,14.816666603088379,14.833333015441895,522600.0,14.109786033630371
2002-03-22,14.84333324432373,14.716666221618652,14.783333778381348,14.75,916500.0,14.030513763427734
2002-03-25,14.800000190734863,14.583333015441895,14.666666984558105,14.683333396911621,437400.0,13.967101097106934
2002-03-26,15.0,14.666666984558105,14.666666984558105,15.0,936900.0,14.268317222595215
2002-03-27,15.033333778381348,14.983333587646484,15.0,15.016666412353516,357600.0,14.284172058105469
2002-03-28,15.350000381469727,15.033333778381348,15.033333778381348,15.333333015441895,1013100.0,14.585390090942383
2002-04-01,15.359999656677246,15.206666946411133,15.333333015441895,15.33666706085205,524700.0,14.5885648727417
2002-04-02,15.333333015441895,14.953332901000977,15.333333015441895,15.0,2018400.0,14.268317222595215
2002-04-03,15.0,14.563333511352539,15.0,14.616666793823242,1195500.0,13.903684616088867
2002-04-04,14.733333587646484,14.600000381469727,14.616666793823242,14.65999984741211,602100.0,13.944901466369629
2002-04-05,14.833333015441895,14.699999809265137,14.75,14.833333015441895,483600.0,14.109786033630371
2002-04-08,15.0,14.649999618530273,14.833333015441895,15.0,510900.0,14.268317222595215
2002-04-09,15.583333015441895,15.050000190734863,15.050000190734863,15.566666603088379,594600.0,14.80734634399414
2002-04-10,15.916666984558105,15.566666603088379,15.566666603088379,15.916666984558105,833400.0,15.140270233154297
2002-04-11,16.0,15.800000190734863,15.876667022705078,15.90333366394043,537300.0,15.127593040466309
2002-04-12,15.949999809265137,15.800000190734863,15.866666793823242,15.866666793823242,784800.0,15.092708587646484
2002-04-15,16.233333587646484,15.966666221618652,16.100000381469727,16.066667556762695,968400.0,15.282954216003418
2002-04-16,16.25,16.100000381469727,16.100000381469727,16.21666717529297,818400.0,15.425639152526855
2002-04-17,16.399999618530273,16.16666603088379,16.233333587646484,16.33333396911621,177600.0,15.536608695983887
2002-04-18,16.399999618530273,16.0,16.33333396911621,16.360000610351562,707400.0,15.561980247497559
2002-04-19,16.683332443237305,16.399999618530273,16.399999618530273,16.66666603088379,841500.0,15.853689193725586
2002-04-22,16.75,16.549999237060547,16.75,16.633333206176758,594900.0,15.821977615356445
2002-04-23,17.0,16.600000381469727,16.633333206176758,17.0,795600.0,16.170761108398438
2002-04-24,17.183332443237305,17.049999237060547,17.049999237060547,17.116666793823242,714900.0,16.281736373901367
2002-04-25,19.16666603088379,18.116666793823242,18.16666603088379,19.16666603088379,3794400.0,18.23174476623535
2002-04-26,19.133333206176758,18.700000762939453,19.133333206176758,18.91666603088379,1054200.0,17.993932723999023
2002-04-29,19.133333206176758,18.66666603088379,18.96666717529297,18.766666412353516,524700.0,17.851255416870117
2002-04-30,19.733333587646484,18.766666412353516,18.766666412353516,19.733333587646484,1105500.0,18.770767211914062
2002-05-01,20.066667556762695,19.540000915527344,19.866666793823242,19.700000762939453,1318200.0,18.739059448242188
2002-05-02,19.75,19.540000915527344,19.700000762939453,19.633333206176758,185400.0,18.67564582824707
2002-05-03,19.71666717529297,19.600000381469727,19.700000762939453,19.6299991607666,329400.0,18.6724796295166
2002-05-06,19.71666717529297,19.46666717529297,19.600000381469727,19.5,402000.0,18.548810958862305
2002-05-07,20.299999237060547,19.5,19.5,20.126667022705078,588900.0,19.14491844177246
2002-05-08,20.299999237060547,19.81333351135254,20.126667022705078,19.983333587646484,645600.0,19.008569717407227
2002-05-09,19.983333587646484,19.703332901000977,19.96666717529297,19.766666412353516,411000.0,18.802471160888672
2002-05-10,19.766666412353516,19.633333206176758,19.75,19.636667251586914,422400.0,18.678817749023438
2002-05-13,19.600000381469727,19.3799991607666,19.600000381469727,19.536666870117188,350400.0,18.583694458007812
2002-05-14,20.299999237060547,19.53333282470703,19.53333282470703,20.136667251586914,562500.0,19.154428482055664
2002-05-15,20.729999542236328,20.183332443237305,20.183332443237305,20.6200008392334,602400.0,19.614181518554688
2002-05-16,20.66666603088379,20.336666107177734,20.6200008392334,20.43666648864746,510000.0,19.439796447753906
2002-05-17,20.5,20.299999237060547,20.46666717529297,20.363332748413086,226800.0,19.370037078857422
2002-05-20,20.496665954589844,20.350000381469727,20.383333206176758,20.483333587646484,331800.0,19.484182357788086
2002-05-21,20.5,19.733333587646484,20.486665725708008,19.850000381469727,981300.0,18.881742477416992
2002-05-22,20.336666107177734,19.16666603088379,20.133333206176758,20.02666664123535,4289100.0,19.04979705810547
2002-05-23,19.71666717529297,18.753334045410156,19.53333282470703,19.68000030517578,6094200.0,18.72003173828125
2002-05-24,20.183332443237305,19.633333206176758,19.649999618530273,19.799999237060547,577500.0,18.834184646606445
2002-05-28,19.766666412353516,19.16666603088379,19.766666412353516,19.366666793823242,821400.0,18.421993255615234
2002-05-29,19.366666793823242,18.726667404174805,19.33333396911621,18.75,972600.0,17.83540153503418
2002-05-30,18.633333206176758,18.266666412353516,18.58333396911621,18.299999237060547,1128900.0,17.407344818115234
2002-05-31,19.483333587646484,18.299999237060547,18.299999237060547,19.266666412353516,1528200.0,18.326862335205078
2002-06-03,19.56999969482422,18.979999542236328,19.266666412353516,19.483333587646484,1125000.0,18.53296661376953
2002-06-04,19.799999237060547,19.270000457763672,19.459999084472656,19.623332977294922,1321200.0,18.666135787963867
2002-06-05,20.0,19.266666412353516,19.58333396911621,19.316667556762695,659100.0,18.374425888061523
2002-06-06,19.316667556762695,18.96666717529297,19.316667556762695,19.133333206176758,813900.0,18.20003318786621
2002-06-07,19.133333206176758,18.766666412353516,19.1299991607666,19.116666793823242,1771500.0,18.18418312072754
2002-06-10,19.78333282470703,19.53333282470703,19.58333396911621,19.566667556762695,1209300.0,18.612228393554688
2002-06-11,19.74333381652832,19.33333396911621,19.5,19.383333206176758,749400.0,18.43783187866211
2002-06-12,19.21666717529297,18.799999237060547,19.08333396911621,19.14666748046875,1368900.0,18.21271324157715
2002-06-13,19.316667556762695,19.0,19.14666748046875,19.203332901000977,712500.0,18.266620635986328
2002-06-14,19.33333396911621,18.649999618530273,19.149999618530273,19.33333396911621,1407600.0,18.390277862548828
2002-06-17,19.766666412353516,19.41666603088379,19.5,19.549999237060547,1488600.0,18.596372604370117
2002-06-18,19.883333206176758,19.53333282470703,19.553333282470703,19.799999237060547,679800.0,18.834184646606445
2002-06-19,20.399999618530273,19.753334045410156,19.78333282470703,20.100000381469727,1203300.0,19.119550704956055
2002-06-20,20.450000762939453,19.746665954589844,20.08333396911621,20.386667251586914,1414800.0,19.392236709594727
2002-06-21,20.586666107177734,20.133333206176758,20.383333206176758,20.336666107177734,1336500.0,19.34467124938965
2002-06-24,20.433332443237305,19.616666793823242,20.316667556762695,19.96666717529297,778800.0,18.992713928222656
2002-06-25,20.016666412353516,19.03333282470703,20.0,19.163333892822266,753000.0,18.228572845458984
2002-06-26,18.733333587646484,18.100000381469727,18.58333396911621,18.363332748413086,1871400.0,17.467592239379883
2002-06-27,18.883333206176758,18.016666412353516,18.83333396911621,18.246665954589844,993600.0,17.356618881225586
2002-06-28,18.566667556762695,17.700000762939453,18.28333282470703,18.170000076293945,2560500.0,17.28369140625
2002-07-01,18.25,17.399999618530273,18.133333206176758,17.46666717529297,1267500.0,16.614662170410156
2002-07-02,17.53333282470703,16.53333282470703,17.450000762939453,16.866666793823242,3132900.0,16.043928146362305
2002-07-03,17.066667556762695,15.800000190734863,16.83333396911621,16.969999313354492,2729100.0,16.1422176361084
2002-07-05,17.100000381469727,16.68666648864746,16.969999313354492,16.78333282470703,739200.0,15.964659690856934
2002-07-08,17.450000762939453,16.78333282470703,16.78333282470703,17.25,1648500.0,16.408565521240234
2002-07-09,17.399999618530273,16.633333206176758,17.253334045410156,16.746665954589844,968400.0,15.929781913757324
2002-07-10,16.920000076293945,16.0,16.71666717529297,16.183332443237305,1437300.0,15.393927574157715
2002-07-11,16.33333396911621,14.966666221618652,16.266666412353516,16.003334045410156,2215500.0,15.222711563110352
2002-07-12,16.5,15.699999809265137,16.0,16.170000076293945,1343400.0,15.38124942779541
2002-07-15,16.106666564941406,14.233333587646484,16.10333251953125,15.399999618530273,2634600.0,14.64880657196045
2002-07-16,15.33666706085205,14.666666984558105,15.333333015441895,14.966666221618652,1597500.0,14.23660945892334
2002-07-17,15.90999984741211,14.75,15.399999618530273,15.603333473205566,1981200.0,14.842223167419434
2002-07-18,16.16666603088379,15.40333366394043,15.603333473205566,15.933333396911621,2736000.0,15.156126022338867
2002-07-19,15.916666984558105,15.146666526794434,15.883333206176758,15.270000457763672,1290000.0,14.525148391723633
2002-07-22,15.566666603088379,13.800000190734863,15.333333015441895,14.5,1582200.0,13.792705535888672
2002-07-23,14.600000381469727,13.866666793823242,14.466666221618652,14.316666603088379,1994100.0,13.618317604064941
2002-07-24,15.899999618530273,13.863333702087402,14.083333015441895,15.75,2589000.0,14.981739044189453
2002-07-25,15.733333587646484,14.466666221618652,15.666666984558105,15.333333015441895,1451100.0,14.585390090942383
2002-07-26,16.043333053588867,15.066666603088379,15.366666793823242,15.516666412353516,808800.0,14.759783744812012
2002-07-29,16.366666793823242,15.666666984558105,15.75,16.299999237060547,1254600.0,15.504907608032227
2002-07-30,16.700000762939453,15.5,16.25,16.433332443237305,1455900.0,15.631731986999512
2002-07-31,16.83333396911621,15.933333396911621,16.350000381469727,16.753334045410156,2108700.0,15.936129570007324
2002-08-01,16.670000076293945,15.833333015441895,16.670000076293945,16.200000762939453,1403700.0,15.409784317016602
2002-08-02,16.156665802001953,15.149999618530273,16.149999618530273,15.723333358764648,1148700.0,14.956374168395996
2002-08-05,15.666666984558105,14.556666374206543,15.666666984558105,14.600000381469727,1552500.0,13.88783073425293
2002-08-06,15.5,14.600000381469727,14.600000381469727,15.050000190734863,1243800.0,14.31588077545166
2002-08-07,15.383333206176758,15.0,15.116666793823242,15.316666603088379,1200900.0,14.569538116455078
2002-08-08,15.666666984558105,15.0,15.433333396911621,15.666666984558105,1554300.0,14.902467727661133
2002-08-09,16.383333206176758,15.633333206176758,15.75,16.266666412353516,1509600.0,15.473199844360352
2002-08-12,16.296667098999023,15.899999618530273,16.183332443237305,16.266666412353516,1080300.0,15.473199844360352
2002-08-13,16.799999237060547,16.200000762939453,16.200000762939453,16.670000076293945,1601100.0,15.856860160827637
2002-08-14,16.899999618530273,16.08333396911621,16.670000076293945,16.700000762939453,1270800.0,15.885392189025879
2002-08-15,17.133333206176758,16.696666717529297,16.83333396911621,16.950000762939453,3353100.0,16.12320327758789
2002-08-16,17.58333396911621,16.75,16.899999618530273,17.233333587646484,1512300.0,16.392717361450195
2002-08-19,18.133333206176758,17.239999771118164,17.25,17.850000381469727,2096100.0,16.979305267333984
2002-08-20,17.979999542236328,17.736665725708008,17.816667556762695,17.766666412353516,1119300.0,16.900033950805664
2002-08-21,18.116666793823242,17.75,17.91666603088379,18.066667556762695,738300.0,17.18538475036621
2002-08-22,18.213333129882812,17.933332443237305,18.06999969482422,18.133333206176758,1199100.0,17.248811721801758
2002-08-23,18.16666603088379,17.959999084472656,18.066667556762695,18.163333892822266,330000.0,17.2773494720459
2002-08-26,18.183332443237305,17.83333396911621,18.170000076293945,18.010000228881836,917700.0,17.131494522094727
2002-08-27,18.003334045410156,17.766666412353516,18.0,17.829999923706055,910500.0,16.96027374267578
2002-08-28,17.913333892822266,17.303333282470703,17.75,17.433332443237305,2019300.0,16.582956314086914
2002-08-29,17.549999237060547,16.963333129882812,17.33333396911621,17.40333366394043,844200.0,16.554418563842773
2002-08-30,17.766666412353516,17.336666107177734,17.5,17.41666603088379,408600.0,16.56710433959961
2002-09-03,17.31999969482422,16.66666603088379,17.316667556762695,16.733333587646484,1529100.0,15.917104721069336
2002-09-04,16.78333282470703,16.049999237060547,16.649999618530273,16.39666748046875,1654500.0,15.5968599319458
2002-09-05,16.566667556762695,16.233333587646484,16.299999237060547,16.41666603088379,873600.0,15.615880966186523
2002-09-06,16.83333396911621,16.549999237060547,16.566667556762695,16.733333587646484,1107900.0,15.917104721069336
2002-09-09,17.266666412353516,16.616666793823242,16.71666717529297,17.266666412353516,798600.0,16.424419403076172
2002-09-10,17.766666412353516,17.116666793823242,17.183332443237305,17.766666412353516,538200.0,16.900033950805664
2002-09-11,18.33333396911621,17.829999923706055,18.33333396911621,17.956666946411133,1262400.0,17.080760955810547
2002-09-12,18.100000381469727,17.649999618530273,18.0,17.799999237060547,1598700.0,16.93173599243164
2002-09-13,17.873332977294922,17.433332443237305,17.71666717529297,17.786666870117188,479700.0,16.91905975341797
2002-09-16,17.959999084472656,17.53333282470703,17.780000686645508,17.816667556762695,495300.0,16.94759750366211
2002-09-17,18.08333396911621,17.65999984741211,17.899999618530273,17.96666717529297,2830200.0,17.090282440185547
2002-09-18,17.899999618530273,17.233333587646484,17.850000381469727,17.549999237060547,762600.0,16.69393539428711
2002-09-19,17.50666618347168,17.086666107177734,17.40999984741211,17.21666717529297,808200.0,16.376859664916992
2002-09-20,17.399999618530273,17.013334274291992,17.21666717529297,17.266666412353516,772200.0,16.424419403076172
2002-09-23,17.200000762939453,16.520000457763672,17.183332443237305,16.829999923706055,914400.0,16.00905418395996
2002-09-24,16.809999465942383,15.966666221618652,16.746665954589844,16.386667251586914,1480800.0,15.587347984313965
2002-09-25,17.649999618530273,16.75,17.0,17.649999618530273,2460000.0,16.7890625
2002-09-26,18.28333282470703,17.66666603088379,17.733333587646484,18.236665725708008,1622400.0,17.34709930419922
2002-09-27,18.329999923706055,17.649999618530273,18.203332901000977,18.170000076293945,1559100.0,17.28369140625
2002-09-30,17.996665954589844,17.399999618530273,17.969999313354492,17.579999923706055,1425600.0,16.722471237182617
2002-10-01,18.0,17.020000457763672,17.586666107177734,17.83333396911621,1408200.0,16.96343994140625
2002-10-02,18.53333282470703,17.696666717529297,17.83333396911621,18.3266658782959,2208600.0,17.432708740234375
2002-10-03,18.5,17.83333396911621,18.40999984741211,18.0,1380000.0,17.12198257446289
2002-10-04,18.133333206176758,17.16666603088379,18.0,17.75666618347168,1443300.0,16.890512466430664
2002-10-07,18.433332443237305,17.53333282470703,17.75666618347168,17.83333396911621,1666800.0,16.96343994140625
2002-10-08,18.116666793823242,17.049999237060547,17.899999618530273,17.816667556762695,2013300.0,16.94759750366211
2002-10-09,17.850000381469727,17.35333251953125,17.616666793823242,17.600000381469727,1131000.0,16.741493225097656
2002-10-10,17.700000762939453,17.200000762939453,17.433332443237305,17.610000610351562,1051500.0,16.75100326538086
2002-10-11,18.33333396911621,17.66666603088379,17.700000762939453,18.16666603088379,1688700.0,17.280519485473633
2002-10-14,19.1299991607666,17.96666717529297,18.100000381469727,18.71666717529297,2241000.0,17.803691864013672
2002-10-15,19.15333366394043,18.66666603088379,18.883333206176758,19.06999969482422,1676100.0,18.139795303344727
2002-10-16,18.986665725708008,18.433332443237305,18.986665725708008,18.770000457763672,1596000.0,17.85442352294922
2002-10-17,19.446666717529297,17.0,19.0,17.366666793823242,6623100.0,16.519546508789062
2002-10-18,17.816667556762695,17.139999389648438,17.33333396911621,17.799999237060547,3003000.0,16.93173599243164
2002-10-21,18.3266658782959,17.71666717529297,17.83333396911621,18.133333206176758,1659900.0,17.248811721801758
2002-10-22,18.299999237060547,17.766666412353516,18.0,18.0,1067700.0,17.12198257446289
2002-10-23,18.316667556762695,17.889999389648438,18.0,18.066667556762695,976800.0,17.18538475036621
2002-10-24,18.5,17.913333892822266,18.100000381469727,18.110000610351562,2445900.0,17.22661590576172
2002-10-25,18.316667556762695,17.753334045410156,18.110000610351562,17.986665725708008,1122300.0,17.109296798706055
2002-10-28,18.133333206176758,17.633333206176758,18.100000381469727,17.89666748046875,1545000.0,17.0236873626709
2002-10-29,18.066667556762695,17.456666946411133,17.899999618530273,17.766666412353516,896700.0,16.900033950805664
2002-10-30,17.986665725708008,17.46666717529297,17.78333282470703,17.75,736500.0,16.884180068969727
2002-10-31,18.049999237060547,17.736665725708008,17.766666412353516,17.850000381469727,840600.0,16.979305267333984
2002-11-01,17.766666412353516,17.316667556762695,17.33333396911621,17.516666412353516,2199300.0,16.6622257232666
2002-11-04,17.913333892822266,17.406665802001953,17.633333206176758,17.516666412353516,1080900.0,16.6622257232666
2002-11-05,17.739999771118164,17.303333282470703,17.516666412353516,17.543333053588867,689700.0,16.687591552734375
2002-11-06,17.633333206176758,17.336666107177734,17.549999237060547,17.399999618530273,663600.0,16.551244735717773
2002-11-07,17.450000762939453,17.200000762939453,17.28333282470703,17.350000381469727,596400.0,16.503694534301758
2002-11-08,17.64666748046875,17.133333206176758,17.35333251953125,17.3700008392334,573900.0,16.522722244262695
2002-11-11,17.39666748046875,16.803333282470703,17.383333206176758,16.899999618530273,1530900.0,16.075637817382812
2002-11-12,17.133333206176758,16.709999084472656,17.023332595825195,16.899999618530273,885300.0,16.075637817382812
2002-11-13,17.46666717529297,16.816667556762695,16.899999618530273,17.350000381469727,952200.0,16.503694534301758
2002-11-14,17.976667404174805,17.5,17.58333396911621,17.883333206176758,1450200.0,17.01100730895996
2002-11-15,18.10333251953125,17.799999237060547,17.883333206176758,17.940000534057617,595200.0,17.06492042541504
2002-11-18,18.15333366394043,17.233333587646484,18.133333206176758,17.46666717529297,2168400.0,16.614662170410156
2002-11-19,17.99333381652832,17.149999618530273,17.469999313354492,17.649999618530273,2984100.0,16.7890625
2002-11-20,17.9233341217041,17.33333396911621,17.649999618530273,17.766666412353516,3022200.0,16.900033950805664
2002-11-21,18.299999237060547,17.83333396911621,17.83333396911621,18.14666748046875,1959300.0,17.26149559020996
2002-11-22,18.200000762939453,17.549999237060547,18.139999389648438,17.933332443237305,2559000.0,17.058574676513672
2002-11-25,18.049999237060547,16.33333396911621,18.0,17.233333587646484,6641100.0,16.392717361450195
2002-11-26,16.9233341217041,16.25,16.823333740234375,16.626667022705078,4900500.0,15.81564712524414
2002-11-27,17.303333282470703,16.510000228881836,16.700000762939453,17.303333282470703,1476600.0,16.459300994873047
2002-11-29,17.549999237060547,17.0,17.433332443237305,17.183332443237305,553200.0,16.34515380859375
2002-12-02,17.5,16.399999618530273,17.08333396911621,16.479999542236328,1692300.0,15.676127433776855
2002-12-03,16.65333366394043,16.066667556762695,16.463333129882812,16.31999969482422,1702200.0,15.52392864227295
2002-12-04,16.75666618347168,16.16666603088379,16.25,16.75,1643100.0,15.932961463928223
2002-12-05,16.889999389648438,16.5,16.75,16.72333335876465,946200.0,15.907590866088867
2002-12-06,17.013334274291992,16.483333587646484,16.66666603088379,16.91666603088379,626400.0,16.09149932861328
2002-12-09,17.149999618530273,16.683332443237305,16.766666412353516,17.066667556762695,2255700.0,16.23417854309082
2002-12-10,17.616666793823242,17.31999969482422,17.383333206176758,17.600000381469727,2746500.0,16.741493225097656
2002-12-11,17.700000762939453,17.28333282470703,17.66666603088379,17.516666412353516,13420800.0,16.6622257232666
2002-12-12,17.503334045410156,16.649999618530273,17.5,16.683332443237305,10471500.0,15.86954116821289
2002-12-13,16.68666648864746,15.566666603088379,16.68666648864746,16.073333740234375,7009200.0,15.289295196533203
2002-12-16,16.656665802001953,16.0766658782959,16.0766658782959,16.656665802001953,1653300.0,15.844173431396484
2002-12-17,16.81333351135254,16.46666717529297,16.656665802001953,16.6200008392334,1434900.0,15.809298515319824
2002-12-18,16.65333366394043,16.163333892822266,16.6200008392334,16.453332901000977,1959600.0,15.650758743286133
2002-12-19,16.616666793823242,16.163333892822266,16.456666946411133,16.183332443237305,1522800.0,15.393927574157715
2002-12-20,16.546667098999023,16.200000762939453,16.200000762939453,16.433332443237305,1240800.0,15.631731986999512
2002-12-23,16.433332443237305,16.0,16.383333206176758,16.350000381469727,828900.0,15.552473068237305
2002-12-24,16.350000381469727,16.18000030517578,16.34000015258789,16.19333267211914,351900.0,15.40343952178955
2002-12-26,16.49333381652832,16.19333267211914,16.19333267211914,16.3700008392334,537000.0,15.571491241455078
2002-12-27,16.496665954589844,16.28333282470703,16.33333396911621,16.3799991607666,556500.0,15.581000328063965
2002-12-30,16.463333129882812,16.106666564941406,16.399999618530273,16.399999618530273,738900.0,15.600028991699219
2002-12-31,16.543333053588867,16.133333206176758,16.413333892822266,16.299999237060547,744300.0,15.504907608032227
2003-01-02,16.75,16.25,16.33333396911621,16.613332748413086,1803300.0,15.802959442138672
2003-01-03,16.683332443237305,16.356666564941406,16.626667022705078,16.356666564941406,1818900.0,15.558806419372559
2003-01-06,16.459999084472656,15.116666793823242,16.383333206176758,15.313333511352539,4802400.0,14.566367149353027
2003-01-07,15.616666793823242,15.270000457763672,15.270000457763672,15.399999618530273,2062800.0,14.64880657196045
2003-01-08,15.433333396911621,15.1899995803833,15.40333366394043,15.303333282470703,1821000.0,14.556859016418457
2003-01-09,15.699999809265137,15.396666526794434,15.399999618530273,15.520000457763672,1146900.0,14.762957572937012
2003-01-10,15.613333702087402,15.399999618530273,15.433333396911621,15.470000267028809,1290900.0,14.7153902053833
2003-01-13,15.666666984558105,15.199999809265137,15.553333282470703,15.283333778381348,2059500.0,14.53783130645752
2003-01-14,15.266666412353516,14.75,15.083333015441895,14.949999809265137,2659800.0,14.220759391784668
2003-01-15,15.09333324432373,14.783333778381348,14.946666717529297,15.09333324432373,1812000.0,14.357101440429688
2003-01-16,15.366666793823242,15.050000190734863,15.176666259765625,15.333333015441895,1045200.0,14.585390090942383
2003-01-17,15.25,14.866666793823242,15.25,15.023333549499512,1981500.0,14.29051399230957
2003-01-21,14.989999771118164,14.283333778381348,14.949999809265137,14.393333435058594,2183400.0,13.691245079040527
2003-01-22,14.436666488647461,14.116666793823242,14.366666793823242,14.199999809265137,2021100.0,13.507340431213379
2003-01-23,14.616666793823242,14.016666412353516,14.550000190734863,14.356666564941406,4336500.0,13.65636920928955
2003-01-24,14.333333015441895,14.066666603088379,14.329999923706055,14.266666412353516,1135200.0,13.570757865905762
2003-01-27,14.283333778381348,14.013333320617676,14.166666984558105,14.166666984558105,1426500.0,13.47563362121582
2003-01-28,14.50333309173584,14.116666793823242,14.166666984558105,14.50333309173584,1375800.0,13.795876502990723
2003-01-29,14.463333129882812,14.300000190734863,14.40333366394043,14.366666793823242,1706400.0,13.665879249572754
2003-01-30,14.983333587646484,14.543333053588867,14.666666984558105,14.556666374206543,3795000.0,13.846611022949219
2003-01-31,14.550000190734863,14.399999618530273,14.473333358764648,14.550000190734863,1582200.0,13.84027099609375
2003-02-03,14.853333473205566,14.399999618530273,14.666666984558105,14.563333511352539,914700.0,13.852952003479004
2003-02-04,14.583333015441895,14.116666793823242,14.49666690826416,14.383333206176758,1099800.0,13.681731224060059
2003-02-05,14.733333587646484,14.316666603088379,14.366666793823242,14.393333435058594,726900.0,13.691245079040527
2003-02-06,14.466666221618652,13.266666412353516,14.396666526794434,13.433333396911621,3342600.0,12.778071403503418
2003-02-07,13.779999732971191,13.013333320617676,13.433333396911621,13.116666793823242,4697400.0,12.47685432434082
2003-02-10,13.033333778381348,12.616666793823242,13.033333778381348,13.0,3535200.0,12.365875244140625
2003-02-11,13.329999923706055,13.083333015441895,13.316666603088379,13.223333358764648,2363700.0,12.578314781188965
2003-02-12,13.319999694824219,12.869999885559082,13.183333396911621,12.920000076293945,1533900.0,12.289778709411621
2003-02-13,13.416666984558105,12.83666706085205,12.923333168029785,13.183333396911621,5903100.0,12.54026985168457
2003-02-14,13.433333396911621,13.149999618530273,13.183333396911621,13.433333396911621,1683600.0,12.778071403503418
2003-02-18,13.75,13.399999618530273,13.460000038146973,13.460000038146973,1004100.0,12.803438186645508
2003-02-19,13.533333778381348,12.953332901000977,13.466666221618652,13.146666526794434,1356300.0,12.505390167236328
2003-02-20,13.15333366394043,12.833333015441895,13.149999618530273,12.966666221618652,1797300.0,12.334165573120117
2003-02-21,12.983333587646484,12.646666526794434,12.970000267028809,12.953332901000977,2054400.0,12.321488380432129
2003-02-24,13.0,12.65666675567627,13.0,12.683333396911621,993600.0,12.064657211303711
2003-02-25,12.66333293914795,12.329999923706055,12.550000190734863,12.526666641235352,2219400.0,11.91563606262207
2003-02-26,12.869999885559082,12.600000381469727,12.666666984558105,12.733333587646484,1714800.0,12.112217903137207
2003-02-27,13.0,12.783333778381348,12.783333778381348,12.896666526794434,908100.0,12.267584800720215
2003-02-28,13.133333206176758,12.863333702087402,12.896666526794434,13.006667137145996,998400.0,12.372220993041992
2003-03-03,13.213333129882812,12.920000076293945,13.09000015258789,13.056666374206543,1162200.0,12.419777870178223
2003-03-04,13.033333778381348,12.600000381469727,12.973333358764648,12.823333740234375,2271600.0,12.19782543182373
2003-03-05,12.983333587646484,12.699999809265137,12.826666831970215,12.949999809265137,1829100.0,12.318315505981445
2003-03-06,13.050000190734863,12.683333396911621,12.949999809265137,12.856666564941406,1079100.0,12.229535102844238
2003-03-07,13.213333129882812,12.666666984558105,12.796667098999023,13.09333324432373,1792500.0,12.454659461975098
2003-03-10,13.183333396911621,12.953332901000977,13.0600004196167,13.100000381469727,888300.0,12.461000442504883
2003-03-11,13.390000343322754,13.100000381469727,13.113333702087402,13.233333587646484,1156200.0,12.587827682495117
2003-03-12,13.350000381469727,13.133333206176758,13.183333396911621,13.306666374206543,1074900.0,12.657581329345703
2003-03-13,13.963333129882812,13.5,13.5,13.930000305175781,2072400.0,13.250513076782227
2003-03-14,14.416666984558105,13.800000190734863,13.899999618530273,14.416666984558105,2934000.0,13.71343994140625
2003-03-17,14.733333587646484,14.116666793823242,14.283333778381348,14.600000381469727,2430000.0,13.88783073425293
2003-03-18,14.699999809265137,14.489999771118164,14.603333473205566,14.666666984558105,1668600.0,13.951244354248047
2003-03-19,15.116666793823242,14.783333778381348,14.833333015441895,15.066666603088379,2046600.0,14.331734657287598
2003-03-20,14.99666690826416,14.770000457763672,14.983333587646484,14.890000343322754,1762200.0,14.163687705993652
2003-03-21,15.266666412353516,14.816666603088379,14.899999618530273,15.236666679382324,2386500.0,14.493438720703125
2003-03-24,15.183333396911621,14.916666984558105,15.15333366394043,15.083333015441895,1528500.0,14.34758472442627
2003-03-25,15.5,15.016666412353516,15.066666603088379,15.359999656677246,1260900.0,14.610760688781738
2003-03-26,15.566666603088379,15.273333549499512,15.366666793823242,15.463333129882812,1457400.0,14.70905590057373
2003-03-27,15.566666603088379,15.350000381469727,15.433333396911621,15.453332901000977,1462200.0,14.699538230895996
2003-03-28,15.543333053588867,15.266666412353516,15.420000076293945,15.466666221618652,1225500.0,14.712223052978516
2003-03-31,15.526666641235352,15.066666603088379,15.449999809265137,15.416666984558105,1117800.0,14.664661407470703
2003-04-01,15.466666221618652,15.263333320617676,15.420000076293945,15.34000015258789,1395300.0,14.591734886169434
2003-04-02,15.859999656677246,15.5,15.5,15.736666679382324,1199400.0,14.969051361083984
2003-04-03,16.100000381469727,15.729999542236328,15.796667098999023,15.943333625793457,1178100.0,15.165637969970703
2003-04-04,16.149999618530273,15.883333206176758,16.0,16.08333396911621,1061100.0,15.298806190490723
2003-04-07,16.71666717529297,16.116666793823242,16.366666793823242,16.16666603088379,1277400.0,15.378077507019043
2003-04-08,16.266666412353516,15.970000267028809,16.170000076293945,16.0,978600.0,15.219538688659668
2003-04-09,16.0,15.466666221618652,16.0,15.510000228881836,1707000.0,14.75344467163086
2003-04-10,15.760000228881836,15.366666793823242,15.510000228881836,15.743332862854004,1338300.0,14.975390434265137
2003-04-11,15.850000381469727,15.556666374206543,15.800000190734863,15.699999809265137,690600.0,14.934174537658691
2003-04-14,15.993332862854004,15.65333366394043,15.816666603088379,15.979999542236328,1039200.0,15.200511932373047
2003-04-15,16.03333282470703,15.833333015441895,15.899999618530273,15.949999809265137,911700.0,15.171979904174805
2003-04-16,16.08333396911621,15.493332862854004,16.0,15.613333702087402,752400.0,14.851734161376953
2003-04-17,15.989999771118164,15.600000381469727,15.613333702087402,15.893333435058594,879600.0,15.11807918548584
2003-04-21,16.049999237060547,15.866666793823242,15.893333435058594,15.986666679382324,880200.0,15.206857681274414
2003-04-22,16.6733341217041,15.850000381469727,15.953332901000977,16.50666618347168,1470000.0,15.701486587524414
2003-04-23,16.883333206176758,16.406665802001953,16.5,16.803333282470703,1153800.0,15.983687400817871
2003-04-24,16.78333282470703,16.616666793823242,16.71666717529297,16.719999313354492,663900.0,15.904419898986816
2003-04-25,16.729999542236328,16.55666732788086,16.636667251586914,16.649999618530273,560700.0,15.837831497192383
2003-04-28,16.790000915527344,16.600000381469727,16.616666793823242,16.683332443237305,998100.0,15.86954116821289
2003-04-29,16.983333587646484,16.65333366394043,16.683332443237305,16.829999923706055,1777200.0,16.00905418395996
2003-04-30,16.78333282470703,16.520000457763672,16.78333282470703,16.579999923706055,1919700.0,15.771245956420898
2003-05-01,16.516666412353516,16.079999923706055,16.5,16.383333206176758,2149200.0,15.584173202514648
2003-05-02,16.9233341217041,16.33333396911621,16.366666793823242,16.706666946411133,1259100.0,15.891725540161133
2003-05-05,17.18000030517578,16.706666946411133,16.706666946411133,17.06999969482422,1290600.0,16.23733901977539
2003-05-06,17.56999969482422,17.08333396911621,17.116666793823242,17.413333892822266,1051800.0,16.563932418823242
2003-05-07,17.53333282470703,17.200000762939453,17.329999923706055,17.239999771118164,932700.0,16.3990478515625
2003-05-08,17.483333587646484,17.079999923706055,17.156665802001953,17.433332443237305,1002600.0,16.582956314086914
2003-05-09,17.796667098999023,17.393333435058594,17.5,17.770000457763672,1442100.0,16.903196334838867
2003-05-12,18.170000076293945,17.66666603088379,17.78333282470703,18.023332595825195,1617600.0,17.144182205200195
2003-05-13,17.983333587646484,17.553333282470703,17.940000534057617,17.626667022705078,775200.0,16.76686668395996
2003-05-14,17.75,17.356666564941406,17.700000762939453,17.399999618530273,614400.0,16.551244735717773
2003-05-15,19.793333053588867,18.753334045410156,19.03333282470703,19.5,11141400.0,18.548810958862305
2003-05-16,20.16666603088379,19.343334197998047,19.433332443237305,20.16666603088379,3823500.0,19.182958602905273
2003-05-19,20.143333435058594,19.64666748046875,19.66666603088379,19.996665954589844,3967200.0,19.02125358581543
2003-05-20,20.200000762939453,19.616666793823242,20.0,19.726667404174805,2031300.0,18.764427185058594
2003-05-21,19.91666603088379,19.600000381469727,19.726667404174805,19.883333206176758,1245900.0,18.91343879699707
2003-05-22,20.16666603088379,19.843334197998047,19.886667251586914,20.05666732788086,1574700.0,19.078325271606445
2003-05-23,20.343334197998047,19.816667556762695,20.08333396911621,20.16666603088379,1272000.0,19.182958602905273
2003-05-27,20.16666603088379,19.850000381469727,20.16666603088379,19.996665954589844,2463600.0,19.02125358581543
2003-05-28,20.41666603088379,19.52666664123535,19.996665954589844,19.963333129882812,2762700.0,18.98954963684082
2003-05-29,20.049999237060547,19.649999618530273,20.03333282470703,19.700000762939453,1957800.0,18.739059448242188
2003-05-30,20.0,19.71666717529297,19.933332443237305,19.8266658782959,1506000.0,18.859542846679688
2003-06-02,20.906665802001953,19.72333335876465,19.8266658782959,20.700000762939453,2718900.0,19.690275192260742
2003-06-03,20.703332901000977,20.149999618530273,20.703332901000977,20.33333396911621,8162400.0,19.34149932861328
2003-06-04,20.200000762939453,19.96666717529297,20.10333251953125,20.00666618347168,3611400.0,19.030765533447266
2003-06-05,20.350000381469727,19.950000762939453,20.0,20.059999465942383,2137800.0,19.08150291442871
2003-06-06,20.549999237060547,19.950000762939453,20.46666717529297,20.00666618347168,1639200.0,19.030765533447266
2003-06-09,19.933332443237305,19.639999389648438,19.933332443237305,19.676666259765625,1180500.0,18.71686553955078
2003-06-10,20.34000015258789,19.68666648864746,19.74333381652832,20.34000015258789,1513800.0,19.34783363342285
2003-06-11,20.633333206176758,20.183332443237305,20.343334197998047,20.33333396911621,1659600.0,19.34149932861328
2003-06-12,20.46666717529297,20.16666603088379,20.399999618530273,20.290000915527344,710700.0,19.300281524658203
2003-06-13,20.226667404174805,19.946666717529297,20.22333335876465,20.03333282470703,771900.0,19.05613136291504
2003-06-16,20.44333267211914,20.1733341217041,20.183332443237305,20.329999923706055,1243200.0,19.33833122253418
2003-06-17,20.753334045410156,20.263334274291992,20.33333396911621,20.55666732788086,1410900.0,19.553943634033203
2003-06-18,20.59000015258789,19.933332443237305,20.55666732788086,20.156665802001953,2478600.0,19.173446655273438
2003-06-19,20.183332443237305,19.66666603088379,20.183332443237305,19.700000762939453,2583900.0,18.739059448242188
2003-06-20,19.860000610351562,19.40999984741211,19.78333282470703,19.573333740234375,2967000.0,18.61857032775879
2003-06-23,19.573333740234375,18.933332443237305,19.573333740234375,19.21666717529297,2531700.0,18.279294967651367
2003-06-24,19.99333381652832,19.25,19.25,19.739999771118164,1864500.0,18.77711296081543
2003-06-25,20.27666664123535,19.66666603088379,19.71666717529297,19.96666717529297,1821900.0,18.992713928222656
2003-06-26,20.053333282470703,19.66666603088379,19.996665954589844,20.0,1215300.0,19.02442169189453
2003-06-27,20.3266658782959,19.836666107177734,20.0,20.079999923706055,753300.0,19.100522994995117
2003-06-30,20.299999237060547,19.33333396911621,20.079999923706055,20.299999237060547,3789600.0,19.309795379638672
2003-07-01,20.209999084472656,19.766666412353516,20.133333206176758,20.149999618530273,1873800.0,19.1671085357666
2003-07-02,20.3799991607666,19.94333267211914,20.08333396911621,20.24333381652832,1074900.0,19.255889892578125
2003-07-03,20.676666259765625,20.209999084472656,20.24333381652832,20.59000015258789,856200.0,19.585647583007812
2003-07-07,20.893333435058594,20.543333053588867,20.766666412353516,20.543333053588867,1349700.0,19.541257858276367
2003-07-08,21.233333587646484,20.523332595825195,20.566667556762695,21.233333587646484,1936500.0,20.197599411010742
2003-07-09,21.440000534057617,20.90333366394043,21.200000762939453,20.950000762939453,1354200.0,19.928083419799805
2003-07-10,20.97333335876465,20.633333206176758,20.899999618530273,20.683332443237305,1148100.0,19.674428939819336
2003-07-11,21.209999084472656,20.700000762939453,20.739999771118164,21.170000076293945,1018800.0,20.137357711791992
2003-07-14,22.1299991607666,21.28333282470703,21.28333282470703,21.84666633605957,2355300.0,20.78101348876953
2003-07-15,22.27666664123535,21.766666412353516,21.983333587646484,22.123332977294922,1314300.0,21.044185638427734
2003-07-16,22.09000015258789,21.726667404174805,22.09000015258789,21.91666603088379,681300.0,20.84760856628418
2003-07-17,21.799999237060547,21.40333366394043,21.683332443237305,21.53333282470703,1467300.0,20.48296356201172
2003-07-18,21.799999237060547,21.516666412353516,21.600000381469727,21.733333587646484,440100.0,20.673208236694336
2003-07-21,21.719999313354492,21.456666946411133,21.71666717529297,21.5766658782959,525600.0,20.5241756439209
2003-07-22,22.049999237060547,21.399999618530273,21.5766658782959,21.959999084472656,744900.0,20.888818740844727
2003-07-23,22.25,21.860000610351562,22.100000381469727,22.030000686645508,663000.0,20.955411911010742
2003-07-24,22.639999389648438,22.093334197998047,22.113332748413086,22.33333396911621,1659300.0,21.243938446044922
2003-07-25,22.670000076293945,22.33333396911621,22.366666793823242,22.6299991607666,537000.0,21.526142120361328
2003-07-28,23.0,22.573333740234375,22.633333206176758,22.616666793823242,956400.0,21.51345443725586
2003-07-29,22.64666748046875,22.350000381469727,22.6299991607666,22.483333587646484,910800.0,21.386629104614258
2003-07-30,22.5,22.299999237060547,22.496665954589844,22.5,1111200.0,21.402481079101562
2003-07-31,22.816667556762695,22.516666412353516,22.5766658782959,22.643333435058594,1267500.0,21.5388240814209
2003-08-01,22.78333282470703,22.546667098999023,22.643333435058594,22.663333892822266,672000.0,21.557846069335938
2003-08-04,23.043333053588867,22.656665802001953,22.766666412353516,23.00666618347168,1165500.0,21.884422302246094
2003-08-05,22.93666648864746,22.663333892822266,22.933332443237305,22.700000762939453,1671000.0,21.592714309692383
2003-08-06,22.766666412353516,22.14666748046875,22.766666412353516,22.16666603088379,2883300.0,21.085399627685547
2003-08-07,22.476667404174805,21.586666107177734,22.170000076293945,22.040000915527344,4259400.0,20.964914321899414
2003-08-08,22.956666946411133,22.049999237060547,22.049999237060547,22.84666633605957,2049300.0,21.73223876953125
2003-08-11,22.97333335876465,22.700000762939453,22.863332748413086,22.700000762939453,1040400.0,21.592714309692383
2003-08-12,22.913333892822266,22.683332443237305,22.726667404174805,22.90333366394043,1057200.0,21.786136627197266
2003-08-13,23.816667556762695,23.233333587646484,23.33333396911621,23.66666603088379,2874900.0,22.51224136352539
2003-08-14,24.389999389648438,23.66666603088379,23.733333587646484,24.336666107177734,2221200.0,23.14954948425293
2003-08-15,24.316667556762695,23.899999618530273,24.316667556762695,24.273332595825195,334200.0,23.089313507080078
2003-08-18,24.3799991607666,23.940000534057617,23.940000534057617,24.336666107177734,1291800.0,23.14954948425293
2003-08-19,24.703332901000977,24.316667556762695,24.413333892822266,24.376667022705078,1739100.0,23.187604904174805
2003-08-20,24.110000610351562,23.75,23.83333396911621,24.0,2921700.0,22.82931137084961
2003-08-21,24.780000686645508,24.066667556762695,24.08333396911621,24.683332443237305,1967700.0,23.47930908203125
2003-08-22,25.066667556762695,24.566667556762695,24.883333206176758,24.573333740234375,777600.0,23.374677658081055
2003-08-25,24.68666648864746,24.41666603088379,24.549999237060547,24.66666603088379,638400.0,23.463457107543945
2003-08-26,25.0,24.496665954589844,24.670000076293945,25.0,1281600.0,23.780529022216797
2003-08-27,25.0,24.566667556762695,25.0,24.719999313354492,945600.0,23.514188766479492
2003-08-28,24.733333587646484,23.90999984741211,24.266666412353516,24.676666259765625,1921500.0,23.472976684570312
2003-08-29,24.90999984741211,24.5766658782959,24.649999618530273,24.883333206176758,1074000.0,23.66954803466797
2003-09-02,24.713333129882812,24.28333282470703,24.46666717529297,24.456666946411133,2169900.0,23.263702392578125
2003-09-03,24.486665725708008,24.393333435058594,24.459999084472656,24.43666648864746,1533600.0,23.244672775268555
2003-09-04,24.566667556762695,24.40333366394043,24.440000534057617,24.47333335876465,1914300.0,23.279550552368164
2003-09-05,23.969999313354492,23.866666793823242,23.899999618530273,23.873332977294922,3068700.0,22.70882225036621
2003-09-08,24.03333282470703,23.876667022705078,23.876667022705078,23.983333587646484,1017900.0,22.813461303710938
2003-09-09,23.90333366394043,22.913333892822266,23.899999618530273,22.96666717529297,2114100.0,21.84638214111328
2003-09-10,23.6299991607666,23.049999237060547,23.049999237060547,23.3266658782959,1408800.0,22.188819885253906
2003-09-11,23.483333587646484,23.16666603088379,23.3266658782959,23.3266658782959,507600.0,22.188819885253906
2003-09-12,23.393333435058594,23.106666564941406,23.3266658782959,23.30666732788086,557400.0,22.169795989990234
2003-09-15,23.663333892822266,23.33333396911621,23.33333396911621,23.53333282470703,705900.0,22.385408401489258
2003-09-16,23.639999389648438,23.260000228881836,23.530000686645508,23.626667022705078,503100.0,22.474193572998047
2003-09-17,23.639999389648438,23.463333129882812,23.626667022705078,23.639999389648438,407400.0,22.48686981201172
2003-09-18,24.043333053588867,23.579999923706055,23.639999389648438,23.946666717529297,596400.0,22.778575897216797
2003-09-19,23.950000762939453,23.5766658782959,23.950000762939453,23.719999313354492,782400.0,22.562971115112305
2003-09-22,24.066667556762695,23.520000457763672,23.616666793823242,23.860000610351562,1020000.0,22.696138381958008
2003-09-23,24.649999618530273,23.633333206176758,23.816667556762695,24.59666633605957,2029800.0,23.396867752075195
2003-09-24,24.8799991607666,24.31333351135254,24.59666633605957,24.34666633605957,1161300.0,23.159069061279297
2003-09-25,24.383333206176758,23.633333206176758,24.366666793823242,23.633333206176758,629100.0,22.480527877807617
2003-09-26,23.719999313354492,23.40333366394043,23.636667251586914,23.459999084472656,806400.0,22.315649032592773
2003-09-29,23.616666793823242,23.05666732788086,23.49333381652832,23.34000015258789,1077600.0,22.201507568359375
2003-09-30,23.996665954589844,23.28333282470703,23.34000015258789,23.633333206176758,1254900.0,22.480527877807617
2003-10-01,24.510000228881836,23.65333366394043,23.683332443237305,24.496665954589844,1276500.0,23.301742553710938
2003-10-02,24.763334274291992,24.47333335876465,24.606666564941406,24.656665802001953,908400.0,23.453947067260742
2003-10-03,24.983333587646484,24.639999389648438,24.866666793823242,24.66666603088379,971700.0,23.463457107543945
2003-10-06,24.91666603088379,24.28333282470703,24.616666793823242,24.906665802001953,1620900.0,23.69174575805664
2003-10-07,24.90333366394043,24.74333381652832,24.84000015258789,24.8799991607666,862800.0,23.6663875579834
2003-10-08,24.893333435058594,24.593334197998047,24.8799991607666,24.593334197998047,453900.0,23.393707275390625
2003-10-09,25.176666259765625,24.726667404174805,24.733333587646484,24.89666748046875,923700.0,23.682231903076172
2003-10-10,25.16666603088379,24.81999969482422,24.93000030517578,24.84666633605957,357000.0,23.634672164916992
2003-10-13,25.149999618530273,24.913333892822266,24.913333892822266,25.149999618530273,517800.0,23.923215866088867
2003-10-14,25.483333587646484,24.933332443237305,25.100000381469727,25.343334197998047,477900.0,24.107118606567383
2003-10-15,25.72333335876465,25.309999465942383,25.450000762939453,25.33333396911621,1314600.0,24.09760856628418
2003-10-16,25.170000076293945,24.83333396911621,25.16666603088379,24.963333129882812,1295400.0,23.745655059814453
2003-10-17,24.963333129882812,24.649999618530273,24.963333129882812,24.676666259765625,407700.0,23.472976684570312
2003-10-20,24.780000686645508,24.543333053588867,24.643333435058594,24.66666603088379,488400.0,23.463457107543945
2003-10-21,24.649999618530273,24.386667251586914,24.633333206176758,24.52666664123535,952800.0,23.330284118652344
2003-10-22,24.58333396911621,24.383333206176758,24.5,24.53333282470703,1056600.0,23.33662223815918
2003-10-23,24.940000534057617,24.523332595825195,24.53333282470703,24.836666107177734,538200.0,23.625167846679688
2003-10-24,25.139999389648438,24.83333396911621,24.836666107177734,25.053333282470703,753300.0,23.83127212524414
2003-10-27,25.75,25.053333282470703,25.053333282470703,25.670000076293945,997200.0,24.417844772338867
2003-10-28,26.233333587646484,25.700000762939453,25.700000762939453,26.1733341217041,1001400.0,24.896629333496094
2003-10-29,26.316667556762695,25.886667251586914,26.10333251953125,26.066667556762695,1374600.0,24.795169830322266
2003-10-30,26.83333396911621,26.25,26.66666603088379,26.47333335876465,3045900.0,25.1820011138916
2003-10-31,26.47333335876465,25.77666664123535,26.47333335876465,26.073333740234375,3199200.0,24.801511764526367
2003-11-03,26.65999984741211,26.170000076293945,26.1733341217041,26.549999237060547,1092300.0,25.254932403564453
2003-11-04,26.766666412353516,26.366666793823242,26.549999237060547,26.386667251586914,1363500.0,25.09956932067871
2003-11-05,26.683332443237305,26.31999969482422,26.386667251586914,26.66666603088379,1205100.0,25.36590003967285
2003-11-06,26.809999465942383,26.469999313354492,26.66666603088379,26.65333366394043,1107000.0,25.35321807861328
2003-11-07,26.8799991607666,26.489999771118164,26.68666648864746,26.66666603088379,1299600.0,25.36590003967285
2003-11-10,26.703332901000977,26.479999542236328,26.616666793823242,26.479999542236328,957300.0,25.18833351135254
2003-11-11,26.46666717529297,26.003334045410156,26.426666259765625,26.286666870117188,1129200.0,25.004432678222656
2003-11-12,26.81999969482422,26.24333381652832,26.286666870117188,26.773332595825195,1063200.0,25.46736717224121
2003-11-13,26.940000534057617,26.623332977294922,26.733333587646484,26.739999771118164,489300.0,25.4356632232666
2003-11-14,27.316667556762695,26.959999084472656,27.08333396911621,27.013334274291992,691500.0,25.69565200805664
2003-11-17,27.049999237060547,26.683332443237305,27.013334274291992,26.823333740234375,1092000.0,25.514934539794922
2003-11-18,26.866666793823242,26.383333206176758,26.8266658782959,26.41666603088379,707100.0,25.12809944152832
2003-11-19,25.90333366394043,25.5,25.899999618530273,25.83333396911621,3565500.0,24.573209762573242
2003-11-20,25.99333381652832,25.639999389648438,25.816667556762695,25.856666564941406,1102200.0,24.595409393310547
2003-11-21,25.979999542236328,25.823333740234375,25.889999389648438,25.93666648864746,930600.0,24.6715087890625
2003-11-24,26.78333282470703,25.96666717529297,25.96666717529297,26.770000457763672,2278500.0,25.46418571472168
2003-11-25,27.149999618530273,26.8266658782959,27.08333396911621,27.066667556762695,1223400.0,25.74639129638672
2003-11-26,27.266666412353516,26.889999389648438,27.0,27.156665802001953,541500.0,25.831995010375977
2003-11-28,27.290000915527344,27.183332443237305,27.22333335876465,27.206666946411133,206700.0,25.87956428527832
2003-12-01,27.53333282470703,27.149999618530273,27.233333587646484,27.46666717529297,1048200.0,26.126869201660156
2003-12-02,27.663333892822266,27.253334045410156,27.433332443237305,27.59666633605957,906900.0,26.250539779663086
2003-12-03,27.883333206176758,27.6733341217041,27.700000762939453,27.676666259765625,845400.0,26.32663345336914
2003-12-04,27.69333267211914,27.049999237060547,27.676666259765625,27.329999923706055,1338300.0,25.996877670288086
2003-12-05,27.293333053588867,26.816667556762695,27.280000686645508,26.906665802001953,795000.0,25.594200134277344
2003-12-08,27.086666107177734,26.709999084472656,26.90999984741211,26.876667022705078,836400.0,25.56565284729004
2003-12-09,27.383333206176758,26.85333251953125,26.85333251953125,26.90333366394043,1199700.0,25.591020584106445
2003-12-10,26.46666717529297,25.113332748413086,26.16666603088379,25.600000381469727,6830700.0,24.351259231567383
2003-12-11,26.133333206176758,25.700000762939453,25.700000762939453,25.996665954589844,2109300.0,24.72858238220215
2003-12-12,26.239999771118164,26.0,26.03333282470703,26.239999771118164,1212600.0,24.960044860839844
2003-12-15,26.53333282470703,26.016666412353516,26.53333282470703,26.06999969482422,1320000.0,24.798343658447266
2003-12-16,26.113332748413086,25.6200008392334,26.08333396911621,25.933332443237305,1110900.0,24.668331146240234
2003-12-17,26.176666259765625,25.683332443237305,25.899999618530273,26.08333396911621,1153800.0,24.811023712158203
2003-12-18,26.770000457763672,26.08333396911621,26.08333396911621,26.633333206176758,1217700.0,25.33419418334961
2003-12-19,26.606666564941406,26.299999237060547,26.299999237060547,26.33333396911621,1663200.0,25.048824310302734
2003-12-22,26.483333587646484,26.116666793823242,26.450000762939453,26.260000228881836,456900.0,24.97907066345215
2003-12-23,26.600000381469727,26.266666412353516,26.293333053588867,26.366666793823242,846900.0,25.08053970336914
2003-12-24,26.399999618530273,26.27666664123535,26.399999618530273,26.299999237060547,218100.0,25.017120361328125
2003-12-26,26.566667556762695,26.226667404174805,26.226667404174805,26.463333129882812,373200.0,25.1724853515625
2003-12-29,26.74333381652832,26.49333381652832,26.5,26.676666259765625,521700.0,25.375410079956055
2003-12-30,27.040000915527344,26.633333206176758,26.649999618530273,27.00666618347168,915600.0,25.68931770324707
2003-12-31,27.71666717529297,27.06999969482422,27.08333396911621,27.133333206176758,1161900.0,25.8098087310791
2004-01-02,27.56333351135254,27.100000381469727,27.226667404174805,27.139999389648438,1102500.0,25.816146850585938
2004-01-05,27.393333435058594,26.68666648864746,27.200000762939453,26.893333435058594,867900.0,25.581506729125977
2004-01-06,27.64666748046875,26.926666259765625,26.933332443237305,27.373332977294922,788800.0,26.038097381591797
2004-01-07,28.5,27.286666870117188,27.413333892822266,28.233333587646484,1385100.0,26.85614585876465
2004-01-08,27.600000381469727,27.0,27.366666793823242,27.486665725708008,1536000.0,26.145902633666992
2004-01-09,27.65999984741211,27.200000762939453,27.33333396911621,27.453332901000977,789300.0,26.114192962646484
2004-01-12,27.81333351135254,27.106666564941406,27.453332901000977,27.780000686645508,931300.0,26.4249210357666
2004-01-13,28.126667022705078,27.719999313354492,27.799999237060547,27.933332443237305,715800.0,26.57077980041504
2004-01-14,28.15333366394043,27.753334045410156,28.0,28.066667556762695,564700.0,26.697614669799805
2004-01-15,28.093334197998047,27.753334045410156,28.059999465942383,27.84666633605957,633300.0,26.48834228515625
2004-01-16,28.053333282470703,27.899999618530273,28.0,27.906665802001953,346300.0,26.545413970947266
2004-01-20,27.873332977294922,27.1733341217041,27.873332977294922,27.393333435058594,765700.0,26.05711555480957
2004-01-21,27.8799991607666,27.299999237060547,27.393333435058594,27.866666793823242,653200.0,26.507368087768555
2004-01-22,28.086666107177734,27.50666618347168,27.66666603088379,27.933332443237305,989500.0,26.57077980041504
2004-01-23,27.99333381652832,27.566667556762695,27.766666412353516,27.746665954589844,666700.0,26.39322280883789
2004-01-26,27.81333351135254,27.280000686645508,27.766666412353516,27.746665954589844,756100.0,26.39322280883789
2004-01-27,27.753334045410156,27.0,27.753334045410156,27.14666748046875,1270900.0,25.82248306274414
2004-01-28,27.366666793823242,26.52666664123535,27.299999237060547,26.566667556762695,700800.0,25.270780563354492
2004-01-29,26.746665954589844,25.68666648864746,26.573333740234375,25.85333251953125,1301500.0,24.59223747253418
2004-01-30,26.286666870117188,25.739999771118164,25.986665725708008,25.946666717529297,941200.0,24.68102264404297
2004-02-02,26.49333381652832,25.600000381469727,26.00666618347168,26.16666603088379,1542600.0,24.890287399291992
2004-02-03,26.46666717529297,25.933332443237305,26.16666603088379,26.266666412353516,958300.0,24.985416412353516
2004-02-04,26.600000381469727,26.113332748413086,26.266666412353516,26.3266658782959,859500.0,25.042476654052734
2004-02-05,27.253334045410156,26.373332977294922,26.373332977294922,26.626667022705078,1363800.0,25.327848434448242
2004-02-06,27.6733341217041,26.66666603088379,26.66666603088379,27.399999618530273,851500.0,26.063467025756836
2004-02-09,27.68000030517578,27.299999237060547,27.33333396911621,27.50666618347168,859900.0,26.164928436279297
2004-02-10,27.65333366394043,27.1733341217041,27.53333282470703,27.280000686645508,1022100.0,25.94931411743164
2004-02-11,27.866666793823242,27.30666732788086,27.33333396911621,27.753334045410156,412300.0,26.39956283569336
2004-02-12,28.1200008392334,27.700000762939453,27.866666793823242,28.046667098999023,811300.0,26.678585052490234
2004-02-13,28.219999313354492,27.893333435058594,28.046667098999023,27.933332443237305,727000.0,26.57077980041504
2004-02-17,28.66666603088379,27.83333396911621,28.03333282470703,28.33333396911621,1178500.0,26.95126724243164
2004-02-18,28.566667556762695,28.013334274291992,28.366666793823242,28.013334274291992,617400.0,26.646879196166992
2004-02-19,28.013334274291992,25.85333251953125,28.013334274291992,26.33333396911621,6204400.0,25.048824310302734
2004-02-20,26.913333892822266,26.546667098999023,26.586666107177734,26.68000030517578,922900.0,25.378582000732422
2004-02-23,26.786666870117188,26.200000762939453,26.766666412353516,26.206666946411133,807900.0,24.9283390045166
2004-02-24,26.399999618530273,25.946666717529297,25.96666717529297,26.0,796300.0,24.73175048828125
2004-02-25,26.299999237060547,25.920000076293945,26.079999923706055,26.066667556762695,914400.0,24.795169830322266
2004-02-26,26.719999313354492,25.926666259765625,26.213333129882812,26.700000762939453,753000.0,25.39760971069336
2004-02-27,26.746665954589844,26.15999984741211,26.66666603088379,26.299999237060547,1444800.0,25.017120361328125
2004-03-01,26.69333267211914,26.239999771118164,26.633333206176758,26.600000381469727,1155600.0,25.302494049072266
2004-03-02,26.940000534057617,26.53333282470703,26.53333282470703,26.66666603088379,1038900.0,25.36590003967285
2004-03-03,26.486665725708008,26.02666664123535,26.133333206176758,26.393333435058594,1459800.0,25.105899810791016
2004-03-04,27.02666664123535,26.393333435058594,26.433332443237305,26.953332901000977,1104600.0,25.638582229614258
2004-03-05,27.80666732788086,26.85333251953125,26.953332901000977,27.600000381469727,1009200.0,26.253707885742188
2004-03-08,27.733333587646484,27.5,27.606666564941406,27.700000762939453,1310800.0,26.34882354736328
2004-03-09,27.726667404174805,27.393333435058594,27.65999984741211,27.486665725708008,813000.0,26.145902633666992
2004-03-10,27.753334045410156,27.14666748046875,27.446666717529297,27.14666748046875,1136200.0,25.82248306274414
2004-03-11,27.34000015258789,26.66666603088379,27.106666564941406,26.739999771118164,654400.0,25.4356632232666
2004-03-12,26.8799991607666,26.47333335876465,26.873332977294922,26.573333740234375,755400.0,25.277118682861328
2004-03-15,26.65999984741211,26.433332443237305,26.520000457763672,26.540000915527344,1092100.0,25.24541473388672
2004-03-16,26.65333366394043,26.360000610351562,26.53333282470703,26.479999542236328,355000.0,25.18833351135254
2004-03-17,26.68666648864746,26.546667098999023,26.586666107177734,26.606666564941406,289800.0,25.308820724487305
2004-03-18,26.6733341217041,26.373332977294922,26.633333206176758,26.53333282470703,548100.0,25.239072799682617
2004-03-19,26.626667022705078,26.126667022705078,26.540000915527344,26.126667022705078,782500.0,24.852237701416016
2004-03-22,26.0,25.513334274291992,26.0,25.68666648864746,522100.0,24.43369483947754
2004-03-23,25.99333381652832,25.600000381469727,25.68666648864746,25.719999313354492,702300.0,24.465408325195312
2004-03-24,26.079999923706055,25.446666717529297,25.633333206176758,25.899999618530273,848800.0,24.63663101196289
2004-03-25,26.5,25.96666717529297,26.03333282470703,26.200000762939453,789100.0,24.922000885009766
2004-03-26,26.360000610351562,26.073333740234375,26.266666412353516,26.1200008392334,809700.0,24.845895767211914
2004-03-29,26.53333282470703,26.133333206176758,26.14666748046875,26.253334045410156,572800.0,24.972726821899414
2004-03-30,26.65999984741211,26.200000762939453,26.200000762939453,26.600000381469727,591400.0,25.302494049072266
2004-03-31,27.233333587646484,26.65999984741211,26.66666603088379,27.113332748413086,623200.0,25.79078483581543
2004-04-01,27.280000686645508,26.81333351135254,27.15999984741211,26.906665802001953,556300.0,25.594200134277344
2004-04-02,27.399999618530273,26.266666412353516,27.066667556762695,26.633333206176758,1399000.0,25.33419418334961
2004-04-05,27.433332443237305,26.726667404174805,26.733333587646484,27.420000076293945,1288500.0,26.082489013671875
2004-04-06,27.513334274291992,27.299999237060547,27.420000076293945,27.360000610351562,570600.0,26.025419235229492
2004-04-07,27.50666618347168,27.18666648864746,27.399999618530273,27.399999618530273,712600.0,26.063467025756836
2004-04-08,27.600000381469727,27.30666732788086,27.53333282470703,27.35333251953125,366900.0,26.019065856933594
2004-04-12,27.46666717529297,27.200000762939453,27.35333251953125,27.440000534057617,256500.0,26.101512908935547
2004-04-13,27.593334197998047,27.00666618347168,27.386667251586914,27.253334045410156,670900.0,25.9239501953125
2004-04-14,27.34666633605957,26.940000534057617,26.959999084472656,27.1200008392334,854400.0,25.797119140625
2004-04-15,27.299999237060547,26.946666717529297,27.266666412353516,27.106666564941406,557200.0,25.784442901611328
2004-04-16,27.393333435058594,26.946666717529297,27.14666748046875,27.293333053588867,409800.0,25.961999893188477
2004-04-19,27.46666717529297,27.253334045410156,27.366666793823242,27.406665802001953,490500.0,26.069807052612305
2004-04-20,28.766666412353516,27.433332443237305,27.433332443237305,28.14666748046875,1414000.0,26.773712158203125
2004-04-21,28.66666603088379,28.126667022705078,28.14666748046875,28.600000381469727,916500.0,27.20492935180664
2004-04-22,29.606666564941406,28.80666732788086,28.8799991607666,29.553333282470703,879900.0,28.111759185791016
2004-04-23,29.520000457763672,29.213333129882812,29.520000457763672,29.486665725708008,821100.0,28.04833984375
2004-04-26,29.486665725708008,28.753334045410156,29.299999237060547,28.793333053588867,660900.0,27.388830184936523
2004-04-27,29.440000534057617,28.766666412353516,28.793333053588867,29.433332443237305,546700.0,27.99761199951172
2004-04-28,29.593334197998047,28.96666717529297,29.366666793823242,28.986665725708008,720700.0,27.57273292541504
2004-04-29,28.96666717529297,28.6200008392334,28.83333396911621,28.68666648864746,534600.0,27.287372589111328
2004-04-30,29.03333282470703,28.606666564941406,28.68666648864746,28.766666412353516,505200.0,27.363462448120117
2004-05-03,29.19333267211914,28.633333206176758,28.66666603088379,29.040000915527344,1053000.0,27.623470306396484
2004-05-04,28.986665725708008,28.226667404174805,28.96666717529297,28.5,811000.0,27.109804153442383
2004-05-05,29.266666412353516,28.3266658782959,28.479999542236328,29.253334045410156,798300.0,27.826385498046875
2004-05-06,29.106666564941406,28.33333396911621,29.100000381469727,28.366666793823242,561400.0,26.98297691345215
2004-05-07,28.31999969482422,27.746665954589844,28.266666412353516,27.85333251953125,658000.0,26.49468994140625
2004-05-10,27.600000381469727,26.746665954589844,27.600000381469727,27.0,931500.0,25.68297576904297
2004-05-11,27.83333396911621,27.18666648864746,27.18666648864746,27.53333282470703,428100.0,26.190284729003906
2004-05-12,27.766666412353516,26.799999237060547,27.299999237060547,27.766666412353516,693700.0,26.412240982055664
2004-05-13,27.873332977294922,27.106666564941406,27.68000030517578,27.83333396911621,928200.0,26.47566032409668
2004-05-14,27.986665725708008,27.31999969482422,27.746665954589844,27.65333366394043,312100.0,26.304439544677734
2004-05-17,27.65333366394043,27.113332748413086,27.65333366394043,27.19333267211914,399400.0,25.866870880126953
2004-05-18,28.040000915527344,27.46666717529297,27.5,28.00666618347168,1058200.0,26.640535354614258
2004-05-19,28.786666870117188,28.299999237060547,28.33333396911621,28.46666717529297,1473300.0,27.078096389770508
2004-05-20,27.786666870117188,27.0,27.5,27.786666870117188,2530200.0,26.43126678466797
2004-05-21,28.399999618530273,27.726667404174805,27.786666870117188,27.986665725708008,761200.0,26.621517181396484
2004-05-24,28.446666717529297,27.753334045410156,28.366666793823242,28.066667556762695,755200.0,26.697614669799805
2004-05-25,28.373332977294922,27.860000610351562,28.0,28.233333587646484,758500.0,26.85614585876465
2004-05-26,28.633333206176758,28.066667556762695,28.239999771118164,28.293333053588867,482400.0,26.913217544555664
2004-05-27,28.81999969482422,28.233333587646484,28.66666603088379,28.233333587646484,506700.0,26.85614585876465
2004-05-28,28.593334197998047,28.16666603088379,28.33333396911621,28.579999923706055,307200.0,27.185903549194336
2004-06-01,28.600000381469727,28.020000457763672,28.253334045410156,28.299999237060547,570700.0,26.9195556640625
2004-06-02,28.65999984741211,28.16666603088379,28.33333396911621,28.593334197998047,408000.0,27.198585510253906
2004-06-03,28.633333206176758,28.066667556762695,28.633333206176758,28.16666603088379,364600.0,26.792739868164062
2004-06-04,28.266666412353516,27.65333366394043,28.266666412353516,27.986665725708008,721000.0,26.621517181396484
2004-06-07,28.53333282470703,28.0,28.0,28.53333282470703,619200.0,27.141515731811523
2004-06-08,28.85333251953125,28.34000015258789,28.453332901000977,28.83333396911621,499600.0,27.4268798828125
2004-06-09,29.133333206176758,28.66666603088379,28.786666870117188,28.979999542236328,897600.0,27.56638526916504
2004-06-10,29.133333206176758,28.520000457763672,28.986665725708008,28.633333206176758,331600.0,27.236635208129883
2004-06-14,28.933332443237305,28.46666717529297,28.65999984741211,28.906665802001953,574300.0,27.496633529663086
2004-06-15,29.15999984741211,28.68000030517578,28.959999084472656,28.940000534057617,467500.0,27.52834701538086
2004-06-16,29.46666717529297,28.866666793823242,28.946666717529297,29.46666717529297,1102600.0,28.02931785583496
2004-06-17,29.600000381469727,29.34666633605957,29.46666717529297,29.559999465942383,381600.0,28.118099212646484
2004-06-18,29.940000534057617,29.5,29.53333282470703,29.68000030517578,430800.0,28.23224449157715
2004-06-21,30.299999237060547,29.906665802001953,30.0,30.0,963000.0,28.53663444519043
2004-06-22,30.046667098999023,29.34000015258789,30.03333282470703,29.96666717529297,927900.0,28.504934310913086
2004-06-23,30.066667556762695,29.80666732788086,29.97333335876465,29.97333335876465,434100.0,28.511274337768555
2004-06-24,30.16666603088379,29.920000076293945,29.97333335876465,29.946666717529297,682000.0,28.48590660095215
2004-06-25,30.600000381469727,29.946666717529297,29.96666717529297,30.600000381469727,1514700.0,29.107370376586914
2004-06-28,30.780000686645508,30.426666259765625,30.733333587646484,30.606666564941406,778000.0,29.113718032836914
2004-06-29,30.66666603088379,30.013334274291992,30.606666564941406,30.14666748046875,637500.0,28.676149368286133
2004-06-30,29.633333206176758,28.986665725708008,29.566667556762695,29.453332901000977,2075200.0,28.016633987426758
2004-07-01,29.399999618530273,29.1200008392334,29.366666793823242,29.18000030517578,940800.0,27.756633758544922
2004-07-02,29.093334197998047,28.899999618530273,29.079999923706055,28.959999084472656,378400.0,27.547367095947266
2004-07-06,29.133333206176758,28.66666603088379,28.899999618530273,28.773332595825195,619000.0,27.369802474975586
2004-07-07,28.933332443237305,28.446666717529297,28.766666412353516,28.46666717529297,811000.0,27.078096389770508
2004-07-08,27.933332443237305,27.18000030517578,27.766666412353516,27.299999237060547,1899400.0,25.968345642089844
2004-07-09,27.393333435058594,27.246665954589844,27.266666412353516,27.280000686645508,930100.0,25.94931411743164
2004-07-12,27.34666633605957,27.0,27.16666603088379,27.266666412353516,796600.0,25.9366397857666
2004-07-13,27.266666412353516,26.84666633605957,27.266666412353516,26.866666793823242,1290100.0,25.556142807006836
2004-07-14,26.799999237060547,25.49333381652832,26.799999237060547,25.97333335876465,2655700.0,24.706382751464844
2004-07-15,26.5,24.946666717529297,25.600000381469727,25.219999313354492,5747700.0,23.989795684814453
2004-07-16,25.573333740234375,24.8266658782959,25.34666633605957,24.953332901000977,1311900.0,23.73613929748535
2004-07-19,25.18000030517578,23.860000610351562,25.113332748413086,23.899999618530273,2466000.0,22.734188079833984
2004-07-20,24.600000381469727,23.920000076293945,23.946666717529297,24.553333282470703,2110300.0,23.355649948120117
2004-07-21,25.253334045410156,24.64666748046875,24.933332443237305,24.81333351135254,2116000.0,23.602970123291016
2004-07-22,24.83333396911621,24.206666946411133,24.83333396911621,24.213333129882812,1649100.0,23.03223991394043
2004-07-23,24.420000076293945,24.139999389648438,24.280000686645508,24.139999389648438,1085100.0,22.962480545043945
2004-07-26,24.30666732788086,23.84000015258789,24.200000762939453,24.0,870400.0,22.82931137084961
2004-07-27,24.46666717529297,24.013334274291992,24.059999465942383,24.33333396911621,691300.0,23.146377563476562
2004-07-28,24.239999771118164,23.793333053588867,24.200000762939453,23.959999084472656,1330900.0,22.791263580322266
2004-07-29,24.760000228881836,24.133333206176758,24.133333206176758,24.726667404174805,1093300.0,23.52052879333496
2004-07-30,24.926666259765625,24.50666618347168,24.733333587646484,24.746665954589844,713700.0,23.539552688598633
2004-08-02,24.786666870117188,24.399999618530273,24.613332748413086,24.739999771118164,988600.0,23.533214569091797
2004-08-03,24.799999237060547,24.239999771118164,24.786666870117188,24.33333396911621,1064500.0,23.146377563476562
2004-08-04,24.31333351135254,23.793333053588867,24.30666732788086,23.866666793823242,1098400.0,22.702484130859375
2004-08-05,23.940000534057617,22.866666793823242,23.926666259765625,23.0,1541200.0,21.87809181213379
2004-08-06,23.100000381469727,22.399999618530273,22.953332901000977,22.733333587646484,1164100.0,21.624433517456055
2004-08-09,23.200000762939453,22.753334045410156,22.799999237060547,22.886667251586914,648100.0,21.770278930664062
2004-08-10,23.719999313354492,23.073333740234375,23.133333206176758,23.52666664123535,1101600.0,22.37906837463379
2004-08-11,23.52666664123535,22.793333053588867,23.52666664123535,22.913333892822266,1334500.0,21.79564666748047
2004-08-12,23.16666603088379,22.246665954589844,22.6200008392334,22.399999618530273,3958600.0,21.307350158691406
2004-08-13,22.540000915527344,22.013334274291992,22.399999618530273,22.100000381469727,912300.0,21.021991729736328
2004-08-16,22.8266658782959,22.239999771118164,22.33333396911621,22.760000228881836,1708900.0,21.649799346923828
2004-08-17,23.753334045410156,23.020000457763672,23.100000381469727,23.733333587646484,1652200.0,22.575651168823242
2004-08-18,24.093334197998047,23.573333740234375,23.726667404174805,23.83333396911621,1317600.0,22.670772552490234
2004-08-19,24.15333366394043,23.68000030517578,23.799999237060547,24.15333366394043,1203400.0,22.97516441345215
2004-08-20,24.14666748046875,23.96666717529297,24.0,24.059999465942383,874300.0,22.886384963989258
2004-08-23,24.1200008392334,23.80666732788086,24.066667556762695,23.81333351135254,995400.0,22.651748657226562
2004-08-24,24.03333282470703,23.81999969482422,23.899999618530273,23.866666793823242,2588700.0,22.702484130859375
2004-08-25,24.546667098999023,23.860000610351562,24.133333206176758,24.546667098999023,1379200.0,23.349313735961914
2004-08-26,25.059999465942383,24.366666793823242,24.479999542236328,25.053333282470703,1077600.0,23.83127212524414
2004-08-27,25.053333282470703,24.573333740234375,25.046667098999023,24.84666633605957,2359600.0,23.634672164916992
2004-08-30,25.133333206176758,24.799999237060547,24.913333892822266,25.059999465942383,1179700.0,23.837604522705078
2004-08-31,24.979999542236328,24.6200008392334,24.979999542236328,24.706666946411133,1654800.0,23.501506805419922
2004-09-01,24.913333892822266,24.639999389648438,24.706666946411133,24.893333435058594,771700.0,23.679067611694336
2004-09-02,24.893333435058594,24.64666748046875,24.893333435058594,24.739999771118164,1478100.0,23.533214569091797
2004-09-03,25.02666664123535,24.65999984741211,24.739999771118164,24.96666717529297,814800.0,23.748825073242188
2004-09-07,25.293333053588867,24.96666717529297,24.96666717529297,25.226667404174805,1072500.0,23.99614143371582
2004-09-08,25.266666412353516,25.03333282470703,25.093334197998047,25.14666748046875,2052700.0,23.92005157470703
2004-09-09,25.200000762939453,24.479999542236328,25.066667556762695,24.513334274291992,1520100.0,23.317604064941406
2004-09-10,24.53333282470703,24.0,24.513334274291992,24.14666748046875,1570600.0,22.968822479248047
2004-09-13,24.53333282470703,24.14666748046875,24.226667404174805,24.393333435058594,908100.0,23.203458786010742
2004-09-14,24.373332977294922,23.786666870117188,24.373332977294922,23.8799991607666,1373500.0,22.715167999267578
2004-09-15,24.020000457763672,23.753334045410156,23.8799991607666,23.83333396911621,1213500.0,22.670772552490234
2004-09-16,24.0,23.766666412353516,23.920000076293945,23.906665802001953,1082400.0,22.74053192138672
2004-09-17,24.266666412353516,23.906665802001953,23.959999084472656,23.96666717529297,1274500.0,22.7976016998291
2004-09-20,23.946666717529297,23.586666107177734,23.899999618530273,23.626667022705078,682800.0,22.474193572998047
2004-09-21,23.733333587646484,23.393333435058594,23.613332748413086,23.53333282470703,1102300.0,22.385408401489258
2004-09-22,23.546667098999023,23.03333282470703,23.33333396911621,23.5,2440800.0,22.35370445251465
2004-09-23,23.920000076293945,23.50666618347168,23.520000457763672,23.719999313354492,2120400.0,22.562971115112305
2004-09-24,23.606666564941406,23.31999969482422,23.600000381469727,23.546667098999023,2160100.0,22.398088455200195
2004-09-27,23.433332443237305,23.100000381469727,23.433332443237305,23.219999313354492,1537200.0,22.087360382080078
2004-09-28,23.513334274291992,23.14666748046875,23.200000762939453,23.47333335876465,1495900.0,22.32832908630371
2004-09-29,23.393333435058594,23.133333206176758,23.366666793823242,23.266666412353516,1402000.0,22.131757736206055
2004-09-30,23.33333396911621,22.886667251586914,23.299999237060547,22.933332443237305,1064400.0,21.81466293334961
2004-10-01,23.626667022705078,22.99333381652832,23.0,23.34000015258789,1937400.0,22.201507568359375
2004-10-04,23.933332443237305,23.360000610351562,23.399999618530273,23.84000015258789,1071400.0,22.677114486694336
2004-10-05,24.226667404174805,23.64666748046875,23.84000015258789,24.03333282470703,1275900.0,22.861021041870117
2004-10-06,24.16666603088379,23.760000228881836,24.066667556762695,24.040000915527344,1660500.0,22.86735725402832
2004-10-07,24.16666603088379,23.68000030517578,24.106666564941406,23.746665954589844,1138000.0,22.588333129882812
2004-10-08,23.799999237060547,23.266666412353516,23.746665954589844,23.453332901000977,1104600.0,22.30931282043457
2004-10-11,23.520000457763672,23.16666603088379,23.49333381652832,23.47333335876465,964000.0,22.32832908630371
2004-10-12,23.426666259765625,23.16666603088379,23.426666259765625,23.299999237060547,1551300.0,22.163454055786133
2004-10-13,23.486665725708008,23.00666618347168,23.233333587646484,23.03333282470703,691200.0,21.909805297851562
2004-10-14,23.00666618347168,22.52666664123535,23.0,22.573333740234375,983800.0,21.47223472595215
2004-10-15,22.8266658782959,22.406665802001953,22.66666603088379,22.459999084472656,1281700.0,21.364431381225586
2004-10-18,22.573333740234375,22.280000686645508,22.479999542236328,22.5,1669000.0,21.402481079101562
2004-10-19,23.133333206176758,22.50666618347168,22.50666618347168,22.639999389648438,1555500.0,21.53564453125
2004-10-20,25.913333892822266,24.066667556762695,25.53333282470703,25.80666732788086,5062200.0,24.5478515625
2004-10-21,26.14666748046875,25.46666717529297,25.866666793823242,26.046667098999023,1429000.0,24.776147842407227
2004-10-22,26.126667022705078,25.733333587646484,26.03333282470703,25.906665802001953,657100.0,24.642976760864258
2004-10-25,25.83333396911621,25.34000015258789,25.83333396911621,25.626667022705078,850600.0,24.376632690429688
2004-10-26,26.040000915527344,25.546667098999023,25.600000381469727,26.040000915527344,526500.0,24.769804000854492
2004-10-27,26.18000030517578,25.866666793823242,25.899999618530273,26.106666564941406,1581900.0,24.833219528198242
2004-10-28,26.33333396911621,25.953332901000977,26.053333282470703,26.213333129882812,606300.0,24.934680938720703
2004-10-29,26.299999237060547,25.66666603088379,26.280000686645508,26.079999923706055,853600.0,24.807846069335938
2004-11-01,26.266666412353516,25.799999237060547,25.96666717529297,26.266666412353516,1051800.0,24.985416412353516
2004-11-02,26.31333351135254,25.886667251586914,26.219999313354492,25.933332443237305,1171800.0,24.668331146240234
2004-11-03,26.46666717529297,26.066667556762695,26.233333587646484,26.286666870117188,930900.0,25.004432678222656
2004-11-04,27.106666564941406,26.0,26.266666412353516,27.066667556762695,1416900.0,25.74639129638672
2004-11-05,27.979999542236328,27.16666603088379,27.16666603088379,27.700000762939453,1456900.0,26.34882354736328
2004-11-08,27.66666603088379,27.35333251953125,27.66666603088379,27.406665802001953,1216200.0,26.069807052612305
2004-11-09,27.433332443237305,27.03333282470703,27.33333396911621,27.1733341217041,819000.0,25.847854614257812
2004-11-10,27.739999771118164,27.133333206176758,27.133333206176758,27.513334274291992,1118400.0,26.1712703704834
2004-11-11,27.920000076293945,27.579999923706055,27.66666603088379,27.8266658782959,810300.0,26.469316482543945
2004-11-12,28.133333206176758,27.733333587646484,27.96666717529297,28.133333206176758,594400.0,26.76102638244629
2004-11-15,28.34000015258789,27.886667251586914,28.133333206176758,28.233333587646484,1028500.0,26.85614585876465
2004-11-16,28.100000381469727,27.780000686645508,28.066667556762695,28.03333282470703,940500.0,26.66590690612793
2004-11-17,28.33333396911621,27.84666633605957,28.133333206176758,27.913333892822266,2159400.0,26.55175018310547
2004-11-18,28.066667556762695,27.793333053588867,27.866666793823242,28.066667556762695,981000.0,26.697614669799805
2004-11-19,28.133333206176758,27.65333366394043,28.03333282470703,27.66666603088379,797200.0,26.317127227783203
2004-11-22,27.68666648864746,27.46666717529297,27.66666603088379,27.566667556762695,932400.0,26.221996307373047
2004-11-23,28.066667556762695,27.733333587646484,27.733333587646484,28.03333282470703,452100.0,26.66590690612793
2004-11-24,28.253334045410156,28.100000381469727,28.113332748413086,28.15999984741211,930300.0,26.786394119262695
2004-11-26,28.3266658782959,28.0,28.1733341217041,28.31999969482422,164100.0,26.938587188720703
2004-11-29,28.479999542236328,28.233333587646484,28.33333396911621,28.280000686645508,614200.0,26.900529861450195
2004-11-30,28.273332595825195,27.453332901000977,28.273332595825195,27.50666618347168,1035000.0,26.164928436279297
2004-12-01,28.066667556762695,27.606666564941406,27.606666564941406,28.0,1413700.0,26.634199142456055
2004-12-02,28.206666946411133,27.920000076293945,28.0,28.133333206176758,880500.0,26.76102638244629
2004-12-03,28.100000381469727,27.933332443237305,28.100000381469727,28.013334274291992,610000.0,26.646879196166992
2004-12-06,27.979999542236328,27.83333396911621,27.979999542236328,27.83333396911621,550200.0,26.47566032409668
2004-12-07,28.053333282470703,27.719999313354492,27.933332443237305,27.786666870117188,804100.0,26.43126678466797
2004-12-08,27.873332977294922,27.733333587646484,27.83333396911621,27.793333053588867,1098100.0,26.43760871887207
2004-12-09,27.899999618530273,27.739999771118164,27.799999237060547,27.766666412353516,1374700.0,26.412240982055664
2004-12-10,27.799999237060547,27.66666603088379,27.719999313354492,27.700000762939453,1026000.0,26.34882354736328
2004-12-13,28.046667098999023,27.746665954589844,27.746665954589844,28.02666664123535,629800.0,26.659555435180664
2004-12-14,28.266666412353516,28.0,28.0,28.133333206176758,746200.0,26.76102638244629
2004-12-15,28.126667022705078,27.83333396911621,28.066667556762695,28.03333282470703,563200.0,26.66590690612793
2004-12-16,28.35333251953125,28.066667556762695,28.066667556762695,28.266666412353516,1172200.0,26.887859344482422
2004-12-17,28.273332595825195,28.079999923706055,28.233333587646484,28.14666748046875,607900.0,26.773712158203125
2004-12-20,28.15999984741211,27.50666618347168,28.15333366394043,27.6200008392334,905500.0,26.272729873657227
2004-12-21,27.6733341217041,27.46666717529297,27.633333206176758,27.50666618347168,705000.0,26.164928436279297
2004-12-22,28.65999984741211,27.933332443237305,28.399999618530273,27.933332443237305,4278600.0,26.57077980041504
2004-12-23,28.066667556762695,27.773332595825195,27.96666717529297,27.8266658782959,1051500.0,26.469316482543945
2004-12-27,28.03333282470703,27.733333587646484,27.8266658782959,27.913333892822266,818400.0,26.55175018310547
2004-12-28,28.559999465942383,28.040000915527344,28.053333282470703,28.486665725708008,8636400.0,27.097124099731445
2004-12-29,28.893333435058594,28.393333435058594,28.486665725708008,28.8799991607666,1699200.0,27.471269607543945
2004-12-30,28.99333381652832,28.760000228881836,28.84000015258789,28.940000534057617,703900.0,27.52834701538086
2004-12-31,29.16666603088379,28.8266658782959,28.866666793823242,29.1200008392334,536200.0,27.699567794799805
2005-01-03,29.49333381652832,29.03333282470703,29.33333396911621,29.03333282470703,1549500.0,27.617124557495117
2005-01-04,29.16666603088379,28.6733341217041,29.100000381469727,28.84000015258789,958600.0,27.43321990966797
2005-01-05,29.18000030517578,28.83333396911621,28.83333396911621,28.893333435058594,738100.0,27.48394775390625
2005-01-06,29.133333206176758,28.83333396911621,29.133333206176758,28.866666793823242,902500.0,27.45857810974121
2005-01-07,29.16666603088379,28.66666603088379,29.066667556762695,28.700000762939453,1221700.0,27.3000545501709
2005-01-10,28.97333335876465,28.700000762939453,28.700000762939453,28.799999237060547,390700.0,27.395172119140625
2005-01-11,29.03333282470703,28.726667404174805,28.766666412353516,28.97333335876465,297100.0,27.560049057006836
2005-01-12,29.139999389648438,28.80666732788086,28.97333335876465,28.866666793823242,663000.0,27.45857810974121
2005-01-13,29.133333206176758,28.746665954589844,28.866666793823242,28.80666732788086,744700.0,27.401512145996094
2005-01-14,29.00666618347168,28.80666732788086,28.920000076293945,28.97333335876465,375100.0,27.560049057006836
2005-01-18,30.200000762939453,28.8266658782959,28.866666793823242,29.713333129882812,680100.0,28.263952255249023
2005-01-19,29.65999984741211,29.03333282470703,29.6200008392334,29.03333282470703,638500.0,27.617124557495117
2005-01-20,29.30666732788086,28.52666664123535,29.03333282470703,28.626667022705078,1112100.0,27.23029327392578
2005-01-21,28.69333267211914,28.5,28.600000381469727,28.546667098999023,851400.0,27.154197692871094
2005-01-24,28.773332595825195,28.15999984741211,28.546667098999023,28.1733341217041,686400.0,26.799076080322266
2005-01-25,28.373332977294922,28.133333206176758,28.1733341217041,28.16666603088379,536400.0,26.792739868164062
2005-01-26,28.53333282470703,28.226667404174805,28.3266658782959,28.239999771118164,424200.0,26.862485885620117
2005-01-27,28.579999923706055,28.260000228881836,28.273332595825195,28.553333282470703,287800.0,27.160539627075195
2005-01-28,28.600000381469727,28.206666946411133,28.553333282470703,28.366666793823242,743500.0,26.98297691345215
2005-01-31,28.793333053588867,28.33333396911621,28.486665725708008,28.733333587646484,307300.0,27.331758499145508
2005-02-01,28.906665802001953,28.639999389648438,28.733333587646484,28.83333396911621,249700.0,27.4268798828125
2005-02-02,28.99333381652832,28.780000686645508,28.83333396911621,28.899999618530273,242400.0,27.49030113220215
2005-02-03,29.16666603088379,28.81333351135254,28.866666793823242,29.16666603088379,864000.0,27.743955612182617
2005-02-04,29.84666633605957,29.15999984741211,29.19333267211914,29.84666633605957,898200.0,28.390785217285156
2005-02-07,30.33333396911621,29.81999969482422,29.84666633605957,30.079999923706055,729700.0,28.612735748291016
2005-02-08,30.266666412353516,30.03333282470703,30.16666603088379,30.093334197998047,801100.0,28.625417709350586
2005-02-09,30.106666564941406,29.579999923706055,30.093334197998047,29.6733341217041,712800.0,28.225908279418945
2005-02-10,29.933332443237305,29.65999984741211,29.6733341217041,29.860000610351562,552700.0,28.403467178344727
2005-02-11,30.126667022705078,29.799999237060547,29.899999618530273,30.053333282470703,629700.0,28.587373733520508
2005-02-14,30.219999313354492,29.979999542236328,30.066667556762695,30.18666648864746,592300.0,28.714202880859375
2005-02-15,30.406665802001953,29.83333396911621,30.233333587646484,29.83333396911621,1019200.0,28.37810516357422
2005-02-16,29.866666793823242,29.53333282470703,29.799999237060547,29.6733341217041,939400.0,28.225908279418945
2005-02-17,34.63999938964844,32.50666809082031,32.93333435058594,34.53333282470703,6045100.0,32.848838806152344
2005-02-18,34.599998474121094,33.733333587646484,34.599998474121094,33.81999969482422,1565200.0,32.170310974121094
2005-02-22,33.70000076293945,33.27333450317383,33.393333435058594,33.37333297729492,1610200.0,31.745431900024414
2005-02-23,33.69333267211914,33.37333297729492,33.37333297729492,33.63333511352539,1360000.0,31.992734909057617
2005-02-24,33.78666687011719,33.393333435058594,33.68000030517578,33.59333419799805,1461000.0,31.954683303833008
2005-02-25,33.926666259765625,33.53333282470703,33.53333282470703,33.83333206176758,615600.0,32.18299865722656
2005-02-28,33.84000015258789,33.233333587646484,33.84000015258789,33.586666107177734,567100.0,31.94835090637207
2005-03-01,34.060001373291016,33.753334045410156,33.753334045410156,33.9466667175293,831900.0,32.290794372558594
2005-03-02,34.7400016784668,33.599998474121094,33.86000061035156,34.65999984741211,1299600.0,32.969322204589844
2005-03-03,34.99333190917969,34.526668548583984,34.65999984741211,34.599998474121094,881500.0,32.91224670410156
2005-03-04,34.97999954223633,34.5,34.68000030517578,34.84000015258789,872100.0,33.14054870605469
2005-03-07,35.099998474121094,34.61333465576172,34.96666717529297,34.779998779296875,1158700.0,33.08347702026367
2005-03-08,34.813331604003906,34.060001373291016,34.779998779296875,34.09333419799805,789600.0,32.43030548095703
2005-03-09,33.939998626708984,33.62666702270508,33.86666488647461,33.71333312988281,688900.0,32.06883239746094
2005-03-10,33.900001525878906,33.49333190917969,33.733333587646484,33.560001373291016,472200.0,31.922996520996094
2005-03-11,33.99333190917969,33.5,33.53333282470703,33.93333435058594,1216000.0,32.27810287475586
2005-03-14,33.926666259765625,33.01333236694336,33.91999816894531,33.086666107177734,2594200.0,31.47274398803711
2005-03-15,33.2400016784668,33.040000915527344,33.13333511352539,33.13999938964844,678000.0,31.523479461669922
2005-03-16,33.32666778564453,32.900001525878906,33.13999938964844,33.279998779296875,706900.0,31.656644821166992
2005-03-17,33.30666732788086,32.77333450317383,33.0533332824707,33.20000076293945,560400.0,31.580541610717773
2005-03-18,33.279998779296875,33.02000045776367,33.2066650390625,33.2599983215332,683700.0,31.637617111206055
2005-03-21,33.266666412353516,32.46666717529297,33.21333312988281,32.46666717529297,1064500.0,30.88298225402832
2005-03-22,33.426666259765625,32.5,32.5,32.71333312988281,1110000.0,31.117612838745117
2005-03-23,32.86666488647461,32.5533332824707,32.61333465576172,32.686668395996094,924400.0,31.092247009277344
2005-03-24,33.33333206176758,32.686668395996094,32.686668395996094,33.0533332824707,537100.0,31.44105339050293
2005-03-28,33.93333435058594,32.913333892822266,32.97999954223633,33.80666732788086,2268600.0,32.15762710571289
2005-03-29,33.753334045410156,33.246665954589844,33.746665954589844,33.33333206176758,1208100.0,31.707378387451172
2005-03-30,33.619998931884766,33.30666732788086,33.36666488647461,33.61333465576172,888700.0,31.97372055053711
2005-03-31,33.86666488647461,33.5,33.70000076293945,33.63333511352539,906000.0,31.992734909057617
2005-04-01,33.96666717529297,33.63999938964844,33.70000076293945,33.79999923706055,1072500.0,32.151275634765625
2005-04-04,34.27333450317383,33.753334045410156,33.880001068115234,34.2066650390625,654600.0,32.538108825683594
2005-04-05,34.58000183105469,34.20000076293945,34.2066650390625,34.5,474700.0,32.81713104248047
2005-04-06,34.7400016784668,34.16666793823242,34.5,34.16666793823242,834000.0,32.50004577636719
2005-04-07,34.27333450317383,33.926666259765625,34.20000076293945,34.2066650390625,495600.0,32.538108825683594
2005-04-08,34.30666732788086,33.8466682434082,34.266666412353516,33.93333435058594,207700.0,32.27810287475586
2005-04-11,34.08000183105469,33.900001525878906,33.959999084472656,34.0,358000.0,32.341522216796875
2005-04-12,34.56666564941406,33.733333587646484,33.98666763305664,34.37333297729492,550300.0,32.69664764404297
2005-04-13,34.4466667175293,33.63333511352539,34.279998779296875,33.70000076293945,676300.0,32.05615234375
2005-04-14,34.0,33.106666564941406,33.81999969482422,33.17333221435547,715600.0,31.55517578125
2005-04-15,33.32666778564453,32.573333740234375,33.266666412353516,32.63333511352539,1170100.0,31.041521072387695
2005-04-18,32.900001525878906,32.459999084472656,32.5,32.63999938964844,803700.0,31.0478572845459
2005-04-19,34.073333740234375,33.16666793823242,33.33333206176758,34.01333236694336,1817800.0,32.35420608520508
2005-04-20,34.099998474121094,33.53333282470703,34.099998474121094,33.56666564941406,904300.0,31.929319381713867
2005-04-21,34.586666107177734,33.526668548583984,34.5,34.0533332824707,951700.0,32.39224624633789
2005-04-22,34.439998626708984,33.606666564941406,34.060001373291016,34.0533332824707,530100.0,32.39224624633789
2005-04-25,34.83333206176758,34.099998474121094,34.18000030517578,34.82666778564453,1053300.0,33.127864837646484
2005-04-26,35.30666732788086,34.619998931884766,34.66666793823242,35.106666564941406,1025200.0,33.39420700073242
2005-04-27,35.8466682434082,35.13333511352539,35.13333511352539,35.68000030517578,1458100.0,33.939579010009766
2005-04-28,35.720001220703125,35.28666687011719,35.46666717529297,35.6533317565918,1833000.0,33.91420364379883
2005-04-29,35.86666488647461,35.400001525878906,35.71333312988281,35.56666564941406,1770900.0,33.831764221191406
2005-05-02,36.06666564941406,35.22666549682617,35.66666793823242,35.380001068115234,983800.0,33.654197692871094
2005-05-03,35.720001220703125,35.36000061035156,35.46666717529297,35.41999816894531,937000.0,33.69225311279297
2005-05-04,36.060001373291016,35.586666107177734,35.61333465576172,35.96666717529297,1578700.0,34.21226501464844
2005-05-05,36.599998474121094,35.913333892822266,36.0,36.573333740234375,808000.0,34.78933334350586
2005-05-06,36.959999084472656,36.540000915527344,36.79999923706055,36.67333221435547,876900.0,34.88444519042969
2005-05-09,36.85333251953125,36.2933349609375,36.70000076293945,36.48666763305664,749500.0,34.706886291503906
2005-05-10,36.6533317565918,36.13999938964844,36.439998626708984,36.28666687011719,528000.0,34.51665115356445
2005-05-11,36.3466682434082,35.753334045410156,36.2933349609375,36.099998474121094,508900.0,34.3390998840332
2005-05-12,36.17333221435547,35.426666259765625,36.13333511352539,35.43333435058594,1081200.0,33.70492935180664
2005-05-13,35.63333511352539,35.233333587646484,35.33333206176758,35.41999816894531,955200.0,33.69225311279297
2005-05-16,35.900001525878906,35.540000915527344,35.70000076293945,35.84000015258789,864900.0,34.091766357421875
2005-05-17,36.86666488647461,35.939998626708984,35.98666763305664,36.53333282470703,1191900.0,34.751285552978516
2005-05-18,37.026668548583984,36.400001525878906,36.66666793823242,36.779998779296875,1276300.0,34.98591232299805
2005-05-19,39.686668395996094,38.66666793823242,39.266666412353516,38.97999954223633,3828000.0,37.07859802246094
2005-05-20,39.900001525878906,38.959999084472656,39.0,39.63333511352539,1834800.0,37.700069427490234
2005-05-23,39.900001525878906,39.43333435058594,39.46666717529297,39.64666748046875,1224100.0,37.71276092529297
2005-05-24,39.70000076293945,39.31999969482422,39.64666748046875,39.48666763305664,1089300.0,37.560550689697266
2005-05-25,39.61333465576172,39.3466682434082,39.526668548583984,39.43333435058594,777600.0,37.509830474853516
2005-05-26,39.91999816894531,39.5,39.91999816894531,39.58000183105469,1035700.0,37.64933776855469
2005-05-27,39.56666564941406,39.03333282470703,39.53333282470703,39.27333450317383,758100.0,37.357635498046875
2005-05-31,39.6533317565918,38.9466667175293,39.439998626708984,39.51333236694336,1812600.0,37.585933685302734
2005-06-01,40.15999984741211,39.413333892822266,39.56666564941406,40.119998931884766,1007800.0,38.16300582885742
2005-06-02,41.0,40.1533317565918,40.186668395996094,40.67333221435547,2045500.0,38.6893424987793
2005-06-03,40.86666488647461,40.400001525878906,40.81999969482422,40.65999984741211,1073800.0,38.67666244506836
2005-06-06,41.49333190917969,40.880001068115234,40.880001068115234,41.2933349609375,1167100.0,39.279117584228516
2005-06-07,41.93333435058594,41.253334045410156,41.266666412353516,41.733333587646484,1246500.0,39.6976203918457
2005-06-08,42.0,41.599998474121094,41.98666763305664,41.68000030517578,1132300.0,39.64690399169922
2005-06-09,42.09333419799805,41.48666763305664,41.63333511352539,42.06666564941406,772900.0,40.01469039916992
2005-06-10,42.33333206176758,41.93333435058594,42.0,42.13333511352539,527700.0,40.078125
2005-06-13,42.16666793823242,41.7599983215332,42.08000183105469,41.83333206176758,823000.0,39.792755126953125
2005-06-14,42.11333465576172,41.746665954589844,41.91999816894531,41.91999816894531,1230100.0,39.87519836425781
2005-06-15,41.926666259765625,41.46666717529297,41.91999816894531,41.733333587646484,1091400.0,39.6976203918457
2005-06-16,41.959999084472656,41.686668395996094,41.72666549682617,41.87333297729492,954700.0,39.8307991027832
2005-06-17,42.28666687011719,41.78666687011719,41.880001068115234,42.19333267211914,1353600.0,40.135189056396484
2005-06-20,42.253334045410156,41.69333267211914,42.19333267211914,42.19333267211914,580300.0,40.135189056396484
2005-06-21,43.00666809082031,42.29999923706055,42.29999923706055,42.85333251953125,603400.0,40.76301193237305
2005-06-22,43.58000183105469,43.026668548583984,43.33333206176758,43.35333251953125,750000.0,41.23860549926758
2005-06-23,43.36000061035156,42.86000061035156,43.33333206176758,43.0,1238500.0,40.90251159667969
2005-06-24,42.98666763305664,42.0,42.96666717529297,42.233333587646484,1219600.0,40.17326354980469
2005-06-27,42.69333267211914,42.21333312988281,42.22666549682617,42.59333419799805,778000.0,40.515689849853516
2005-06-28,43.6533317565918,42.70000076293945,42.70000076293945,43.43333435058594,357700.0,41.31471252441406
2005-06-29,44.03333282470703,43.43333435058594,43.45333480834961,43.48666763305664,670200.0,41.36543273925781
2005-06-30,43.53333282470703,42.939998626708984,43.5,43.03333282470703,647200.0,40.9342155456543
2005-07-01,44.00666809082031,43.15999984741211,43.15999984741211,43.766666412353516,738900.0,41.63179016113281
2005-07-05,44.17333221435547,43.59333419799805,43.766666412353516,43.72666549682617,748900.0,41.5937385559082
2005-07-06,44.01333236694336,42.87333297729492,43.733333587646484,42.93333435058594,831900.0,40.83909606933594
2005-07-07,42.93333435058594,42.2933349609375,42.93333435058594,42.586666107177734,838300.0,40.50934600830078
2005-07-08,42.96666717529297,42.56666564941406,42.62666702270508,42.8466682434082,610600.0,40.756656646728516
2005-07-11,43.08000183105469,42.56666564941406,42.900001525878906,42.619998931884766,628800.0,40.54104232788086
2005-07-12,42.93333435058594,42.393333435058594,42.65999984741211,42.93333435058594,581700.0,40.83909606933594
2005-07-13,43.15999984741211,42.68000030517578,42.93333435058594,42.973331451416016,496800.0,40.877140045166016
2005-07-14,43.926666259765625,43.47999954223633,43.79999923706055,43.5533332824707,957400.0,41.42885971069336
2005-07-15,43.70000076293945,43.266666412353516,43.619998931884766,43.34000015258789,855300.0,41.22591781616211
2005-07-18,44.413333892822266,43.3466682434082,43.380001068115234,44.33333206176758,730900.0,42.170799255371094
2005-07-19,44.68000030517578,43.96666717529297,44.33333206176758,44.6533317565918,856900.0,42.475196838378906
2005-07-20,44.66666793823242,44.11333465576172,44.48666763305664,44.459999084472656,370200.0,42.291290283203125
2005-07-21,44.62666702270508,43.99333190917969,44.62666702270508,44.233333587646484,492100.0,42.075687408447266
2005-07-22,44.7066650390625,43.98666763305664,44.33333206176758,44.20000076293945,420100.0,42.043983459472656
2005-07-25,44.31999969482422,43.5533332824707,44.21333312988281,43.86000061035156,621300.0,41.72057342529297
2005-07-26,44.14666748046875,43.56666564941406,43.98666763305664,43.926666259765625,902800.0,41.78397750854492
2005-07-27,44.22666549682617,43.79999923706055,44.086666107177734,44.13333511352539,644100.0,41.98056411743164
2005-07-28,46.279998779296875,44.266666412353516,44.33333206176758,45.99333190917969,995200.0,43.74982452392578
2005-07-29,46.30666732788086,45.77333450317383,46.02000045776367,45.973331451416016,1069000.0,43.73080825805664
2005-08-01,46.380001068115234,45.959999084472656,45.97999954223633,46.03333282470703,872500.0,43.787879943847656
2005-08-02,47.72666549682617,46.106666564941406,46.33333206176758,47.27333450317383,1411500.0,44.96739959716797
2005-08-03,47.573333740234375,47.1533317565918,47.27333450317383,47.2933349609375,799900.0,44.98642349243164
2005-08-04,46.86666488647461,46.02000045776367,46.86666488647461,46.35333251953125,2976700.0,44.092262268066406
2005-08-05,46.439998626708984,45.91999816894531,46.35333251953125,46.20000076293945,487300.0,43.94641876220703
2005-08-08,46.65999984741211,45.813331604003906,46.31999969482422,45.81999969482422,537400.0,43.58495330810547
2005-08-09,45.8466682434082,44.98666763305664,45.81999969482422,45.65999984741211,1856800.0,43.432762145996094
2005-08-10,47.1533317565918,45.733333587646484,45.733333587646484,46.37333297729492,1558600.0,44.111305236816406
2005-08-11,44.6533317565918,43.266666412353516,44.5,44.0,4201200.0,41.85373306274414
2005-08-12,43.8466682434082,42.00666809082031,43.20000076293945,43.766666412353516,2439400.0,41.63179016113281
2005-08-15,44.060001373291016,43.06666564941406,43.6533317565918,44.02000045776367,1113300.0,41.872764587402344
2005-08-16,43.90666580200195,42.7933349609375,43.90666580200195,42.973331451416016,1824700.0,40.877140045166016
2005-08-17,43.79999923706055,42.540000915527344,42.973331451416016,43.71333312988281,1380600.0,41.581050872802734
2005-08-18,43.733333587646484,43.36000061035156,43.599998474121094,43.65999984741211,1378000.0,41.53032684326172
2005-08-19,42.99333190917969,42.400001525878906,42.56666564941406,42.766666412353516,1757100.0,40.680564880371094
2005-08-22,42.77333450317383,41.3466682434082,42.77333450317383,42.13333511352539,1430100.0,40.078125
2005-08-23,42.526668548583984,40.90666580200195,42.186668395996094,41.400001525878906,2444200.0,39.380550384521484
2005-08-24,41.99333190917969,41.34000015258789,41.426666259765625,41.540000915527344,1589100.0,39.51374435424805
2005-08-25,41.83333206176758,41.2933349609375,41.540000915527344,41.400001525878906,1118200.0,39.380550384521484
2005-08-26,41.52000045776367,40.63999938964844,41.43333435058594,40.77333450317383,1398400.0,38.78447341918945
2005-08-29,41.400001525878906,40.766666412353516,40.77333450317383,41.13333511352539,969300.0,39.126895904541016
2005-08-30,41.33333206176758,40.66666793823242,41.099998474121094,40.733333587646484,1215600.0,38.74639892578125
2005-08-31,41.0533332824707,40.13999938964844,40.62666702270508,40.619998931884766,1607400.0,38.638607025146484
2005-09-01,40.56666564941406,39.5,40.313331604003906,39.573333740234375,1250100.0,37.64299774169922
2005-09-02,39.87333297729492,38.6533317565918,39.79999923706055,38.78666687011719,1433700.0,36.89468765258789
2005-09-06,39.473331451416016,38.96666717529297,38.96666717529297,39.2599983215332,1257100.0,37.3449592590332
2005-09-07,40.939998626708984,39.90666580200195,40.16666793823242,40.720001220703125,1556200.0,38.733726501464844
2005-09-08,40.720001220703125,39.733333587646484,40.720001220703125,40.15999984741211,1426600.0,38.201045989990234
2005-09-09,40.79999923706055,40.09333419799805,40.14666748046875,40.54666519165039,880300.0,38.56884765625
2005-09-12,42.08000183105469,40.56666564941406,40.56666564941406,41.6533317565918,1220200.0,39.621543884277344
2005-09-13,41.70000076293945,40.81999969482422,41.6533317565918,40.87333297729492,1065400.0,38.87959289550781
2005-09-14,41.279998779296875,40.48666763305664,40.9466667175293,40.526668548583984,482700.0,38.549827575683594
2005-09-15,40.7933349609375,40.29999923706055,40.29999923706055,40.63333511352539,853200.0,38.65129089355469
2005-09-16,40.70000076293945,40.13333511352539,40.63333511352539,40.38666534423828,1059400.0,38.416656494140625
2005-09-19,40.606666564941406,39.20000076293945,40.380001068115234,39.29999923706055,962200.0,37.382991790771484
2005-09-20,39.98666763305664,38.7066650390625,39.43333435058594,38.880001068115234,609100.0,36.983482360839844
2005-09-21,38.48666763305664,37.67333221435547,38.40666580200195,37.766666412353516,1737600.0,35.92445755004883
2005-09-22,39.20000076293945,37.813331604003906,38.16666793823242,39.0,872100.0,37.09762191772461
2005-09-23,40.040000915527344,38.766666412353516,39.086666107177734,39.56666564941406,608500.0,37.63665008544922
2005-09-26,40.79999923706055,38.66999816894531,40.5,39.0,1087200.0,37.09762191772461
2005-09-27,39.08000183105469,38.31999969482422,39.08000183105469,38.63999938964844,905100.0,36.75520324707031
2005-09-28,38.75,37.779998779296875,38.63999938964844,37.810001373291016,743000.0,35.965675354003906
2005-09-29,38.290000915527344,37.45000076293945,37.900001525878906,38.2599983215332,1072500.0,36.39372253417969
2005-09-30,39.02000045776367,38.279998779296875,38.29999923706055,38.68000030517578,759200.0,36.79323196411133
2005-10-03,39.16999816894531,38.650001525878906,38.68000030517578,39.0,833700.0,37.09762191772461
2005-10-04,40.0,38.75,39.4900016784668,38.7599983215332,962500.0,36.86934280395508
2005-10-05,38.970001220703125,37.65999984741211,38.70000076293945,37.75,874300.0,35.908607482910156
2005-10-06,39.4900016784668,37.84000015258789,37.869998931884766,38.810001373291016,942500.0,36.916893005371094
2005-10-07,39.040000915527344,38.29999923706055,38.63999938964844,38.790000915527344,396900.0,36.897865295410156
2005-10-10,38.970001220703125,38.36000061035156,38.7599983215332,38.7400016784668,424600.0,36.85032272338867
2005-10-11,39.52000045776367,38.529998779296875,38.88999938964844,38.75,665200.0,36.859825134277344
2005-10-12,38.209999084472656,36.599998474121094,38.20000076293945,37.220001220703125,1436500.0,35.40446472167969
2005-10-13,37.2400016784668,36.599998474121094,37.22999954223633,36.95000076293945,1024200.0,35.147613525390625
2005-10-14,38.369998931884766,36.97999954223633,37.0,37.470001220703125,1482000.0,35.64228057861328
2005-10-17,37.15999984741211,36.560001373291016,36.75,37.02000045776367,714200.0,35.21420669555664
2005-10-18,37.25,36.400001525878906,37.15999984741211,36.869998931884766,736900.0,35.071533203125
2005-10-19,37.599998474121094,36.349998474121094,36.869998931884766,37.56999969482422,842700.0,35.737369537353516
2005-10-20,38.470001220703125,37.290000915527344,37.56999969482422,37.4900016784668,902700.0,35.66128921508789
2005-10-21,37.4900016784668,35.810001373291016,37.4900016784668,35.93000030517578,1900900.0,34.17737579345703
2005-10-24,37.0,35.900001525878906,35.900001525878906,37.0,1287000.0,35.195194244384766
2005-10-25,37.400001525878906,36.63999938964844,37.150001525878906,37.13999938964844,1458800.0,35.328346252441406
2005-10-26,37.11000061035156,36.369998931884766,37.0,36.52000045776367,1282600.0,34.73861312866211
2005-10-27,36.43000030517578,35.400001525878906,36.41999816894531,35.880001068115234,1044600.0,34.12984085083008
2005-10-28,36.84000015258789,35.88999938964844,35.95000076293945,36.59000015258789,863600.0,34.805179595947266
2005-10-31,37.709999084472656,37.0099983215332,37.060001373291016,37.5,1226600.0,35.67080307006836
2005-11-01,37.650001525878906,37.099998474121094,37.5,37.5,1401800.0,35.67080307006836
2005-11-02,39.04999923706055,37.45000076293945,37.5,38.70000076293945,1934800.0,36.812278747558594
2005-11-03,40.63999938964844,39.349998474121094,40.25,39.849998474121094,2751300.0,37.90616989135742
2005-11-04,39.970001220703125,39.130001068115234,39.79999923706055,39.4900016784668,1201900.0,37.563720703125
2005-11-07,40.5,39.70000076293945,40.5,40.04999923706055,1243500.0,38.09640884399414
2005-11-08,39.959999084472656,39.0,39.95000076293945,39.459999084472656,631300.0,37.53519058227539
2005-11-09,40.0,39.310001373291016,39.45000076293945,39.779998779296875,842200.0,37.83958435058594
2005-11-10,40.099998474121094,39.52000045776367,39.779998779296875,39.9900016784668,800300.0,38.039344787597656
2005-11-11,40.45000076293945,39.79999923706055,39.900001525878906,40.38999938964844,621400.0,38.419822692871094
2005-11-14,40.91999816894531,40.29999923706055,40.5,40.689998626708984,1245300.0,38.70518493652344
2005-11-15,40.70000076293945,39.040000915527344,40.650001525878906,39.16999816894531,944900.0,37.25933837890625
2005-11-16,39.38999938964844,38.939998626708984,39.16999816894531,39.27000045776367,724400.0,37.35444641113281
2005-11-17,40.34000015258789,39.400001525878906,39.400001525878906,40.27000045776367,829000.0,38.305667877197266
2005-11-18,41.099998474121094,40.119998931884766,40.709999084472656,41.02000045776367,660000.0,39.019100189208984
2005-11-21,41.880001068115234,41.029998779296875,41.029998779296875,41.86000061035156,1041200.0,39.81813049316406
2005-11-22,42.970001220703125,41.75,41.86000061035156,42.880001068115234,1082600.0,40.78837585449219
2005-11-23,43.0,42.56999969482422,42.75,42.81999969482422,648000.0,40.731285095214844
2005-11-25,43.529998779296875,42.560001373291016,42.900001525878906,43.5,245800.0,41.37812423706055
2005-11-28,43.599998474121094,42.16999816894531,43.599998474121094,42.25,621600.0,40.1890983581543
2005-11-29,42.83000183105469,42.220001220703125,42.369998931884766,42.369998931884766,361700.0,40.30324935913086
2005-11-30,42.91999816894531,42.06999969482422,42.31999969482422,42.34000015258789,559900.0,40.274715423583984
2005-12-01,43.5,42.5,42.58000183105469,43.400001525878906,824300.0,41.28300476074219
2005-12-02,43.88999938964844,43.47999954223633,43.54999923706055,43.88999938964844,590100.0,41.74910354614258
2005-12-05,44.09000015258789,43.33000183105469,43.9900016784668,43.7599983215332,766800.0,41.62545394897461
2005-12-06,44.880001068115234,43.5,43.900001525878906,44.0,1065300.0,41.85373306274414
2005-12-07,44.0099983215332,43.25,44.0,43.5,893800.0,41.37812423706055
2005-12-08,44.189998626708984,43.61000061035156,43.619998931884766,43.810001373291016,736400.0,41.67300796508789
2005-12-09,44.130001068115234,43.400001525878906,43.75,44.08000183105469,630100.0,41.92982864379883
2005-12-12,44.20000076293945,43.150001525878906,44.08000183105469,43.400001525878906,694500.0,41.28300476074219
2005-12-13,43.33000183105469,41.77000045776367,43.31999969482422,42.5,1957700.0,40.42690658569336
2005-12-14,43.54999923706055,42.29999923706055,42.29999923706055,43.029998779296875,670400.0,40.93104553222656
2005-12-15,43.040000915527344,42.43000030517578,43.029998779296875,42.5,813300.0,40.42690658569336
2005-12-16,42.650001525878906,42.099998474121094,42.5099983215332,42.18000030517578,681700.0,40.122520446777344
2005-12-19,42.400001525878906,42.029998779296875,42.2599983215332,42.099998474121094,425000.0,40.04642105102539
2005-12-20,42.560001373291016,41.84000015258789,42.2400016784668,42.310001373291016,561400.0,40.24616622924805
2005-12-21,42.79999923706055,42.2400016784668,42.279998779296875,42.369998931884766,290400.0,40.30324935913086
2005-12-22,42.84000015258789,42.02000045776367,42.36000061035156,42.77000045776367,401000.0,40.68373489379883
2005-12-23,43.439998626708984,42.91999816894531,42.91999816894531,43.13999938964844,213600.0,41.03569412231445
2005-12-27,43.58000183105469,42.41999816894531,43.16999816894531,42.45000076293945,352200.0,40.37935256958008
2005-12-28,43.25,42.470001220703125,42.560001373291016,42.779998779296875,288700.0,40.69324493408203
2005-12-29,42.790000915527344,41.9900016784668,42.5,42.61000061035156,614200.0,40.531532287597656
2005-12-30,43.4900016784668,42.25,42.54999923706055,43.459999084472656,753500.0,41.34008026123047
2006-01-03,43.849998474121094,43.29999923706055,43.470001220703125,43.52000045776367,1613400.0,41.39713668823242
2006-01-04,44.709999084472656,43.650001525878906,43.900001525878906,43.83000183105469,896800.0,41.69203567504883
2006-01-05,44.189998626708984,43.75,43.84000015258789,44.040000915527344,944600.0,41.89179992675781
2006-01-06,44.13999938964844,43.7599983215332,44.04999923706055,43.9900016784668,1078200.0,41.84421157836914
2006-01-09,44.7400016784668,43.900001525878906,43.900001525878906,44.560001373291016,609700.0,42.38642501831055
2006-01-10,44.790000915527344,44.369998931884766,44.5099983215332,44.61000061035156,394800.0,42.433990478515625
2006-01-11,44.59000015258789,43.849998474121094,44.29999923706055,44.22999954223633,707100.0,42.07251739501953
2006-01-12,44.59000015258789,44.22999954223633,44.310001373291016,44.36000061035156,914500.0,42.19618225097656
2006-01-13,44.779998779296875,44.290000915527344,44.29999923706055,44.369998931884766,826600.0,42.20568084716797
2006-01-17,44.470001220703125,43.13999938964844,44.369998931884766,43.5099983215332,1120900.0,41.38762664794922
2006-01-18,43.560001373291016,42.900001525878906,43.20000076293945,43.150001525878906,1337500.0,41.04520797729492
2006-01-19,43.34000015258789,41.869998931884766,43.220001220703125,42.18000030517578,1583100.0,40.122520446777344
2006-01-20,42.779998779296875,41.75,42.18000030517578,41.91999816894531,732000.0,39.87519836425781
2006-01-23,42.45000076293945,41.56999969482422,41.79999923706055,41.619998931884766,797900.0,39.589820861816406
2006-01-24,42.849998474121094,41.779998779296875,41.779998779296875,42.810001373291016,678700.0,40.72179412841797
2006-01-25,43.5,42.72999954223633,42.959999084472656,42.81999969482422,599600.0,40.731285095214844
2006-01-26,43.529998779296875,42.75,42.91999816894531,43.52000045776367,495700.0,41.39713668823242
2006-01-27,43.970001220703125,42.939998626708984,43.56999969482422,43.0099983215332,501200.0,40.91201400756836
2006-01-30,43.34000015258789,42.810001373291016,42.9900016784668,42.90999984741211,842500.0,40.816898345947266
2006-01-31,43.70000076293945,42.790000915527344,42.79999923706055,43.56999969482422,782000.0,41.44470977783203
2006-02-01,43.599998474121094,43.279998779296875,43.5,43.400001525878906,641600.0,41.28300476074219
2006-02-02,43.400001525878906,42.279998779296875,43.20000076293945,42.36000061035156,630200.0,40.293739318847656
2006-02-03,43.54999923706055,42.310001373291016,42.400001525878906,43.380001068115234,622700.0,41.263973236083984
2006-02-06,43.459999084472656,42.79999923706055,43.439998626708984,43.08000183105469,400400.0,40.97861862182617
2006-02-07,43.84000015258789,42.7400016784668,43.84000015258789,42.95000076293945,560500.0,40.8549690246582
2006-02-08,43.650001525878906,42.97999954223633,43.25,43.13999938964844,509500.0,41.03569412231445
2006-02-09,43.849998474121094,43.06999969482422,43.18000030517578,43.5099983215332,656900.0,41.38762664794922
2006-02-10,43.959999084472656,43.40999984741211,43.529998779296875,43.72999954223633,1026500.0,41.596900939941406
2006-02-13,44.5,43.810001373291016,43.86000061035156,44.33000183105469,808400.0,42.16764831542969
2006-02-14,44.560001373291016,44.18000030517578,44.33000183105469,44.5,1157700.0,42.329345703125
2006-02-15,44.459999084472656,43.59000015258789,44.45000076293945,43.90999984741211,1572300.0,41.768123626708984
2006-02-16,43.220001220703125,41.619998931884766,43.0,41.7400016784668,3142700.0,39.703983306884766
2006-02-17,45.5,41.529998779296875,45.5,41.70000076293945,1354200.0,39.66594696044922
2006-02-21,41.849998474121094,40.41999816894531,41.75,40.45000076293945,1595400.0,38.476890563964844
2006-02-22,41.47999954223633,40.25,40.400001525878906,41.22999954223633,1787800.0,39.21884536743164
2006-02-23,41.959999084472656,40.810001373291016,41.099998474121094,41.33000183105469,1182900.0,39.31397247314453
2006-02-24,41.540000915527344,40.84000015258789,41.119998931884766,41.540000915527344,795800.0,39.51374435424805
2006-02-27,41.939998626708984,41.40999984741211,41.5,41.63999938964844,830900.0,39.608856201171875
2006-02-28,41.650001525878906,40.93000030517578,41.560001373291016,41.349998474121094,1270800.0,39.333003997802734
2006-03-01,42.58000183105469,41.15999984741211,41.349998474121094,42.52000045776367,1063500.0,40.445919036865234
2006-03-02,44.060001373291016,42.599998474121094,43.52000045776367,42.619998931884766,1711700.0,40.54104232788086
2006-03-03,42.88999938964844,42.34000015258789,42.41999816894531,42.40999984741211,1153900.0,40.34128952026367
2006-03-06,42.47999954223633,41.79999923706055,42.459999084472656,42.40999984741211,1065300.0,40.34128952026367
2006-03-07,42.70000076293945,42.099998474121094,42.40999984741211,42.439998626708984,978600.0,40.369834899902344
2006-03-08,42.70000076293945,42.099998474121094,42.439998626708984,42.45000076293945,742900.0,40.37935256958008
2006-03-09,42.45000076293945,41.599998474121094,42.45000076293945,41.869998931884766,2104600.0,39.8276481628418
2006-03-10,41.93000030517578,41.09000015258789,41.900001525878906,41.150001525878906,1573600.0,39.14276123046875
2006-03-13,41.810001373291016,40.86000061035156,41.11000061035156,41.189998626708984,1416000.0,39.18080139160156
2006-03-14,41.439998626708984,40.849998474121094,41.130001068115234,41.209999084472656,926400.0,39.1998176574707
2006-03-15,41.9900016784668,41.220001220703125,41.36000061035156,41.900001525878906,1016400.0,39.85616683959961
2006-03-16,42.47999954223633,41.54999923706055,41.939998626708984,41.68000030517578,522900.0,39.64690399169922
2006-03-17,41.86000061035156,40.95000076293945,41.400001525878906,41.540000915527344,866100.0,39.51374435424805
2006-03-20,41.5099983215332,40.900001525878906,41.369998931884766,41.279998779296875,690100.0,39.26640319824219
2006-03-21,41.630001068115234,41.040000915527344,41.189998626708984,41.20000076293945,537800.0,39.19031524658203
2006-03-22,41.66999816894531,41.02000045776367,41.04999923706055,41.540000915527344,602000.0,39.57136535644531
2006-03-23,41.97999954223633,41.529998779296875,41.540000915527344,41.84000015258789,503700.0,39.85713577270508
2006-03-24,42.150001525878906,41.79999923706055,41.84000015258789,42.0,630900.0,40.00955581665039
2006-03-27,41.970001220703125,41.470001220703125,41.95000076293945,41.72999954223633,553200.0,39.75236892700195
2006-03-28,41.79999923706055,41.209999084472656,41.79999923706055,41.279998779296875,548600.0,39.32367706298828
2006-03-29,41.56999969482422,41.29999923706055,41.38999938964844,41.369998931884766,553600.0,39.409420013427734
2006-03-30,41.720001220703125,41.27000045776367,41.47999954223633,41.540000915527344,932600.0,39.57136535644531
2006-03-31,41.91999816894531,41.5099983215332,41.540000915527344,41.63999938964844,453200.0,39.66661834716797
2006-04-03,41.779998779296875,41.34000015258789,41.5,41.56999969482422,954100.0,39.59992599487305
2006-04-04,41.5,40.939998626708984,41.470001220703125,40.95000076293945,1068000.0,39.009315490722656
2006-04-05,41.47999954223633,40.880001068115234,40.959999084472656,41.2400016784668,1392500.0,39.28557586669922
2006-04-06,41.22999954223633,40.88999938964844,41.13999938964844,41.09000015258789,720800.0,39.14269256591797
2006-04-07,41.65999984741211,40.83000183105469,41.16999816894531,41.02000045776367,575600.0,39.07601547241211
2006-04-10,41.310001373291016,40.58000183105469,40.95000076293945,40.59000015258789,546600.0,38.666385650634766
2006-04-11,40.459999084472656,38.61000061035156,40.45000076293945,39.40999984741211,3111500.0,37.54230499267578
2006-04-12,39.900001525878906,39.36000061035156,39.40999984741211,39.81999969482422,1073600.0,37.932884216308594
2006-04-13,40.040000915527344,39.70000076293945,39.70000076293945,39.83000183105469,476900.0,37.94239807128906
2006-04-17,39.84000015258789,39.0,39.77000045776367,39.380001068115234,559400.0,37.51372146606445
2006-04-18,39.43000030517578,38.349998474121094,39.33000183105469,38.93000030517578,1993200.0,37.085060119628906
2006-04-19,39.04999923706055,38.66999816894531,38.880001068115234,38.93000030517578,1213900.0,37.085060119628906
2006-04-20,39.880001068115234,38.75,38.77000045776367,39.5,2196400.0,37.6280517578125
2006-04-21,39.630001068115234,38.720001220703125,39.54999923706055,38.91999816894531,978100.0,37.075523376464844
2006-04-24,38.849998474121094,37.810001373291016,38.849998474121094,38.25,1553500.0,36.43729782104492
2006-04-25,39.279998779296875,38.34000015258789,38.36000061035156,39.029998779296875,1817200.0,37.180328369140625
2006-04-26,38.900001525878906,38.40999984741211,38.900001525878906,38.63999938964844,1337500.0,36.80880355834961
2006-04-27,39.95000076293945,38.43000030517578,38.650001525878906,39.880001068115234,2231400.0,37.990028381347656
2006-04-28,40.400001525878906,39.599998474121094,39.66999816894531,40.220001220703125,1368400.0,38.31391906738281
2006-05-01,40.2599983215332,39.290000915527344,40.11000061035156,39.439998626708984,1340700.0,37.570884704589844
2006-05-02,39.720001220703125,38.45000076293945,39.45000076293945,38.599998474121094,1223100.0,36.770687103271484
2006-05-03,39.060001373291016,38.29999923706055,38.5,38.400001525878906,1200400.0,36.580169677734375
2006-05-04,39.04999923706055,38.33000183105469,38.33000183105469,38.81999969482422,1204500.0,36.98026657104492
2006-05-05,39.77000045776367,38.939998626708984,38.9900016784668,39.65999984741211,1031400.0,37.780452728271484
2006-05-08,40.439998626708984,39.25,39.25,39.81999969482422,1181800.0,37.932884216308594
2006-05-09,42.29999923706055,40.529998779296875,41.70000076293945,40.689998626708984,2339200.0,38.761634826660156
2006-05-10,41.04999923706055,40.31999969482422,40.689998626708984,40.58000183105469,1260600.0,38.656856536865234
2006-05-11,40.970001220703125,40.36000061035156,40.5,40.369998931884766,779200.0,38.4567985534668
2006-05-12,40.599998474121094,40.25,40.380001068115234,40.279998779296875,1115700.0,38.371070861816406
2006-05-15,40.18000030517578,39.40999984741211,40.09000015258789,39.45000076293945,1392800.0,37.58040237426758
2006-05-16,39.63999938964844,38.619998931884766,39.40999984741211,38.66999816894531,1106800.0,36.83736801147461
2006-05-17,38.66999816894531,38.150001525878906,38.34000015258789,38.20000076293945,1220800.0,36.38964080810547
2006-05-18,38.970001220703125,36.9900016784668,37.400001525878906,38.29999923706055,5236400.0,36.48490905761719
2006-05-19,39.95000076293945,38.79999923706055,39.06999969482422,39.04999923706055,1574300.0,37.199363708496094
2006-05-22,38.9900016784668,38.189998626708984,38.93000030517578,38.349998474121094,1444500.0,36.53253936767578
2006-05-23,39.2599983215332,38.04999923706055,38.70000076293945,38.04999923706055,1159200.0,36.24675369262695
2006-05-24,38.59000015258789,37.599998474121094,37.97999954223633,38.16999816894531,1146300.0,36.36106491088867
2006-05-25,38.5099983215332,37.95000076293945,38.380001068115234,38.02000045776367,652600.0,36.218177795410156
2006-05-26,38.20000076293945,37.900001525878906,38.13999938964844,38.0099983215332,384800.0,36.208641052246094
2006-05-30,38.189998626708984,37.34000015258789,38.0,37.43000030517578,498600.0,35.6561393737793
2006-05-31,38.25,37.58000183105469,37.58000183105469,38.119998931884766,1004000.0,36.31343078613281
2006-06-01,38.400001525878906,37.790000915527344,38.119998931884766,37.9900016784668,1282800.0,36.18959426879883
2006-06-02,38.13999938964844,37.470001220703125,38.0,38.0,870500.0,36.19912338256836
2006-06-05,38.04999923706055,37.369998931884766,37.869998931884766,37.41999816894531,683300.0,35.6466178894043
2006-06-06,37.68000030517578,36.70000076293945,37.34000015258789,37.290000915527344,912500.0,35.52275848388672
2006-06-07,37.97999954223633,37.08000183105469,37.27000045776367,37.189998626708984,959100.0,35.42750930786133
2006-06-08,38.119998931884766,36.68000030517578,37.06999969482422,37.900001525878906,1056200.0,36.10386276245117
2006-06-09,38.0099983215332,37.52000045776367,37.810001373291016,37.83000183105469,585500.0,36.03717803955078
2006-06-12,37.81999969482422,36.959999084472656,37.810001373291016,36.9900016784668,770800.0,35.23699951171875
2006-06-13,37.29999923706055,36.470001220703125,36.900001525878906,36.529998779296875,916300.0,34.79879379272461
2006-06-14,37.040000915527344,36.16999816894531,36.4900016784668,36.47999954223633,561200.0,34.75117111206055
2006-06-15,37.650001525878906,36.689998626708984,36.689998626708984,37.619998931884766,739300.0,35.83713150024414
2006-06-16,38.189998626708984,37.400001525878906,37.869998931884766,37.560001373291016,561600.0,35.779972076416016
2006-06-19,37.75,36.91999816894531,37.560001373291016,37.2599983215332,801400.0,35.49419403076172
2006-06-20,37.779998779296875,36.81999969482422,37.349998474121094,36.9900016784668,819200.0,35.23699951171875
2006-06-21,37.61000061035156,36.75,36.95000076293945,37.40999984741211,374900.0,35.69499206542969
2006-06-22,37.540000915527344,36.83000183105469,37.33000183105469,37.06999969482422,377700.0,35.37057113647461
2006-06-23,37.869998931884766,36.88999938964844,36.91999816894531,37.63999938964844,441000.0,35.9144401550293
2006-06-26,38.119998931884766,37.11000061035156,37.619998931884766,37.290000915527344,661000.0,35.580474853515625
2006-06-27,37.349998474121094,36.59000015258789,37.34000015258789,36.65999984741211,418800.0,34.97937774658203
2006-06-28,36.7400016784668,35.79999923706055,36.66999816894531,35.900001525878906,936800.0,34.254215240478516
2006-06-29,30.270000457763672,28.899999618530273,29.270000457763672,29.90999984741211,14007700.0,28.538814544677734
2006-06-30,29.8700008392334,28.399999618530273,29.520000457763672,28.899999618530273,6435800.0,27.575122833251953
2006-07-03,29.510000228881836,28.969999313354492,29.149999618530273,29.469999313354492,2213800.0,28.11898422241211
2006-07-05,29.84000015258789,29.149999618530273,29.530000686645508,29.5,2013000.0,28.14760971069336
2006-07-06,30.010000228881836,29.450000762939453,29.5,29.959999084472656,2461300.0,28.586523056030273
2006-07-07,30.170000076293945,29.510000228881836,30.040000915527344,29.700000762939453,1596700.0,28.33844566345215
2006-07-10,30.0,29.270000457763672,29.799999237060547,29.530000686645508,1069100.0,28.17622947692871
2006-07-11,29.56999969482422,29.149999618530273,29.5,29.290000915527344,1589200.0,27.94723892211914
2006-07-12,29.360000610351562,28.899999618530273,29.25,29.0,1173700.0,27.670530319213867
2006-07-13,29.1299991607666,28.520000457763672,28.889999389648438,28.850000381469727,1215000.0,27.527406692504883
2006-07-14,29.15999984741211,28.6299991607666,28.850000381469727,29.040000915527344,1694900.0,27.70870018005371
2006-07-17,29.25,28.739999771118164,28.920000076293945,28.959999084472656,1357600.0,27.63237190246582
2006-07-18,29.049999237060547,28.670000076293945,28.920000076293945,28.700000762939453,1966800.0,27.38429069519043
2006-07-19,29.399999618530273,28.610000610351562,28.700000762939453,29.360000610351562,1770200.0,28.01403045654297
2006-07-20,29.399999618530273,29.020000457763672,29.299999237060547,29.229999542236328,1865000.0,27.88998794555664
2006-07-21,29.25,28.770000457763672,29.219999313354492,29.239999771118164,1362400.0,27.899534225463867
2006-07-24,29.84000015258789,29.200000762939453,29.270000457763672,29.709999084472656,1277100.0,28.347984313964844
2006-07-25,31.290000915527344,29.770000457763672,29.81999969482422,31.280000686645508,1558000.0,29.846010208129883
2006-07-26,31.950000762939453,31.06999969482422,31.290000915527344,31.510000228881836,1731500.0,30.06546401977539
2006-07-27,31.809999465942383,30.450000762939453,31.540000915527344,30.510000228881836,881900.0,29.111312866210938
2006-07-28,30.989999771118164,30.450000762939453,30.670000076293945,30.520000457763672,1068700.0,29.120847702026367
2006-07-31,30.68000030517578,30.200000762939453,30.420000076293945,30.270000457763672,913200.0,28.882307052612305
2006-08-01,30.270000457763672,29.59000015258789,30.260000228881836,30.059999465942383,826500.0,28.681936264038086
2006-08-02,30.43000030517578,29.850000381469727,29.989999771118164,30.219999313354492,720900.0,28.834596633911133
2006-08-03,30.700000762939453,29.899999618530273,30.09000015258789,30.56999969482422,996500.0,29.168556213378906
2006-08-04,31.059999465942383,30.049999237060547,30.770000457763672,30.5,885100.0,29.101760864257812
2006-08-07,30.5,29.920000076293945,30.329999923706055,30.139999389648438,606200.0,28.758270263671875
2006-08-08,30.399999618530273,29.520000457763672,30.209999084472656,29.610000610351562,770800.0,28.252567291259766
2006-08-09,29.799999237060547,28.790000915527344,29.670000076293945,28.950000762939453,1869800.0,27.62282371520996
2006-08-10,30.389999389648438,27.649999618530273,27.799999237060547,29.780000686645508,3024300.0,28.414775848388672
2006-08-11,29.18000030517578,28.600000381469727,28.899999618530273,28.940000534057617,2124200.0,27.613283157348633
2006-08-14,29.600000381469727,28.959999084472656,29.020000457763672,28.989999771118164,1222600.0,27.66098976135254
2006-08-15,29.5,29.049999237060547,29.459999084472656,29.100000381469727,757000.0,27.76595115661621
2006-08-16,31.190000534057617,29.6200008392334,29.6200008392334,31.09000015258789,2186600.0,29.664716720581055
2006-08-17,31.149999618530273,30.799999237060547,31.049999237060547,30.959999084472656,872100.0,29.540674209594727
2006-08-18,31.239999771118164,30.290000915527344,31.100000381469727,30.510000228881836,737600.0,29.111312866210938
2006-08-21,30.549999237060547,29.989999771118164,30.520000457763672,30.110000610351562,435600.0,28.729646682739258
2006-08-22,30.149999618530273,29.709999084472656,30.09000015258789,29.799999237060547,590400.0,28.433853149414062
2006-08-23,29.799999237060547,29.450000762939453,29.799999237060547,29.600000381469727,611300.0,28.243026733398438
2006-08-24,29.6299991607666,29.239999771118164,29.600000381469727,29.479999542236328,808100.0,28.128524780273438
2006-08-25,29.5,29.049999237060547,29.350000381469727,29.100000381469727,456700.0,27.76595115661621
2006-08-28,29.6200008392334,29.040000915527344,29.049999237060547,29.5,643200.0,28.14760971069336
2006-08-29,29.65999984741211,29.280000686645508,29.5,29.610000610351562,697000.0,28.252567291259766
2006-08-30,30.290000915527344,29.399999618530273,29.6200008392334,30.079999923706055,803400.0,28.701017379760742
2006-08-31,30.459999084472656,30.100000381469727,30.239999771118164,30.1200008392334,447700.0,28.73919105529785
2006-09-01,30.799999237060547,30.049999237060547,30.239999771118164,30.700000762939453,466500.0,29.2926025390625
2006-09-05,31.299999237060547,30.780000686645508,30.780000686645508,31.209999084472656,822300.0,29.779216766357422
2006-09-06,31.399999618530273,30.799999237060547,31.15999984741211,31.100000381469727,983700.0,29.67425537109375
2006-09-07,31.600000381469727,30.799999237060547,30.93000030517578,31.25,1835000.0,29.817378997802734
2006-09-08,31.600000381469727,31.020000457763672,31.260000228881836,31.31999969482422,2303900.0,29.884172439575195
2006-09-11,31.530000686645508,30.81999969482422,31.299999237060547,31.469999313354492,1625100.0,30.02730369567871
2006-09-12,33.0099983215332,31.34000015258789,31.469999313354492,32.93000030517578,3524500.0,31.420360565185547
2006-09-13,33.2400016784668,32.650001525878906,32.93000030517578,32.869998931884766,1303000.0,31.363115310668945
2006-09-14,32.849998474121094,32.36000061035156,32.79999923706055,32.619998931884766,1110300.0,31.124574661254883
2006-09-15,32.939998626708984,32.310001373291016,32.7400016784668,32.470001220703125,1402700.0,30.981460571289062
2006-09-18,32.52000045776367,31.899999618530273,32.47999954223633,31.989999771118164,1050400.0,30.52345848083496
2006-09-19,33.18000030517578,31.969999313354492,31.989999771118164,32.47999954223633,1350800.0,30.99099349975586
2006-09-20,33.5,32.54999923706055,32.54999923706055,33.22999954223633,1820900.0,31.76528549194336
2006-09-21,33.2400016784668,32.709999084472656,33.189998626708984,32.81999969482422,1380000.0,31.373363494873047
2006-09-22,33.310001373291016,32.5,32.779998779296875,33.310001373291016,1038000.0,31.841768264770508
2006-09-25,34.09000015258789,33.20000076293945,33.2599983215332,34.0,1508600.0,32.5013542175293
2006-09-26,34.2599983215332,33.88999938964844,33.970001220703125,34.20000076293945,1013000.0,32.69253921508789
2006-09-27,34.2400016784668,33.34000015258789,34.209999084472656,33.5099983215332,963100.0,32.03295135498047
2006-09-28,33.970001220703125,33.119998931884766,33.47999954223633,33.650001525878906,630400.0,32.166778564453125
2006-09-29,34.029998779296875,32.939998626708984,33.72999954223633,32.939998626708984,777300.0,31.488073348999023
2006-10-02,33.75,32.95000076293945,33.0,33.38999938964844,637200.0,31.918241500854492
2006-10-03,34.38999938964844,32.900001525878906,33.400001525878906,34.11000061035156,1946300.0,32.60651397705078
2006-10-04,35.209999084472656,34.2400016784668,34.29999923706055,35.150001525878906,1838700.0,33.60065841674805
2006-10-05,35.310001373291016,34.61000061035156,35.13999938964844,35.27000045776367,766100.0,33.715362548828125
2006-10-06,35.18000030517578,34.43000030517578,35.16999816894531,34.560001373291016,749200.0,33.03666687011719
2006-10-09,34.84000015258789,34.0099983215332,34.41999816894531,34.68000030517578,509700.0,33.15138626098633
2006-10-10,35.08000183105469,34.650001525878906,34.779998779296875,34.7599983215332,595700.0,33.22785186767578
2006-10-11,34.61000061035156,34.25,34.58000183105469,34.439998626708984,414300.0,32.921958923339844
2006-10-12,35.099998474121094,34.470001220703125,34.470001220703125,34.97999954223633,421900.0,33.43815231323242
2006-10-13,35.5,34.880001068115234,35.0,35.459999084472656,933400.0,33.89701461791992
2006-10-16,35.66999816894531,35.2599983215332,35.5,35.540000915527344,814000.0,33.97346496582031
2006-10-17,35.20000076293945,34.41999816894531,35.20000076293945,34.91999816894531,951300.0,33.38080596923828
2006-10-18,35.34000015258789,34.65999984741211,35.099998474121094,35.060001373291016,646800.0,33.51463317871094
2006-10-19,35.70000076293945,34.84000015258789,34.91999816894531,35.65999984741211,1020200.0,34.08818054199219
2006-10-20,35.77000045776367,35.220001220703125,35.58000183105469,35.459999084472656,629600.0,33.89701461791992
2006-10-23,36.310001373291016,35.43000030517578,35.459999084472656,36.25,1112100.0,34.65216827392578
2006-10-24,36.560001373291016,35.91999816894531,36.150001525878906,36.36000061035156,963200.0,34.75733184814453
2006-10-25,35.79999923706055,34.439998626708984,35.790000915527344,35.189998626708984,2206800.0,33.63889694213867
2006-10-26,36.5099983215332,35.15999984741211,35.349998474121094,36.400001525878906,1365500.0,34.79557418823242
2006-10-27,36.439998626708984,35.84000015258789,36.27000045776367,35.849998474121094,650600.0,34.26980209350586
2006-10-30,36.150001525878906,35.279998779296875,35.70000076293945,35.970001220703125,1093700.0,34.38451385498047
2006-10-31,36.0099983215332,34.959999084472656,35.84000015258789,35.02000045776367,1071200.0,33.47639465332031
2006-11-01,35.25,34.13999938964844,35.25,34.459999084472656,1477700.0,32.94107437133789
2006-11-02,36.9900016784668,35.189998626708984,35.189998626708984,36.29999923706055,4057700.0,34.69998550415039
2006-11-03,36.75,35.5,36.36000061035156,36.0,1484800.0,34.413185119628906
2006-11-06,36.400001525878906,35.959999084472656,36.040000915527344,36.20000076293945,1313800.0,34.60438537597656
2006-11-07,36.400001525878906,35.959999084472656,36.189998626708984,36.040000915527344,735900.0,34.45143127441406
2006-11-08,36.790000915527344,35.630001068115234,35.84000015258789,36.72999954223633,763000.0,35.11101531982422
2006-11-09,37.31999969482422,36.7599983215332,36.7599983215332,37.119998931884766,1075100.0,35.483821868896484
2006-11-10,37.439998626708984,37.08000183105469,37.150001525878906,37.349998474121094,575300.0,35.703697204589844
2006-11-13,37.720001220703125,37.099998474121094,37.349998474121094,37.209999084472656,813600.0,35.56986999511719
2006-11-14,37.790000915527344,37.15999984741211,37.209999084472656,37.689998626708984,819300.0,36.02870559692383
2006-11-15,38.06999969482422,37.599998474121094,37.689998626708984,38.04999923706055,872600.0,36.372833251953125
2006-11-16,38.2400016784668,37.779998779296875,38.150001525878906,37.97999954223633,781700.0,36.30591583251953
2006-11-17,38.209999084472656,37.81999969482422,38.150001525878906,38.06999969482422,1410800.0,36.39194107055664
2006-11-20,38.54999923706055,37.689998626708984,37.970001220703125,37.95000076293945,692200.0,36.27724075317383
2006-11-21,38.11000061035156,37.7400016784668,37.90999984741211,37.880001068115234,396100.0,36.210323333740234
2006-11-22,38.15999984741211,37.7599983215332,37.959999084472656,38.150001525878906,420000.0,36.46842956542969
2006-11-24,38.29999923706055,37.68000030517578,37.900001525878906,38.06999969482422,148200.0,36.39194107055664
2006-11-27,37.880001068115234,36.79999923706055,37.880001068115234,36.84000015258789,703900.0,35.2161865234375
2006-11-28,36.959999084472656,36.560001373291016,36.790000915527344,36.58000183105469,703200.0,34.967628479003906
2006-11-29,37.279998779296875,34.13999938964844,36.650001525878906,34.83000183105469,5454900.0,33.29476547241211
2006-11-30,35.79999923706055,34.90999984741211,34.90999984741211,35.599998474121094,2616900.0,34.03081512451172
2006-12-01,35.77000045776367,35.04999923706055,35.43000030517578,35.290000915527344,1693600.0,33.734500885009766
2006-12-04,35.689998626708984,35.18000030517578,35.29999923706055,35.189998626708984,1132800.0,33.63889694213867
2006-12-05,35.58000183105469,35.20000076293945,35.349998474121094,35.5,2000100.0,33.93524169921875
2006-12-06,36.380001068115234,35.75,36.380001068115234,35.91999816894531,1978200.0,34.336708068847656
2006-12-07,38.58000183105469,36.97999954223633,37.0099983215332,37.0099983215332,2561900.0,35.3786735534668
2006-12-08,37.45000076293945,36.9900016784668,37.0,37.0099983215332,1387800.0,35.3786735534668
2006-12-11,36.97999954223633,36.08000183105469,36.970001220703125,36.15999984741211,1041300.0,34.56614303588867
2006-12-12,36.040000915527344,35.279998779296875,36.0,35.599998474121094,1873700.0,34.03081512451172
2006-12-13,35.77000045776367,35.349998474121094,35.70000076293945,35.599998474121094,712400.0,34.03081512451172
2006-12-14,36.130001068115234,35.5,35.599998474121094,35.849998474121094,567100.0,34.26980209350586
2006-12-15,35.79999923706055,35.279998779296875,35.79999923706055,35.279998779296875,1108500.0,33.72493362426758
2006-12-18,35.7400016784668,35.099998474121094,35.29999923706055,35.529998779296875,787700.0,33.96391677856445
2006-12-19,35.810001373291016,34.970001220703125,35.31999969482422,35.650001525878906,1850800.0,34.0786247253418
2006-12-20,36.439998626708984,35.52000045776367,35.61000061035156,36.02000045776367,1359200.0,34.490352630615234
2006-12-21,36.15999984741211,35.5099983215332,36.02000045776367,35.599998474121094,358600.0,34.088191986083984
2006-12-22,35.93000030517578,35.56999969482422,35.599998474121094,35.86000061035156,349000.0,34.33716583251953
2006-12-26,35.88999938964844,35.5,35.83000183105469,35.880001068115234,356100.0,34.3563232421875
2006-12-27,36.060001373291016,35.619998931884766,35.88999938964844,35.970001220703125,397500.0,34.44248580932617
2006-12-28,36.209999084472656,35.59000015258789,35.970001220703125,35.84000015258789,379300.0,34.3180046081543
2006-12-29,36.060001373291016,35.349998474121094,35.849998474121094,35.560001373291016,578100.0,34.04989242553711
2007-01-03,36.20000076293945,35.09000015258789,35.709999084472656,35.58000183105469,764200.0,34.06905746459961
2007-01-04,35.880001068115234,35.310001373291016,35.630001068115234,35.810001373291016,800900.0,34.28928756713867
2007-01-05,35.790000915527344,34.900001525878906,35.70000076293945,35.02000045776367,781500.0,33.532833099365234
2007-01-08,35.349998474121094,34.97999954223633,35.15999984741211,35.13999938964844,479600.0,33.64774703979492
2007-01-09,35.61000061035156,35.130001068115234,35.2599983215332,35.439998626708984,506800.0,33.934993743896484
2007-01-10,35.63999938964844,35.04999923706055,35.22999954223633,35.4900016784668,335700.0,33.982879638671875
2007-01-11,36.470001220703125,35.619998931884766,35.619998931884766,36.400001525878906,575700.0,34.85423278808594
2007-01-12,36.5,35.86000061035156,36.27000045776367,36.20000076293945,1123000.0,34.662723541259766
2007-01-16,36.5,35.959999084472656,36.400001525878906,36.20000076293945,1185300.0,34.662723541259766
2007-01-17,36.540000915527344,36.029998779296875,36.209999084472656,36.349998474121094,916900.0,34.80635070800781
2007-01-18,37.11000061035156,36.34000015258789,36.34000015258789,36.97999954223633,922900.0,35.40959167480469
2007-01-19,37.31999969482422,36.75,36.97999954223633,37.29999923706055,682900.0,35.71599578857422
2007-01-22,37.58000183105469,36.619998931884766,37.439998626708984,37.060001373291016,526600.0,35.4862060546875
2007-01-23,37.650001525878906,36.849998474121094,37.119998931884766,37.43000030517578,595700.0,35.84048843383789
2007-01-24,37.7400016784668,37.290000915527344,37.5,37.689998626708984,280500.0,36.089447021484375
2007-01-25,37.70000076293945,37.130001068115234,37.599998474121094,37.2599983215332,726500.0,35.67770004272461
2007-01-26,37.560001373291016,36.88999938964844,37.380001068115234,37.4900016784668,375300.0,35.89794158935547
2007-01-29,37.79999923706055,37.16999816894531,37.4900016784668,37.29999923706055,387000.0,35.71599578857422
2007-01-30,37.54999923706055,36.93000030517578,37.459999084472656,37.060001373291016,554200.0,35.4862060546875
2007-01-31,37.970001220703125,37.040000915527344,37.040000915527344,37.95000076293945,759700.0,36.338401794433594
2007-02-01,38.16999816894531,37.380001068115234,37.9900016784668,37.5099983215332,1164800.0,35.91709899902344
2007-02-02,37.75,37.459999084472656,37.650001525878906,37.4900016784668,800300.0,35.89794158935547
2007-02-05,37.84000015258789,37.36000061035156,37.540000915527344,37.52000045776367,543200.0,35.926666259765625
2007-02-06,37.970001220703125,37.470001220703125,37.540000915527344,37.970001220703125,535600.0,36.357540130615234
2007-02-07,38.349998474121094,37.7599983215332,37.9900016784668,38.33000183105469,584600.0,36.702266693115234
2007-02-08,38.7400016784668,37.970001220703125,38.25,38.72999954223633,638400.0,37.085262298583984
2007-02-09,39.0,38.130001068115234,38.95000076293945,38.52000045776367,578000.0,36.88420486450195
2007-02-12,38.709999084472656,37.439998626708984,38.54999923706055,37.47999954223633,1351600.0,35.88835144042969
2007-02-13,37.619998931884766,37.290000915527344,37.5,37.5,616200.0,35.90751647949219
2007-02-14,37.790000915527344,36.93000030517578,37.599998474121094,37.02000045776367,1235300.0,35.44789505004883
2007-02-15,39.31999969482422,36.75,37.0,38.75,3884400.0,37.10441589355469
2007-02-16,38.7599983215332,38.33000183105469,38.58000183105469,38.650001525878906,600400.0,37.00868225097656
2007-02-20,38.7599983215332,37.880001068115234,38.459999084472656,38.029998779296875,1054300.0,36.41501235961914
2007-02-21,38.41999816894531,37.7599983215332,38.0,38.310001373291016,1783200.0,36.68312072753906
2007-02-22,38.38999938964844,38.25,38.29999923706055,38.380001068115234,514500.0,36.750144958496094
2007-02-23,38.720001220703125,38.209999084472656,38.33000183105469,38.529998779296875,970100.0,36.893768310546875
2007-02-26,38.79999923706055,38.4900016784668,38.709999084472656,38.72999954223633,795500.0,37.085262298583984
2007-02-27,38.459999084472656,37.2400016784668,38.45000076293945,37.5099983215332,1140100.0,35.91709899902344
2007-02-28,38.08000183105469,37.13999938964844,37.599998474121094,37.650001525878906,902600.0,36.051143646240234
2007-03-01,37.65999984741211,36.599998474121094,37.54999923706055,36.90999984741211,1432400.0,35.342586517333984
2007-03-02,36.91999816894531,36.20000076293945,36.90999984741211,36.279998779296875,760500.0,34.73931884765625
2007-03-05,36.849998474121094,35.810001373291016,36.099998474121094,36.25,1452200.0,34.71058654785156
2007-03-06,37.59000015258789,36.5099983215332,36.52000045776367,37.40999984741211,1085000.0,35.82134246826172
2007-03-07,38.060001373291016,37.16999816894531,37.349998474121094,37.880001068115234,893200.0,36.27136993408203
2007-03-08,38.7400016784668,38.220001220703125,38.22999954223633,38.40999984741211,845500.0,36.778873443603516
2007-03-09,38.65999984741211,37.790000915527344,38.65999984741211,38.13999938964844,594600.0,36.52034378051758
2007-03-12,38.939998626708984,38.290000915527344,38.29999923706055,38.91999816894531,673200.0,37.2672119140625
2007-03-13,38.709999084472656,37.779998779296875,38.540000915527344,37.779998779296875,788500.0,36.175628662109375
2007-03-14,38.099998474121094,37.08000183105469,37.66999816894531,38.029998779296875,838600.0,36.41501235961914
2007-03-15,38.380001068115234,37.72999954223633,37.93000030517578,37.970001220703125,665800.0,36.357540130615234
2007-03-16,38.13999938964844,37.56999969482422,37.970001220703125,37.97999954223633,632100.0,36.367122650146484
2007-03-19,39.310001373291016,38.16999816894531,38.18000030517578,39.29999923706055,1564400.0,37.63106918334961
2007-03-20,39.27000045776367,38.65999984741211,39.18000030517578,38.83000183105469,875900.0,37.181026458740234
2007-03-21,39.4900016784668,38.75,38.880001068115234,39.189998626708984,955300.0,37.583824157714844
2007-03-22,39.47999954223633,38.95000076293945,39.29999923706055,39.099998474121094,749900.0,37.497501373291016
2007-03-23,39.5,39.099998474121094,39.099998474121094,39.349998474121094,532600.0,37.737266540527344
2007-03-26,39.43000030517578,38.66999816894531,39.25,39.20000076293945,450600.0,37.59340286254883
2007-03-27,39.2599983215332,38.70000076293945,39.209999084472656,38.9900016784668,583300.0,37.392032623291016
2007-03-28,39.08000183105469,38.54999923706055,38.91999816894531,38.72999954223633,1451500.0,37.14266586303711
2007-03-29,39.02000045776367,38.20000076293945,38.939998626708984,38.349998474121094,1793500.0,36.77824401855469
2007-03-30,38.650001525878906,38.119998931884766,38.459999084472656,38.54999923706055,724800.0,36.97004699707031
2007-04-02,38.95000076293945,38.560001373291016,38.66999816894531,38.779998779296875,783800.0,37.19062042236328
2007-04-03,39.369998931884766,38.84000015258789,38.91999816894531,39.0,837500.0,37.401611328125
2007-04-04,39.060001373291016,38.56999969482422,39.060001373291016,38.650001525878906,630800.0,37.065956115722656
2007-04-05,39.720001220703125,38.459999084472656,38.61000061035156,39.560001373291016,900500.0,37.93864440917969
2007-04-09,39.66999816894531,39.220001220703125,39.59000015258789,39.47999954223633,235400.0,37.8619384765625
2007-04-10,39.880001068115234,39.5,39.5099983215332,39.790000915527344,685200.0,38.15924072265625
2007-04-11,40.27000045776367,39.540000915527344,39.869998931884766,40.150001525878906,1507500.0,38.50447082519531
2007-04-12,40.22999954223633,39.369998931884766,39.9900016784668,39.95000076293945,594300.0,38.31269073486328
2007-04-13,40.130001068115234,39.41999816894531,40.02000045776367,39.650001525878906,626000.0,38.02496337890625
2007-04-16,40.310001373291016,39.810001373291016,39.900001525878906,40.25,423800.0,38.60037612915039
2007-04-17,40.4900016784668,40.04999923706055,40.34000015258789,40.20000076293945,511400.0,38.55242919921875
2007-04-18,40.29999923706055,39.689998626708984,40.0,40.0,410000.0,38.360626220703125
2007-04-19,40.5099983215332,39.63999938964844,40.5099983215332,40.09000015258789,428200.0,38.44692611694336
2007-04-20,40.79999923706055,40.22999954223633,40.400001525878906,40.79999923706055,664900.0,39.127845764160156
2007-04-23,41.27000045776367,40.5,40.70000076293945,41.189998626708984,580400.0,39.50185012817383
2007-04-24,41.20000076293945,40.59000015258789,41.20000076293945,41.060001373291016,923300.0,39.37717819213867
2007-04-25,43.619998931884766,42.130001068115234,43.0,42.2599983215332,1986300.0,40.52799606323242
2007-04-26,42.52000045776367,41.58000183105469,42.349998474121094,41.77000045776367,1188600.0,40.058101654052734
2007-04-27,41.90999984741211,41.290000915527344,41.779998779296875,41.66999816894531,568000.0,39.96219253540039
2007-04-30,42.0,41.08000183105469,41.650001525878906,41.20000076293945,988100.0,39.511444091796875
2007-05-01,41.310001373291016,40.709999084472656,41.310001373291016,40.939998626708984,1111100.0,39.26209259033203
2007-05-02,41.599998474121094,40.959999084472656,41.04999923706055,41.29999923706055,428600.0,39.607330322265625
2007-05-03,41.290000915527344,40.59000015258789,41.25,40.72999954223633,518100.0,39.06071090698242
2007-05-04,40.75,40.279998779296875,40.75,40.349998474121094,600800.0,38.69626998901367
2007-05-07,40.47999954223633,40.06999969482422,40.349998474121094,40.40999984741211,717100.0,38.75381851196289
2007-05-08,42.91999816894531,41.5,41.90999984741211,41.75,4380200.0,40.038902282714844
2007-05-09,42.2599983215332,41.599998474121094,41.689998626708984,42.0,934700.0,40.278648376464844
2007-05-10,42.25,41.58000183105469,41.79999923706055,41.68000030517578,726800.0,39.97178268432617
2007-05-11,41.560001373291016,40.869998931884766,41.54999923706055,41.47999954223633,565500.0,39.779964447021484
2007-05-14,41.619998931884766,40.77000045776367,41.54999923706055,40.79999923706055,407500.0,39.127845764160156
2007-05-15,41.150001525878906,39.900001525878906,39.970001220703125,40.470001220703125,1595900.0,38.811370849609375
2007-05-16,40.790000915527344,40.22999954223633,40.5,40.5099983215332,953000.0,38.8497200012207
2007-05-17,42.150001525878906,40.08000183105469,40.349998474121094,41.349998474121094,2528600.0,39.655296325683594
2007-05-18,41.47999954223633,40.869998931884766,41.36000061035156,41.31999969482422,1672700.0,39.62652587890625
2007-05-21,41.709999084472656,40.43000030517578,40.43000030517578,41.63999938964844,2260600.0,39.93340301513672
2007-05-22,41.43000030517578,40.900001525878906,41.38999938964844,41.11000061035156,832600.0,39.42513656616211
2007-05-23,41.689998626708984,40.970001220703125,41.13999938964844,41.040000915527344,1669700.0,39.35798645019531
2007-05-24,41.22999954223633,40.29999923706055,40.95000076293945,40.47999954223633,971400.0,38.820953369140625
2007-05-25,40.91999816894531,40.36000061035156,40.900001525878906,40.43000030517578,537300.0,38.773006439208984
2007-05-29,40.75,40.0,40.599998474121094,40.68000030517578,1377600.0,39.01274490356445
2007-05-30,41.36000061035156,40.400001525878906,40.560001373291016,41.27000045776367,1184000.0,39.57856369018555
2007-05-31,41.709999084472656,41.220001220703125,41.31999969482422,41.41999816894531,1040100.0,39.722434997558594
2007-06-01,41.7400016784668,41.279998779296875,41.54999923706055,41.61000061035156,811000.0,39.904640197753906
2007-06-04,42.04999923706055,41.470001220703125,41.560001373291016,41.97999954223633,723700.0,40.25946044921875
2007-06-05,42.599998474121094,41.65999984741211,42.25,41.900001525878906,1188900.0,40.18274688720703
2007-06-06,41.70000076293945,40.880001068115234,41.70000076293945,41.25,778100.0,39.55938720703125
2007-06-07,41.5099983215332,40.54999923706055,41.08000183105469,40.599998474121094,666600.0,38.93603515625
2007-06-08,42.20000076293945,40.65999984741211,40.65999984741211,42.040000915527344,1196000.0,40.317020416259766
2007-06-11,42.25,41.349998474121094,42.25,41.56999969482422,762700.0,39.86626434326172
2007-06-12,41.58000183105469,40.880001068115234,41.400001525878906,40.95000076293945,721800.0,39.27167510986328
2007-06-13,41.279998779296875,40.720001220703125,41.279998779296875,41.04999923706055,886200.0,39.36759567260742
2007-06-14,41.27000045776367,40.86000061035156,41.099998474121094,41.0,830400.0,39.319637298583984
2007-06-15,41.2599983215332,40.83000183105469,41.189998626708984,41.0,612700.0,39.319637298583984
2007-06-18,41.130001068115234,40.66999816894531,41.0,40.83000183105469,714600.0,39.15660858154297
2007-06-19,41.400001525878906,40.70000076293945,40.84000015258789,41.18000030517578,1173600.0,39.49225997924805
2007-06-20,41.58000183105469,40.970001220703125,41.11000061035156,41.0099983215332,1612200.0,39.38661193847656
2007-06-21,40.90999984741211,40.15999984741211,40.88999938964844,40.400001525878906,948800.0,38.800777435302734
2007-06-22,40.84000015258789,39.869998931884766,40.43000030517578,40.09000015258789,1046600.0,38.50302505493164
2007-06-25,40.7400016784668,39.790000915527344,40.22999954223633,39.86000061035156,862100.0,38.282142639160156
2007-06-26,40.08000183105469,39.220001220703125,40.02000045776367,39.310001373291016,1089400.0,37.753902435302734
2007-06-27,41.459999084472656,39.29999923706055,39.310001373291016,41.02000045776367,1837000.0,39.39623260498047
2007-06-28,41.16999816894531,40.66999816894531,41.16999816894531,40.81999969482422,900400.0,39.204132080078125
2007-06-29,41.0,40.25,40.880001068115234,40.529998779296875,660500.0,38.925621032714844
2007-07-02,41.189998626708984,40.63999938964844,40.810001373291016,41.029998779296875,841000.0,39.405826568603516
2007-07-03,41.5,41.20000076293945,41.209999084472656,41.25,319300.0,39.61711120605469
2007-07-05,41.599998474121094,41.029998779296875,41.220001220703125,41.52000045776367,337800.0,39.87643051147461
2007-07-06,42.0,41.43000030517578,41.58000183105469,41.91999816894531,353500.0,40.260589599609375
2007-07-09,41.91999816894531,41.27000045776367,41.91999816894531,41.459999084472656,405400.0,39.81881332397461
2007-07-10,41.20000076293945,40.18000030517578,41.15999984741211,40.400001525878906,823800.0,38.800777435302734
2007-07-11,40.66999816894531,39.95000076293945,40.349998474121094,40.0,929400.0,38.41659927368164
2007-07-12,40.84000015258789,39.939998626708984,40.13999938964844,40.0,1339400.0,38.41659927368164
2007-07-13,40.47999954223633,39.7599983215332,40.189998626708984,39.79999923706055,1122100.0,38.224525451660156
2007-07-16,40.150001525878906,39.45000076293945,39.63999938964844,39.68000030517578,683500.0,38.109256744384766
2007-07-17,39.97999954223633,39.31999969482422,39.75,39.689998626708984,639900.0,38.118858337402344
2007-07-18,39.630001068115234,38.97999954223633,39.43000030517578,39.2599983215332,858400.0,37.70588684082031
2007-07-19,39.619998931884766,38.970001220703125,39.41999816894531,38.970001220703125,1053900.0,37.427371978759766
2007-07-20,39.220001220703125,38.70000076293945,38.90999984741211,38.779998779296875,950100.0,37.24488830566406
2007-07-23,39.279998779296875,38.66999816894531,39.02000045776367,38.88999938964844,494300.0,37.350528717041016
2007-07-24,38.709999084472656,38.33000183105469,38.540000915527344,38.52000045776367,912500.0,36.99519348144531
2007-07-25,38.790000915527344,37.7400016784668,38.599998474121094,37.95000076293945,1593400.0,36.447750091552734
2007-07-26,37.81999969482422,35.36000061035156,37.380001068115234,36.150001525878906,4068900.0,34.71900939941406
2007-07-27,36.79999923706055,34.90999984741211,36.040000915527344,35.06999969482422,3644000.0,33.68174362182617
2007-07-30,35.77000045776367,35.0,35.119998931884766,35.2400016784668,3329400.0,33.84502029418945
2007-07-31,36.08000183105469,34.77000045776367,35.59000015258789,34.77000045776367,1571400.0,33.39363479614258
2007-08-01,35.13999938964844,33.869998931884766,34.66999816894531,34.400001525878906,2446200.0,33.03825759887695
2007-08-02,35.220001220703125,34.349998474121094,34.599998474121094,35.099998474121094,1349200.0,33.71056365966797
2007-08-03,35.13999938964844,33.560001373291016,35.13999938964844,33.66999816894531,2371800.0,32.33717346191406
2007-08-06,34.56999969482422,32.900001525878906,33.66999816894531,34.029998779296875,2644500.0,32.68292236328125
2007-08-07,34.31999969482422,33.400001525878906,33.939998626708984,33.81999969482422,2190800.0,32.481231689453125
2007-08-08,33.959999084472656,32.34000015258789,33.75,32.439998626708984,2522600.0,31.15585708618164
2007-08-09,31.690000534057617,29.979999542236328,31.229999542236328,30.309999465942383,10636500.0,29.110177993774414
2007-08-10,32.06999969482422,29.510000228881836,29.899999618530273,31.799999237060547,6230600.0,30.541187286376953
2007-08-13,34.290000915527344,32.029998779296875,32.25,33.52000045776367,5140000.0,32.19310760498047
2007-08-14,33.939998626708984,32.70000076293945,33.939998626708984,32.779998779296875,2189400.0,31.482391357421875
2007-08-15,33.189998626708984,31.459999084472656,32.66999816894531,31.600000381469727,1972600.0,30.349117279052734
2007-08-16,31.200000762939453,30.200000762939453,31.100000381469727,30.579999923706055,4408900.0,29.369489669799805
2007-08-17,32.16999816894531,31.09000015258789,31.6299991607666,31.68000030517578,1891500.0,30.425947189331055
2007-08-20,33.470001220703125,31.75,31.940000534057617,33.209999084472656,1852300.0,31.895376205444336
2007-08-21,33.56999969482422,33.0,33.02000045776367,33.29999923706055,1486800.0,31.981807708740234
2007-08-22,33.900001525878906,33.220001220703125,33.7599983215332,33.630001068115234,1132300.0,32.29874801635742
2007-08-23,34.04999923706055,33.540000915527344,33.83000183105469,34.0,1638800.0,32.65410232543945
2007-08-24,35.09000015258789,34.0,34.220001220703125,34.959999084472656,2032700.0,33.57611083984375
2007-08-27,35.34000015258789,34.880001068115234,35.0,35.16999816894531,1284300.0,33.77778244018555
2007-08-28,35.119998931884766,34.09000015258789,35.040000915527344,34.25,937000.0,32.89421081542969
2007-08-29,35.31999969482422,34.45000076293945,34.47999954223633,35.31999969482422,897100.0,33.921852111816406
2007-08-30,35.060001373291016,34.689998626708984,35.0,34.79999923706055,1429200.0,33.422428131103516
2007-08-31,35.630001068115234,34.70000076293945,34.880001068115234,35.560001373291016,732400.0,34.15236282348633
2007-09-04,35.630001068115234,35.09000015258789,35.54999923706055,35.380001068115234,778200.0,33.979469299316406
2007-09-05,35.13999938964844,34.400001525878906,35.13999938964844,34.470001220703125,1180200.0,33.10551071166992
2007-09-06,35.09000015258789,34.43000030517578,34.470001220703125,34.68000030517578,728200.0,33.30720520019531
2007-09-07,34.38999938964844,33.599998474121094,34.2599983215332,33.709999084472656,930900.0,32.37559509277344
2007-09-10,33.97999954223633,32.47999954223633,33.779998779296875,33.099998474121094,1887400.0,31.789724349975586
2007-09-11,33.83000183105469,33.11000061035156,33.11000061035156,33.72999954223633,572200.0,32.39480972290039
2007-09-12,33.91999816894531,32.93000030517578,33.619998931884766,33.0099983215332,947200.0,31.703290939331055
2007-09-13,34.06999969482422,33.150001525878906,33.27000045776367,33.58000183105469,777600.0,32.25074005126953
2007-09-14,34.18000030517578,33.220001220703125,33.31999969482422,34.0099983215332,546300.0,32.66370391845703
2007-09-17,33.970001220703125,33.54999923706055,33.849998474121094,33.599998474121094,688200.0,32.269935607910156
2007-09-18,35.15999984741211,33.380001068115234,33.70000076293945,35.0,952400.0,33.61452102661133
2007-09-19,35.5,34.209999084472656,35.0,34.45000076293945,1206200.0,33.143104553222656
2007-09-20,34.63999938964844,33.970001220703125,34.45000076293945,34.27000045776367,1139400.0,32.96993637084961
2007-09-21,34.599998474121094,33.54999923706055,34.599998474121094,33.58000183105469,883000.0,32.306121826171875
2007-09-24,34.099998474121094,32.91999816894531,33.83000183105469,33.27000045776367,1023000.0,32.007869720458984
2007-09-25,33.720001220703125,32.5,32.9900016784668,33.61000061035156,1945100.0,32.33498764038086
2007-09-26,33.84000015258789,32.79999923706055,33.72999954223633,33.060001373291016,1012800.0,31.80584144592285
2007-09-27,33.380001068115234,32.90999984741211,33.06999969482422,33.31999969482422,683800.0,32.05598068237305
2007-09-28,33.88999938964844,33.290000915527344,33.290000915527344,33.560001373291016,938900.0,32.28688430786133
2007-10-01,33.560001373291016,32.72999954223633,33.45000076293945,33.349998474121094,835700.0,32.08483123779297
2007-10-02,33.599998474121094,32.9900016784668,33.349998474121094,33.209999084472656,1028400.0,31.950151443481445
2007-10-03,33.72999954223633,33.02000045776367,33.09000015258789,33.709999084472656,1643900.0,32.43119430541992
2007-10-04,34.25,33.47999954223633,33.81999969482422,33.779998779296875,816100.0,32.498531341552734
2007-10-05,35.79999923706055,34.150001525878906,34.150001525878906,35.540000915527344,1520300.0,34.19176483154297
2007-10-08,35.65999984741211,34.900001525878906,35.540000915527344,35.349998474121094,654700.0,34.00896453857422
2007-10-09,35.5,34.720001220703125,35.47999954223633,34.79999923706055,724600.0,33.479835510253906
2007-10-10,35.189998626708984,34.29999923706055,34.790000915527344,35.130001068115234,693500.0,33.79731369018555
2007-10-11,35.54999923706055,34.7400016784668,35.20000076293945,35.0099983215332,1246600.0,33.68185043334961
2007-10-12,35.04999923706055,34.41999816894531,35.040000915527344,34.86000061035156,884400.0,33.537559509277344
2007-10-15,34.97999954223633,33.91999816894531,34.93000030517578,34.40999984741211,792100.0,33.1046257019043
2007-10-16,34.720001220703125,33.58000183105469,34.41999816894531,33.619998931884766,837200.0,32.34458541870117
2007-10-17,33.849998474121094,32.459999084472656,33.75,33.119998931884766,1370000.0,31.863561630249023
2007-10-18,33.11000061035156,32.599998474121094,32.869998931884766,32.83000183105469,576600.0,31.584566116333008
2007-10-19,33.2599983215332,31.940000534057617,32.849998474121094,32.06999969482422,988700.0,30.85340690612793
2007-10-22,33.099998474121094,31.690000534057617,31.950000762939453,32.0,1494600.0,30.786054611206055
2007-10-23,32.2599983215332,31.690000534057617,32.22999954223633,31.850000381469727,753800.0,30.641742706298828
2007-10-24,33.650001525878906,31.530000686645508,31.68000030517578,33.58000183105469,1996100.0,32.306121826171875
2007-10-25,34.06999969482422,33.31999969482422,33.65999984741211,34.040000915527344,1431200.0,32.748661041259766
2007-10-26,34.72999954223633,33.81999969482422,34.5,34.029998779296875,823700.0,32.739044189453125
2007-10-29,34.38999938964844,33.779998779296875,34.0099983215332,34.099998474121094,1066900.0,32.80640411376953
2007-10-30,34.54999923706055,33.810001373291016,34.0,34.2599983215332,1187400.0,32.96030807495117
2007-10-31,34.93000030517578,33.45000076293945,34.540000915527344,34.119998931884766,1570900.0,32.82563018798828
2007-11-01,36.040000915527344,34.0,35.0,35.060001373291016,6996400.0,33.7299690246582
2007-11-02,35.650001525878906,34.349998474121094,35.54999923706055,34.779998779296875,2572600.0,33.46059036254883
2007-11-05,35.88999938964844,34.0099983215332,34.47999954223633,35.150001525878906,3371200.0,33.816551208496094
2007-11-06,36.540000915527344,34.79999923706055,35.18000030517578,36.47999954223633,2417200.0,35.096099853515625
2007-11-07,36.75,35.95000076293945,36.29999923706055,36.189998626708984,2015300.0,34.81709289550781
2007-11-08,36.29999923706055,35.29999923706055,36.13999938964844,36.04999923706055,1663900.0,34.682411193847656
2007-11-09,35.83000183105469,34.9900016784668,35.630001068115234,35.15999984741211,1472700.0,33.82618713378906
2007-11-12,35.540000915527344,34.45000076293945,34.9900016784668,34.59000015258789,1790900.0,33.277801513671875
2007-11-13,35.779998779296875,34.66999816894531,34.900001525878906,35.689998626708984,1589300.0,34.3360710144043
2007-11-14,37.0,35.75,35.88999938964844,35.83000183105469,2167800.0,34.470760345458984
2007-11-15,35.72999954223633,35.08000183105469,35.540000915527344,35.27000045776367,1158800.0,33.932010650634766
2007-11-16,35.650001525878906,34.529998779296875,35.41999816894531,34.79999923706055,1456200.0,33.479835510253906
2007-11-19,35.16999816894531,34.34000015258789,34.47999954223633,34.709999084472656,1568000.0,33.39326095581055
2007-11-20,35.38999938964844,34.06999969482422,34.970001220703125,34.59000015258789,1095000.0,33.277801513671875
2007-11-21,34.70000076293945,34.060001373291016,34.43000030517578,34.099998474121094,924400.0,32.80640411376953
2007-11-23,34.459999084472656,34.099998474121094,34.380001068115234,34.2400016784668,379700.0,32.94107437133789
2007-11-26,34.29999923706055,33.29999923706055,34.15999984741211,33.369998931884766,836300.0,32.10407257080078
2007-11-27,33.86000061035156,33.060001373291016,33.459999084472656,33.41999816894531,779900.0,32.15217590332031
2007-11-28,34.779998779296875,33.41999816894531,33.61000061035156,34.15999984741211,2229200.0,32.864112854003906
2007-11-29,35.77000045776367,34.29999923706055,34.58000183105469,35.68000030517578,2005400.0,34.326446533203125
2007-11-30,36.66999816894531,35.630001068115234,36.02000045776367,35.959999084472656,1339300.0,34.5958366394043
2007-12-03,36.279998779296875,35.720001220703125,36.20000076293945,35.790000915527344,734100.0,34.432281494140625
2007-12-04,37.4900016784668,36.099998474121094,36.099998474121094,36.970001220703125,1828000.0,35.567508697509766
2007-12-05,38.31999969482422,37.61000061035156,37.939998626708984,37.939998626708984,2103900.0,36.50071716308594
2007-12-06,38.630001068115234,37.47999954223633,38.0,38.5099983215332,1471600.0,37.04909133911133
2007-12-07,40.29999923706055,39.060001373291016,40.0,39.5,2479800.0,38.00153350830078
2007-12-10,39.900001525878906,39.13999938964844,39.5,39.54999923706055,985400.0,38.049625396728516
2007-12-11,40.72999954223633,38.529998779296875,40.72999954223633,38.630001068115234,2054100.0,37.1645393371582
2007-12-12,39.41999816894531,38.189998626708984,39.209999084472656,38.470001220703125,1714700.0,37.01060485839844
2007-12-13,38.65999984741211,37.970001220703125,38.220001220703125,38.52000045776367,964400.0,37.058712005615234
2007-12-14,38.369998931884766,37.84000015258789,38.369998931884766,38.08000183105469,1423300.0,36.63540267944336
2007-12-17,38.689998626708984,37.75,37.790000915527344,37.79999923706055,1452200.0,36.366004943847656
2007-12-18,38.439998626708984,37.61000061035156,38.20000076293945,37.90999984741211,1541900.0,36.47185134887695
2007-12-19,38.290000915527344,36.630001068115234,37.77000045776367,38.029998779296875,1392000.0,36.64530563354492
2007-12-20,38.5099983215332,37.970001220703125,38.119998931884766,38.5099983215332,955900.0,37.10782241821289
2007-12-21,39.040000915527344,38.400001525878906,38.540000915527344,38.47999954223633,976900.0,37.078914642333984
2007-12-24,38.58000183105469,38.11000061035156,38.349998474121094,38.5,259200.0,37.098201751708984
2007-12-26,38.88999938964844,38.16999816894531,38.25,38.61000061035156,758800.0,37.204193115234375
2007-12-27,38.779998779296875,38.13999938964844,38.41999816894531,38.25,598800.0,36.85728454589844
2007-12-28,38.72999954223633,38.060001373291016,38.27000045776367,38.16999816894531,606400.0,36.78020477294922
2007-12-31,38.2400016784668,37.849998474121094,38.15999984741211,37.9900016784668,1051400.0,36.60675811767578
2008-01-02,38.150001525878906,37.16999816894531,37.90999984741211,37.59000015258789,1789200.0,36.221317291259766
2008-01-03,38.15999984741211,37.349998474121094,37.58000183105469,37.95000076293945,1587300.0,36.568214416503906
2008-01-04,37.59000015258789,35.66999816894531,37.52000045776367,35.66999816894531,1899600.0,34.37122344970703
2008-01-07,37.41999816894531,35.5,35.7599983215332,37.279998779296875,2281600.0,35.9226188659668
2008-01-08,37.849998474121094,35.290000915527344,37.38999938964844,35.36000061035156,1835500.0,34.0725212097168
2008-01-09,35.970001220703125,33.459999084472656,35.369998931884766,34.83000183105469,2981000.0,33.56182098388672
2008-01-10,34.529998779296875,32.619998931884766,34.529998779296875,33.619998931884766,3316900.0,32.39585876464844
2008-01-11,33.18000030517578,32.0,33.18000030517578,32.04999923706055,2086000.0,30.88302993774414
2008-01-14,32.119998931884766,30.170000076293945,31.15999984741211,31.90999984741211,3026200.0,30.74812889099121
2008-01-15,31.959999084472656,30.989999771118164,31.40999984741211,31.200000762939453,1398800.0,30.063983917236328
2008-01-16,32.40999984741211,31.010000228881836,31.360000610351562,31.93000030517578,1543800.0,30.767404556274414
2008-01-17,32.4900016784668,31.280000686645508,32.0,31.309999465942383,1710400.0,30.169979095458984
2008-01-18,32.20000076293945,31.190000534057617,31.469999313354492,31.81999969482422,1507600.0,30.661407470703125
2008-01-22,32.63999938964844,30.489999771118164,30.489999771118164,32.22999954223633,1137100.0,31.056474685668945
2008-01-23,34.02000045776367,31.459999084472656,31.459999084472656,33.599998474121094,1964300.0,32.3765983581543
2008-01-24,34.52000045776367,33.689998626708984,33.84000015258789,34.43000030517578,1389500.0,33.17637252807617
2008-01-25,34.720001220703125,33.08000183105469,34.63999938964844,33.220001220703125,955700.0,32.01043701171875
2008-01-28,34.22999954223633,32.150001525878906,33.02000045776367,34.13999938964844,1169800.0,32.89692687988281
2008-01-29,35.099998474121094,33.95000076293945,34.209999084472656,35.029998779296875,970800.0,33.75453186035156
2008-01-30,35.779998779296875,34.650001525878906,34.869998931884766,34.849998474121094,717800.0,33.581092834472656
2008-01-31,36.130001068115234,34.18000030517578,34.400001525878906,35.779998779296875,1412100.0,34.47722625732422
2008-02-01,37.220001220703125,35.81999969482422,36.15999984741211,36.470001220703125,1783600.0,35.14209747314453
2008-02-04,36.470001220703125,35.68000030517578,36.470001220703125,36.349998474121094,1058800.0,35.02646255493164
2008-02-05,36.099998474121094,35.029998779296875,35.959999084472656,35.029998779296875,840000.0,33.75453186035156
2008-02-06,36.18000030517578,34.72999954223633,35.150001525878906,34.810001373291016,533000.0,33.54254913330078
2008-02-07,36.869998931884766,34.189998626708984,34.52000045776367,35.91999816894531,1787500.0,34.612117767333984
2008-02-08,36.09000015258789,34.31999969482422,36.0,34.97999954223633,1475300.0,33.70636749267578
2008-02-11,36.029998779296875,34.099998474121094,34.939998626708984,35.939998626708984,989700.0,34.63139343261719
2008-02-12,36.58000183105469,34.68000030517578,36.060001373291016,35.09000015258789,1043000.0,33.812347412109375
2008-02-13,35.75,34.779998779296875,35.25,35.43000030517578,1386100.0,34.139976501464844
2008-02-14,34.66999816894531,33.11000061035156,34.0,34.0,4442600.0,32.76204299926758
2008-02-15,33.900001525878906,33.18000030517578,33.79999923706055,33.65999984741211,1474300.0,32.434410095214844
2008-02-19,34.20000076293945,33.47999954223633,33.95000076293945,33.79999923706055,976400.0,32.56930923461914
2008-02-20,34.849998474121094,33.38999938964844,33.38999938964844,34.439998626708984,1039100.0,33.186004638671875
2008-02-21,34.77000045776367,33.5,34.630001068115234,33.540000915527344,1178600.0,32.318790435791016
2008-02-22,33.689998626708984,32.970001220703125,33.56999969482422,33.599998474121094,1072700.0,32.3765983581543
2008-02-25,34.7400016784668,33.189998626708984,33.52000045776367,34.650001525878906,1047500.0,33.38836669921875
2008-02-26,35.810001373291016,34.5099983215332,34.599998474121094,35.290000915527344,801500.0,34.00506591796875
2008-02-27,35.459999084472656,34.560001373291016,35.0099983215332,35.040000915527344,1051500.0,33.7641716003418
2008-02-28,35.0,34.08000183105469,34.790000915527344,34.79999923706055,793000.0,33.53290557861328
2008-02-29,34.650001525878906,33.439998626708984,34.369998931884766,33.540000915527344,919900.0,32.318790435791016
2008-03-03,34.439998626708984,33.16999816894531,33.400001525878906,34.09000015258789,854800.0,32.84876251220703
2008-03-04,34.11000061035156,33.31999969482422,33.66999816894531,33.529998779296875,1143500.0,32.30915832519531
2008-03-05,34.7400016784668,33.58000183105469,33.58000183105469,34.099998474121094,1086300.0,32.85840606689453
2008-03-06,34.20000076293945,32.84000015258789,33.9900016784668,32.88999938964844,730500.0,31.69245147705078
2008-03-07,33.470001220703125,32.400001525878906,32.52000045776367,32.83000183105469,690400.0,31.634634017944336
2008-03-10,33.2599983215332,32.709999084472656,32.939998626708984,32.77000045776367,762200.0,31.576818466186523
2008-03-11,34.040000915527344,32.56999969482422,33.470001220703125,33.58000183105469,1473900.0,32.35732650756836
2008-03-12,34.290000915527344,33.09000015258789,33.59000015258789,33.540000915527344,958900.0,32.318790435791016
2008-03-13,34.34000015258789,32.869998931884766,33.16999816894531,34.029998779296875,945100.0,32.79093933105469
2008-03-14,34.27000045776367,32.869998931884766,34.2400016784668,33.83000183105469,889300.0,32.59822463989258
2008-03-17,33.4900016784668,31.8799991607666,33.18000030517578,32.4900016784668,1589200.0,31.307010650634766
2008-03-18,33.189998626708984,32.04999923706055,32.75,32.709999084472656,1407000.0,31.577312469482422
2008-03-19,34.27000045776367,32.7400016784668,32.810001373291016,32.880001068115234,1076000.0,31.741436004638672
2008-03-20,34.400001525878906,33.04999923706055,33.08000183105469,34.15999984741211,1357400.0,32.977108001708984
2008-03-24,36.22999954223633,34.16999816894531,34.220001220703125,35.709999084472656,950300.0,34.47343063354492
2008-03-25,35.88999938964844,35.0,35.88999938964844,35.400001525878906,843800.0,34.174171447753906
2008-03-26,35.459999084472656,34.70000076293945,35.29999923706055,35.119998931884766,772000.0,33.903865814208984
2008-03-27,35.20000076293945,33.849998474121094,35.16999816894531,33.90999984741211,1141700.0,32.735755920410156
2008-03-28,33.90999984741211,33.27000045776367,33.900001525878906,33.380001068115234,824000.0,32.22411346435547
2008-03-31,34.279998779296875,33.560001373291016,33.560001373291016,34.04999923706055,1112700.0,32.870914459228516
2008-04-01,35.540000915527344,34.900001525878906,35.029998779296875,35.540000915527344,1471600.0,34.309322357177734
2008-04-02,36.86000061035156,35.43000030517578,35.470001220703125,35.810001373291016,1280900.0,34.56998062133789
2008-04-03,36.0,35.33000183105469,35.5,35.84000015258789,690000.0,34.598941802978516
2008-04-04,36.36000061035156,35.47999954223633,36.0099983215332,35.939998626708984,576100.0,34.69548034667969
2008-04-07,36.11000061035156,35.47999954223633,36.11000061035156,35.56999969482422,487800.0,34.338287353515625
2008-04-08,35.7599983215332,35.22999954223633,35.38999938964844,35.560001373291016,607400.0,34.32863235473633
2008-04-09,35.7400016784668,34.34000015258789,35.709999084472656,34.369998931884766,586300.0,33.17983627319336
2008-04-10,35.369998931884766,34.2599983215332,34.33000183105469,34.58000183105469,865000.0,33.382568359375
2008-04-11,34.970001220703125,33.939998626708984,34.18000030517578,34.33000183105469,732200.0,33.14122772216797
2008-04-14,34.40999984741211,33.709999084472656,34.2599983215332,33.7599983215332,808600.0,32.59095001220703
2008-04-15,34.08000183105469,33.290000915527344,34.02000045776367,33.439998626708984,1074500.0,32.282047271728516
2008-04-16,34.7400016784668,33.310001373291016,33.9900016784668,34.66999816894531,663600.0,33.46944808959961
2008-04-17,34.709999084472656,34.15999984741211,34.5,34.34000015258789,381900.0,33.1508674621582
2008-04-18,35.5,34.83000183105469,34.83000183105469,34.97999954223633,585600.0,33.768707275390625
2008-04-21,34.83000183105469,34.0099983215332,34.650001525878906,34.81999969482422,494900.0,33.614253997802734
2008-04-22,34.93000030517578,33.599998474121094,34.7599983215332,34.040000915527344,513400.0,32.86126708984375
2008-04-23,34.15999984741211,33.08000183105469,34.040000915527344,33.56999969482422,1003000.0,32.40753936767578
2008-04-24,34.77000045776367,33.61000061035156,33.66999816894531,34.349998474121094,716200.0,33.1605339050293
2008-04-25,34.880001068115234,33.84000015258789,34.34000015258789,34.70000076293945,813200.0,33.49840545654297
2008-04-28,35.279998779296875,34.650001525878906,34.900001525878906,35.060001373291016,691000.0,33.845947265625
2008-04-29,35.75,35.040000915527344,35.08000183105469,35.34000015258789,386300.0,34.11625289916992
2008-04-30,35.470001220703125,34.47999954223633,35.470001220703125,34.68000030517578,366900.0,33.479095458984375
2008-05-01,36.09000015258789,34.529998779296875,34.75,36.040000915527344,766600.0,34.7920036315918
2008-05-02,36.7599983215332,35.88999938964844,36.29999923706055,35.959999084472656,1102000.0,34.714778900146484
2008-05-05,36.029998779296875,35.279998779296875,36.029998779296875,35.279998779296875,665000.0,34.058319091796875
2008-05-06,35.0099983215332,33.849998474121094,35.0099983215332,34.33000183105469,1190200.0,33.14122772216797
2008-05-07,34.75,33.720001220703125,34.439998626708984,33.790000915527344,764600.0,32.61991500854492
2008-05-08,35.04999923706055,33.619998931884766,34.0099983215332,33.91999816894531,478400.0,32.74541091918945
2008-05-09,34.130001068115234,33.189998626708984,33.459999084472656,33.630001068115234,474800.0,32.46546173095703
2008-05-12,33.86000061035156,33.279998779296875,33.7400016784668,33.75,1124400.0,32.5813102722168
2008-05-13,34.22999954223633,33.13999938964844,34.02000045776367,33.790000915527344,751200.0,32.61991500854492
2008-05-14,34.849998474121094,33.68000030517578,33.75,34.52000045776367,863800.0,33.32463836669922
2008-05-15,34.900001525878906,34.130001068115234,34.75,34.63999938964844,950300.0,33.44049072265625
2008-05-16,39.4900016784668,37.75,38.47999954223633,38.81999969482422,6058400.0,37.47573471069336
2008-05-19,40.2400016784668,38.880001068115234,39.189998626708984,39.099998474121094,3518500.0,37.74604034423828
2008-05-20,39.540000915527344,38.2400016784668,38.88999938964844,38.939998626708984,2311400.0,37.59159469604492
2008-05-21,39.599998474121094,38.40999984741211,39.13999938964844,38.599998474121094,1344500.0,37.26335525512695
2008-05-22,39.310001373291016,38.0,38.599998474121094,38.130001068115234,2318900.0,36.80963134765625
2008-05-23,38.34000015258789,37.68000030517578,37.93000030517578,37.93000030517578,1646300.0,36.61656188964844
2008-05-27,38.36000061035156,37.7400016784668,37.939998626708984,38.279998779296875,1393500.0,36.95445251464844
2008-05-28,40.0,38.650001525878906,38.72999954223633,39.90999984741211,2442900.0,38.52800750732422
2008-05-29,41.27000045776367,39.58000183105469,39.9900016784668,40.599998474121094,2906000.0,39.194087982177734
2008-05-30,40.869998931884766,39.720001220703125,40.75,40.29999923706055,2015600.0,38.90448760986328
2008-06-02,40.7599983215332,39.93000030517578,40.27000045776367,40.56999969482422,2309500.0,39.1651496887207
2008-06-03,40.959999084472656,39.81999969482422,40.619998931884766,40.5099983215332,1854500.0,39.107215881347656
2008-06-04,40.79999923706055,40.040000915527344,40.470001220703125,40.54999923706055,1666000.0,39.14583206176758
2008-06-05,41.849998474121094,40.599998474121094,40.599998474121094,41.7400016784668,2549800.0,40.29463195800781
2008-06-06,41.41999816894531,40.150001525878906,41.189998626708984,40.29999923706055,2954000.0,38.90448760986328
2008-06-09,41.27000045776367,40.369998931884766,40.540000915527344,41.08000183105469,1896900.0,39.657474517822266
2008-06-10,41.22999954223633,40.400001525878906,40.650001525878906,40.7599983215332,1549200.0,39.348567962646484
2008-06-11,40.95000076293945,38.7400016784668,40.869998931884766,38.849998474121094,2270000.0,37.504703521728516
2008-06-12,40.0099983215332,38.77000045776367,39.189998626708984,38.81999969482422,2581100.0,37.47573471069336
2008-06-13,39.9900016784668,38.93000030517578,39.0,39.290000915527344,2476100.0,37.929466247558594
2008-06-16,41.65999984741211,39.97999954223633,39.9900016784668,41.54999923706055,3590300.0,40.1112060546875
2008-06-17,41.97999954223633,41.15999984741211,41.70000076293945,41.220001220703125,1734400.0,39.79263687133789
2008-06-18,40.9900016784668,39.97999954223633,40.849998474121094,40.04999923706055,1965100.0,38.71950912475586
2008-06-19,40.869998931884766,39.869998931884766,40.150001525878906,40.75,1575200.0,39.39625930786133
2008-06-20,40.5,39.36000061035156,40.4900016784668,39.970001220703125,1781000.0,38.64215850830078
2008-06-23,40.45000076293945,38.7599983215332,40.22999954223633,39.150001525878906,1274200.0,37.84941864013672
2008-06-24,39.52000045776367,38.220001220703125,38.900001525878906,38.65999984741211,1341200.0,37.375675201416016
2008-06-25,40.650001525878906,38.810001373291016,39.0,40.08000183105469,1602500.0,38.74851989746094
2008-06-26,40.11000061035156,39.18000030517578,39.43000030517578,39.5,1582300.0,38.187782287597656
2008-06-27,40.279998779296875,38.7599983215332,39.65999984741211,39.400001525878906,1498200.0,38.09110641479492
2008-06-30,39.630001068115234,38.25,39.29999923706055,38.83000183105469,1223600.0,37.540042877197266
2008-07-01,39.06999969482422,37.400001525878906,38.31999969482422,39.06999969482422,2323700.0,37.77207565307617
2008-07-02,39.22999954223633,37.13999938964844,39.15999984741211,37.16999816894531,1576500.0,35.935184478759766
2008-07-03,37.47999954223633,35.2400016784668,37.31999969482422,37.130001068115234,1484800.0,35.89651107788086
2008-07-07,38.25,37.220001220703125,37.40999984741211,37.93000030517578,2013200.0,36.66992950439453
2008-07-08,38.66999816894531,37.2400016784668,38.310001373291016,38.59000015258789,1662200.0,37.308021545410156
2008-07-09,38.52000045776367,37.380001068115234,38.400001525878906,37.529998779296875,1803500.0,36.283233642578125
2008-07-10,38.2599983215332,36.79999923706055,37.56999969482422,37.310001373291016,1583000.0,36.070533752441406
2008-07-11,37.29999923706055,35.599998474121094,36.75,36.810001373291016,1769300.0,35.587158203125
2008-07-14,38.33000183105469,36.459999084472656,37.439998626708984,38.0099983215332,1645000.0,36.74727249145508
2008-07-15,38.119998931884766,35.900001525878906,37.939998626708984,37.27000045776367,2287200.0,36.0318603515625
2008-07-16,39.66999816894531,37.029998779296875,37.459999084472656,39.47999954223633,1302400.0,38.16845703125
2008-07-17,40.90999984741211,38.41999816894531,39.650001525878906,40.810001373291016,1507700.0,39.45425796508789
2008-07-18,41.959999084472656,40.599998474121094,41.09000015258789,40.970001220703125,1605600.0,39.60895919799805
2008-07-21,41.529998779296875,40.11000061035156,41.16999816894531,40.43000030517578,1176400.0,39.086883544921875
2008-07-22,42.04999923706055,40.0099983215332,40.130001068115234,41.90999984741211,1425400.0,40.51770782470703
2008-07-23,42.540000915527344,40.88999938964844,41.790000915527344,41.47999954223633,2644300.0,40.101993560791016
2008-07-24,42.0,40.66999816894531,41.58000183105469,40.79999923706055,1309700.0,39.44459915161133
2008-07-25,41.22999954223633,40.06999969482422,40.869998931884766,40.16999816894531,855500.0,38.83552551269531
2008-07-28,40.5,39.400001525878906,40.13999938964844,39.93000030517578,870000.0,38.6035041809082
2008-07-29,41.90999984741211,39.650001525878906,39.939998626708984,41.810001373291016,1203400.0,40.42105484008789
2008-07-30,42.90999984741211,41.16999816894531,41.959999084472656,41.880001068115234,922400.0,40.48871612548828
2008-07-31,41.939998626708984,40.779998779296875,41.59000015258789,41.09000015258789,1062800.0,39.72496795654297
2008-08-01,42.529998779296875,40.88999938964844,41.529998779296875,42.0,1818500.0,40.60472869873047
2008-08-04,42.5,41.18000030517578,42.5,41.349998474121094,1451300.0,39.976322174072266
2008-08-05,43.15999984741211,41.599998474121094,41.75,43.02000045776367,2842200.0,41.59085464477539
2008-08-06,43.4900016784668,41.54999923706055,43.4900016784668,42.029998779296875,2055700.0,40.633731842041016
2008-08-07,45.0,42.560001373291016,43.9900016784668,44.099998474121094,5052400.0,42.634971618652344
2008-08-08,44.16999816894531,41.45000076293945,42.790000915527344,44.099998474121094,3248400.0,42.634971618652344
2008-08-11,44.56999969482422,43.15999984741211,44.540000915527344,43.720001220703125,2258300.0,42.267608642578125
2008-08-12,44.06999969482422,43.04999923706055,43.5,43.7599983215332,1641400.0,42.30626678466797
2008-08-13,43.650001525878906,42.209999084472656,43.41999816894531,43.45000076293945,1785400.0,42.00656509399414
2008-08-14,45.0,43.0099983215332,43.33000183105469,44.2400016784668,1166600.0,42.77033233642578
2008-08-15,45.0,44.0,44.2400016784668,44.61000061035156,939600.0,43.128013610839844
2008-08-18,44.86000061035156,44.0,44.84000015258789,44.29999923706055,1043400.0,42.82832336425781
2008-08-19,44.189998626708984,42.84000015258789,44.0,42.959999084472656,1310700.0,41.532833099365234
2008-08-20,43.040000915527344,41.08000183105469,41.59000015258789,42.189998626708984,1577400.0,40.788421630859375
2008-08-21,42.47999954223633,41.560001373291016,42.0099983215332,42.29999923706055,789600.0,40.894752502441406
2008-08-22,42.47999954223633,41.5,41.75,42.47999954223633,1305700.0,41.068790435791016
2008-08-25,42.52000045776367,41.43000030517578,42.290000915527344,41.619998931884766,677100.0,40.23734664916992
2008-08-26,41.83000183105469,40.91999816894531,41.34000015258789,41.52000045776367,956900.0,40.14067077636719
2008-08-27,42.56999969482422,41.119998931884766,41.720001220703125,42.31999969482422,1008300.0,40.91409683227539
2008-08-28,43.400001525878906,42.20000076293945,42.599998474121094,43.38999938964844,1344800.0,41.948543548583984
2008-08-29,43.58000183105469,42.93000030517578,43.11000061035156,43.040000915527344,766900.0,41.61017990112305
2008-09-02,45.52000045776367,43.470001220703125,43.58000183105469,44.0099983215332,1577500.0,42.54796600341797
2008-09-03,44.599998474121094,43.66999816894531,44.0099983215332,44.099998474121094,1261800.0,42.634971618652344
2008-09-04,43.849998474121094,42.59000015258789,43.849998474121094,42.90999984741211,980100.0,41.484493255615234
2008-09-05,42.4900016784668,41.59000015258789,42.22999954223633,42.130001068115234,977800.0,40.730411529541016
2008-09-08,43.38999938964844,42.290000915527344,43.0,43.18000030517578,1345400.0,41.74552917480469
2008-09-09,43.63999938964844,42.02000045776367,43.220001220703125,42.209999084472656,1781900.0,40.80775833129883
2008-09-10,43.27000045776367,42.04999923706055,42.439998626708984,42.939998626708984,1272500.0,41.51349639892578
2008-09-11,42.560001373291016,41.630001068115234,42.31999969482422,42.459999084472656,1373000.0,41.04945373535156
2008-09-12,42.209999084472656,41.11000061035156,42.20000076293945,41.720001220703125,1077400.0,40.33404541015625
2008-09-15,41.400001525878906,39.029998779296875,39.900001525878906,40.2599983215332,1654400.0,38.92253875732422
2008-09-16,40.650001525878906,39.16999816894531,39.689998626708984,39.849998474121094,2118800.0,38.52614212036133
2008-09-17,40.08000183105469,38.06999969482422,38.86000061035156,38.2400016784668,1800900.0,37.025394439697266
2008-09-18,41.369998931884766,37.5099983215332,41.20000076293945,38.279998779296875,3411600.0,37.064117431640625
2008-09-19,42.060001373291016,38.689998626708984,40.02000045776367,39.06999969482422,2178900.0,37.82902908325195
2008-09-22,40.279998779296875,38.630001068115234,39.400001525878906,38.72999954223633,1408500.0,37.499820709228516
2008-09-23,39.72999954223633,38.54999923706055,39.0,39.06999969482422,1317600.0,37.82902908325195
2008-09-24,40.2599983215332,38.709999084472656,39.060001373291016,39.540000915527344,1388500.0,38.28410339355469
2008-09-25,40.58000183105469,39.33000183105469,40.18000030517578,39.599998474121094,1290700.0,38.342185974121094
2008-09-26,40.93000030517578,38.529998779296875,39.20000076293945,40.130001068115234,1506900.0,38.85535430908203
2008-09-29,40.04999923706055,38.20000076293945,39.310001373291016,38.83000183105469,2489000.0,37.59664535522461
2008-09-30,40.11000061035156,38.5,39.5,39.65999984741211,1589100.0,38.40029525756836
2008-10-01,41.2400016784668,39.31999969482422,41.2400016784668,39.97999954223633,4616300.0,38.71013259887695
2008-10-02,40.529998779296875,38.11000061035156,39.77000045776367,38.88999938964844,2071400.0,37.654747009277344
2008-10-03,40.0,36.59000015258789,39.27000045776367,36.75,2109900.0,35.58271789550781
2008-10-06,35.939998626708984,32.97999954223633,35.5099983215332,34.369998931884766,3028900.0,33.27831268310547
2008-10-07,32.779998779296875,27.729999542236328,31.959999084472656,28.600000381469727,6364400.0,27.69158172607422
2008-10-08,29.770000457763672,27.43000030517578,27.770000457763672,29.399999618530273,3477600.0,28.466167449951172
2008-10-09,30.670000076293945,27.719999313354492,29.700000762939453,27.969999313354492,2116300.0,27.081586837768555
2008-10-10,27.899999618530273,25.459999084472656,26.450000762939453,26.969999313354492,2830000.0,26.113351821899414
2008-10-13,29.190000534057617,27.299999237060547,28.209999084472656,28.280000686645508,2191400.0,27.381742477416992
2008-10-14,29.760000228881836,27.270000457763672,29.280000686645508,27.829999923706055,2355600.0,26.946044921875
2008-10-15,28.100000381469727,24.899999618530273,28.100000381469727,25.3799991607666,2619600.0,24.573854446411133
2008-10-16,26.440000534057617,24.309999465942383,25.350000381469727,26.389999389648438,2062500.0,25.551776885986328
2008-10-17,34.529998779296875,25.729999542236328,25.729999542236328,27.579999923706055,2172400.0,26.7039852142334
2008-10-20,29.780000686645508,27.889999389648438,27.889999389648438,29.780000686645508,1779000.0,28.8341064453125
2008-10-21,30.1299991607666,28.889999389648438,29.760000228881836,29.0,1363200.0,28.078876495361328
2008-10-22,29.09000015258789,27.170000076293945,28.459999084472656,28.149999618530273,1736600.0,27.255870819091797
2008-10-23,28.450000762939453,25.860000610351562,28.309999465942383,27.229999542236328,1763100.0,26.365097045898438
2008-10-24,26.739999771118164,24.920000076293945,26.0,25.90999984741211,1200800.0,25.087024688720703
2008-10-27,26.219999313354492,24.110000610351562,25.280000686645508,24.170000076293945,1885000.0,23.402292251586914
2008-10-28,26.450000762939453,24.360000610351562,25.0,26.450000762939453,1850300.0,25.609872817993164
2008-10-29,27.25,25.5,26.360000610351562,25.5,1660000.0,24.690038681030273
2008-10-30,27.889999389648438,26.290000915527344,27.020000457763672,27.06999969482422,1925800.0,26.210176467895508
2008-10-31,31.399999618530273,26.8799991607666,27.25,31.200000762939453,3609500.0,30.20899772644043
2008-11-03,31.68000030517578,29.790000915527344,30.920000076293945,30.079999923706055,2656800.0,29.12457275390625
2008-11-04,31.459999084472656,30.020000457763672,30.68000030517578,31.420000076293945,1425300.0,30.42201042175293
2008-11-05,31.209999084472656,29.100000381469727,31.149999618530273,29.31999969482422,1110600.0,28.388710021972656
2008-11-06,29.899999618530273,27.950000762939453,29.31999969482422,28.06999969482422,1166300.0,27.178421020507812
2008-11-07,28.889999389648438,27.8799991607666,28.149999618530273,28.610000610351562,993500.0,27.701265335083008
2008-11-10,29.3799991607666,27.15999984741211,29.209999084472656,27.559999465942383,751700.0,26.68461799621582
2008-11-11,27.59000015258789,25.850000381469727,27.559999465942383,26.6200008392334,1217700.0,25.774473190307617
2008-11-12,26.549999237060547,24.670000076293945,25.81999969482422,24.8799991607666,1132400.0,24.089740753173828
2008-11-13,28.75,24.739999771118164,25.0,28.600000381469727,1623500.0,27.69158172607422
2008-11-14,28.479999542236328,25.889999389648438,28.219999313354492,26.040000915527344,1321600.0,25.2128963470459
2008-11-17,26.920000076293945,25.450000762939453,26.0,25.809999465942383,1040400.0,24.99020004272461
2008-11-18,26.889999389648438,25.290000915527344,25.8700008392334,26.549999237060547,1136600.0,25.706695556640625
2008-11-19,27.280000686645508,26.489999771118164,26.489999771118164,26.65999984741211,2964600.0,25.813203811645508
2008-11-20,27.260000228881836,25.56999969482422,26.290000915527344,25.780000686645508,2484200.0,24.961153030395508
2008-11-21,26.579999923706055,24.030000686645508,26.3799991607666,26.56999969482422,1646500.0,25.726058959960938
2008-11-24,28.739999771118164,26.229999542236328,27.0,28.170000076293945,1695700.0,27.275238037109375
2008-11-25,29.31999969482422,27.899999618530273,28.649999618530273,29.18000030517578,1385200.0,28.253162384033203
2008-11-26,31.649999618530273,28.239999771118164,28.690000534057617,31.149999618530273,1366100.0,30.160585403442383
2008-11-28,31.25,29.979999542236328,31.25,30.360000610351562,775200.0,29.39567756652832
2008-12-01,29.68000030517578,28.1200008392334,29.450000762939453,28.15999984741211,1331800.0,27.265554428100586
2008-12-02,30.100000381469727,28.1200008392334,28.6200008392334,29.969999313354492,1265500.0,29.018068313598633
2008-12-03,30.540000915527344,28.549999237060547,29.329999923706055,29.40999984741211,2229400.0,28.475852966308594
2008-12-04,30.190000534057617,28.649999618530273,29.270000457763672,29.290000915527344,1719100.0,28.359661102294922
2008-12-05,31.799999237060547,28.6200008392334,29.260000228881836,31.719999313354492,1516100.0,30.712478637695312
2008-12-08,33.34000015258789,31.770000457763672,32.290000915527344,32.2599983215332,1579200.0,31.235328674316406
2008-12-09,33.77000045776367,31.989999771118164,32.2599983215332,32.189998626708984,1746400.0,31.167552947998047
2008-12-10,33.099998474121094,31.770000457763672,32.220001220703125,32.7400016784668,726000.0,31.70008087158203
2008-12-11,34.439998626708984,31.790000915527344,32.59000015258789,32.189998626708984,2071800.0,31.167552947998047
2008-12-12,32.90999984741211,31.40999984741211,31.40999984741211,32.470001220703125,948600.0,31.438657760620117
2008-12-15,32.54999923706055,30.760000228881836,32.459999084472656,31.219999313354492,1221600.0,30.22835922241211
2008-12-16,32.970001220703125,31.040000915527344,31.530000686645508,32.84000015258789,1290900.0,31.796913146972656
2008-12-17,33.43000030517578,32.16999816894531,32.38999938964844,33.040000915527344,1161700.0,31.990558624267578
2008-12-18,33.790000915527344,33.06999969482422,33.22999954223633,33.7400016784668,1611800.0,32.66832733154297
2008-12-19,34.439998626708984,32.31999969482422,33.970001220703125,32.61000061035156,2547700.0,31.574209213256836
2008-12-22,32.58000183105469,30.190000534057617,32.560001373291016,31.209999084472656,1467000.0,30.218677520751953
2008-12-23,32.029998779296875,30.68000030517578,31.31999969482422,30.8700008392334,1156200.0,29.947052001953125
2008-12-24,31.549999237060547,30.40999984741211,30.760000228881836,31.3799991607666,234400.0,30.44179916381836
2008-12-26,31.68000030517578,31.1200008392334,31.520000457763672,31.5,628500.0,30.558216094970703
2008-12-29,31.8799991607666,30.899999618530273,31.600000381469727,31.559999465942383,679700.0,30.616430282592773
2008-12-30,33.15999984741211,31.68000030517578,31.68000030517578,33.0099983215332,830700.0,32.0230712890625
2008-12-31,33.7400016784668,32.709999084472656,33.11000061035156,33.650001525878906,920700.0,32.64394760131836
2009-01-02,34.29999923706055,33.06999969482422,33.86000061035156,34.13999938964844,795900.0,33.11928176879883
2009-01-05,34.130001068115234,33.369998931884766,33.88999938964844,33.68000030517578,969700.0,32.67305374145508
2009-01-06,34.29999923706055,33.279998779296875,34.0099983215332,33.72999954223633,1159300.0,32.721553802490234
2009-01-07,33.5,31.84000015258789,33.290000915527344,32.38999938964844,1919100.0,31.42160415649414
2009-01-08,32.599998474121094,31.25,32.380001068115234,32.5,1165200.0,31.528318405151367
2009-01-09,32.38999938964844,31.549999237060547,32.38999938964844,31.780000686645508,991500.0,30.82985496520996
2009-01-12,31.790000915527344,30.510000228881836,31.579999923706055,30.829999923706055,825600.0,29.908248901367188
2009-01-13,31.270000457763672,30.459999084472656,30.670000076293945,31.1200008392334,1141800.0,30.189584732055664
2009-01-14,30.760000228881836,30.0,30.459999084472656,30.1299991607666,1065600.0,29.229175567626953
2009-01-15,31.1200008392334,29.5,30.1299991607666,30.59000015258789,1612400.0,29.6754207611084
2009-01-16,31.850000381469727,30.559999465942383,31.030000686645508,31.719999313354492,930300.0,30.771635055541992
2009-01-20,31.6299991607666,30.010000228881836,31.239999771118164,30.15999984741211,753400.0,29.258277893066406
2009-01-21,31.549999237060547,29.790000915527344,30.219999313354492,31.479999542236328,1600800.0,30.538822174072266
2009-01-22,33.189998626708984,31.700000762939453,32.279998779296875,32.709999084472656,2429000.0,31.732038497924805
2009-01-23,33.59000015258789,31.43000030517578,32.09000015258789,32.84000015258789,1393600.0,31.85814666748047
2009-01-26,33.5099983215332,32.31999969482422,32.31999969482422,32.77000045776367,1567700.0,31.790245056152344
2009-01-27,33.88999938964844,32.599998474121094,33.369998931884766,33.029998779296875,1059900.0,32.04248809814453
2009-01-28,34.54999923706055,33.47999954223633,33.72999954223633,34.400001525878906,1432100.0,33.371517181396484
2009-01-29,34.38999938964844,33.25,34.040000915527344,33.369998931884766,1025600.0,32.37229919433594
2009-01-30,33.84000015258789,32.459999084472656,33.560001373291016,32.72999954223633,1273100.0,31.75144386291504
2009-02-02,33.18000030517578,32.18000030517578,32.18000030517578,33.040000915527344,910500.0,32.05216598510742
2009-02-03,34.119998931884766,32.380001068115234,33.06999969482422,33.93000030517578,1190100.0,32.915565490722656
2009-02-04,34.0,32.900001525878906,33.88999938964844,33.380001068115234,1947500.0,32.38200759887695
2009-02-05,33.56999969482422,32.68000030517578,33.20000076293945,32.95000076293945,2399000.0,31.964859008789062
2009-02-06,34.209999084472656,32.86000061035156,33.029998779296875,33.630001068115234,1773700.0,32.62453842163086
2009-02-09,34.25,33.2599983215332,33.70000076293945,34.25,1603900.0,33.22599792480469
2009-02-10,34.709999084472656,32.84000015258789,33.95000076293945,32.95000076293945,2653400.0,31.964859008789062
2009-02-11,33.529998779296875,32.599998474121094,33.06999969482422,32.7599983215332,1735800.0,31.780536651611328
2009-02-12,33.099998474121094,31.639999389648438,32.45000076293945,33.0,2015900.0,32.01337432861328
2009-02-13,33.7400016784668,32.68000030517578,33.20000076293945,32.81999969482422,974200.0,31.8387393951416
2009-02-17,32.79999923706055,31.81999969482422,31.959999084472656,32.13999938964844,2782900.0,31.1790828704834
2009-02-18,33.08000183105469,31.829999923706055,32.220001220703125,32.630001068115234,3238800.0,31.654438018798828
2009-02-19,37.93000030517578,36.2599983215332,36.369998931884766,37.0,9416800.0,35.893798828125
2009-02-20,37.900001525878906,36.29999923706055,36.310001373291016,36.90999984741211,4039300.0,35.80646896362305
2009-02-23,37.810001373291016,36.36000061035156,37.290000915527344,36.470001220703125,3021500.0,35.3796272277832
2009-02-24,37.970001220703125,36.58000183105469,36.88999938964844,37.58000183105469,3089700.0,36.456443786621094
2009-02-25,38.189998626708984,37.0,37.470001220703125,37.5,3130700.0,36.37882995605469
2009-02-26,38.63999938964844,37.25,38.0,37.529998779296875,2744300.0,36.40792465209961
2009-02-27,38.75,37.099998474121094,37.34000015258789,38.25,2674000.0,37.106414794921875
2009-03-02,38.560001373291016,36.119998931884766,37.689998626708984,36.310001373291016,2624400.0,35.224403381347656
2009-03-03,39.5,37.619998931884766,38.310001373291016,38.31999969482422,4830600.0,37.174312591552734
2009-03-04,38.93000030517578,37.34000015258789,38.91999816894531,37.540000915527344,3222500.0,36.417633056640625
2009-03-05,38.2599983215332,36.25,36.91999816894531,37.189998626708984,2040700.0,36.07809829711914
2009-03-06,37.619998931884766,35.4900016784668,37.380001068115234,36.43000030517578,3822700.0,35.340816497802734
2009-03-09,37.66999816894531,35.77000045776367,36.220001220703125,36.0099983215332,1860000.0,34.933372497558594
2009-03-10,38.38999938964844,36.52000045776367,36.650001525878906,38.279998779296875,2105400.0,37.13551330566406
2009-03-11,39.63999938964844,37.7599983215332,38.060001373291016,39.400001525878906,2855100.0,38.22202682495117
2009-03-12,39.9900016784668,38.70000076293945,39.31999969482422,39.86000061035156,2327800.0,38.66826629638672
2009-03-13,40.0,38.880001068115234,39.7599983215332,39.72999954223633,1450800.0,38.54215621948242
2009-03-16,39.86000061035156,38.63999938964844,39.81999969482422,38.869998931884766,1548500.0,37.70786666870117
2009-03-17,39.90999984741211,38.5,38.70000076293945,39.540000915527344,1495000.0,38.35783767700195
2009-03-18,41.529998779296875,39.34000015258789,39.540000915527344,41.040000915527344,2790700.0,39.812992095947266
2009-03-19,41.75,40.11000061035156,41.75,41.060001373291016,1545100.0,39.8323974609375
2009-03-20,41.400001525878906,39.540000915527344,41.400001525878906,40.0099983215332,1727600.0,38.813785552978516
2009-03-23,40.68000030517578,37.7599983215332,40.369998931884766,40.650001525878906,3274800.0,39.43465042114258
2009-03-24,40.56999969482422,39.09000015258789,40.25,39.150001525878906,2800600.0,37.979496002197266
2009-03-25,40.0,38.45000076293945,39.400001525878906,40.0,2606700.0,38.86365509033203
2009-03-26,42.38999938964844,39.88999938964844,40.16999816894531,42.189998626708984,2634300.0,40.991424560546875
2009-03-27,41.97999954223633,41.2599983215332,41.810001373291016,41.79999923706055,1441500.0,40.61250686645508
2009-03-30,41.63999938964844,40.43000030517578,41.119998931884766,41.63999938964844,1594300.0,40.45705032348633
2009-03-31,42.11000061035156,40.59000015258789,42.11000061035156,41.08000183105469,1865300.0,39.912967681884766
2009-04-01,42.2400016784668,40.400001525878906,40.52000045776367,42.09000015258789,1973000.0,40.89426803588867
2009-04-02,41.65999984741211,39.61000061035156,41.04999923706055,39.77000045776367,4266500.0,38.640174865722656
2009-04-03,40.5099983215332,38.11000061035156,38.54999923706055,40.5099983215332,3577500.0,39.35917282104492
2009-04-06,40.47999954223633,39.380001068115234,40.15999984741211,40.29999923706055,2064200.0,39.155113220214844
2009-04-07,40.040000915527344,39.20000076293945,39.90999984741211,39.4900016784668,1931600.0,38.36812973022461
2009-04-08,41.040000915527344,39.310001373291016,40.040000915527344,40.68000030517578,1872200.0,39.52433776855469
2009-04-09,42.5,41.31999969482422,41.31999969482422,42.290000915527344,2094600.0,41.08859634399414
2009-04-13,42.150001525878906,40.560001373291016,42.04999923706055,41.220001220703125,1845400.0,40.04899215698242
2009-04-14,41.11000061035156,39.709999084472656,40.88999938964844,40.619998931884766,1608900.0,39.466033935546875
2009-04-15,42.15999984741211,40.09000015258789,40.5,42.06999969482422,2367600.0,40.87483596801758
2009-04-16,43.83000183105469,41.970001220703125,42.52000045776367,43.540000915527344,1884700.0,42.30309295654297
2009-04-17,43.849998474121094,43.0099983215332,43.7400016784668,43.34000015258789,1305000.0,42.1087646484375
2009-04-20,43.06999969482422,41.529998779296875,41.709999084472656,41.81999969482422,1119400.0,40.6319465637207
2009-04-21,42.66999816894531,41.459999084472656,42.0,42.61000061035156,1032900.0,41.39949417114258
2009-04-22,44.18000030517578,42.2400016784668,42.2400016784668,43.619998931884766,2167600.0,42.38081741333008
2009-04-23,44.63999938964844,43.400001525878906,43.650001525878906,44.13999938964844,1834200.0,42.88603210449219
2009-04-24,44.38999938964844,42.5,44.189998626708984,42.630001068115234,1818800.0,41.41893005371094
2009-04-27,43.08000183105469,42.02000045776367,42.45000076293945,42.470001220703125,1713100.0,41.26348114013672
2009-04-28,44.0,42.099998474121094,42.349998474121094,43.47999954223633,1849000.0,42.24477767944336
2009-04-29,44.380001068115234,42.31999969482422,43.86000061035156,42.599998474121094,1593800.0,41.3897705078125
2009-04-30,44.88999938964844,43.29999923706055,43.970001220703125,43.75,2504700.0,42.50712585449219
2009-05-01,43.779998779296875,42.099998474121094,43.779998779296875,42.43000030517578,1513800.0,41.224609375
2009-05-04,44.0099983215332,42.630001068115234,42.84000015258789,43.779998779296875,1186600.0,42.536251068115234
2009-05-05,43.27000045776367,41.97999954223633,42.43000030517578,42.060001373291016,2809400.0,40.8651237487793
2009-05-06,43.279998779296875,41.290000915527344,42.31999969482422,42.27000045776367,2622000.0,41.06915283203125
2009-05-07,43.04999923706055,41.529998779296875,42.959999084472656,41.849998474121094,1498300.0,40.66109085083008
2009-05-08,42.540000915527344,41.08000183105469,42.2599983215332,41.70000076293945,1258200.0,40.51535415649414
2009-05-11,41.91999816894531,40.20000076293945,41.150001525878906,41.27000045776367,1066700.0,40.097564697265625
2009-05-12,41.959999084472656,39.79999923706055,41.52000045776367,40.43000030517578,1424000.0,39.28142166137695
2009-05-13,40.41999816894531,39.5,39.93000030517578,39.7599983215332,1657600.0,38.63044738769531
2009-05-14,41.5099983215332,39.720001220703125,39.720001220703125,39.93000030517578,1478000.0,38.79563903808594
2009-05-15,40.97999954223633,39.61000061035156,39.95000076293945,40.65999984741211,1160000.0,39.504905700683594
2009-05-18,42.040000915527344,40.43000030517578,41.119998931884766,41.970001220703125,1757300.0,40.77769088745117
2009-05-19,44.130001068115234,43.029998779296875,43.029998779296875,43.380001068115234,3061600.0,42.14762878417969
2009-05-20,44.029998779296875,42.470001220703125,43.959999084472656,42.88999938964844,2950600.0,41.671539306640625
2009-05-21,43.15999984741211,41.5,42.529998779296875,42.77000045776367,4158700.0,41.554954528808594
2009-05-22,43.7599983215332,42.599998474121094,43.18000030517578,43.0,2091800.0,41.77842712402344
2009-05-26,45.20000076293945,42.43000030517578,42.599998474121094,45.130001068115234,3451300.0,43.847904205322266
2009-05-27,45.0,43.869998931884766,44.599998474121094,44.150001525878906,2489700.0,42.895755767822266
2009-05-28,44.7599983215332,42.25,44.52000045776367,43.41999816894531,2876000.0,42.18647766113281
2009-05-29,43.459999084472656,41.97999954223633,43.45000076293945,42.59000015258789,3022800.0,41.38007354736328
2009-06-01,44.11000061035156,42.630001068115234,43.189998626708984,43.849998474121094,2640900.0,42.60426712036133
2009-06-02,45.45000076293945,43.849998474121094,44.099998474121094,45.150001525878906,2473900.0,43.867340087890625
2009-06-03,45.20000076293945,44.34000015258789,44.75,45.150001525878906,1651100.0,43.867340087890625
2009-06-04,45.25,43.7400016784668,45.150001525878906,44.560001373291016,1526700.0,43.294090270996094
2009-06-05,44.97999954223633,43.5,44.7400016784668,43.779998779296875,2034500.0,42.536251068115234
2009-06-08,44.2599983215332,42.90999984741211,43.59000015258789,43.959999084472656,1432000.0,42.71113967895508
2009-06-09,44.599998474121094,43.619998931884766,44.060001373291016,44.349998474121094,1278000.0,43.090057373046875
2009-06-10,44.5,42.86000061035156,44.470001220703125,43.5,1600300.0,42.264217376708984
2009-06-11,43.66999816894531,41.43000030517578,43.40999984741211,41.52000045776367,2995200.0,40.34046173095703
2009-06-12,41.560001373291016,40.689998626708984,41.38999938964844,41.2400016784668,1932600.0,40.068424224853516
2009-06-15,41.54999923706055,40.5,40.75,41.4900016784668,1808400.0,40.311317443847656
2009-06-16,41.81999969482422,40.650001525878906,41.81999969482422,40.84000015258789,1614500.0,39.67979049682617
2009-06-17,42.72999954223633,40.720001220703125,40.91999816894531,42.15999984741211,1921500.0,40.9622917175293
2009-06-18,42.869998931884766,41.880001068115234,42.38999938964844,42.58000183105469,1310500.0,41.370361328125
2009-06-19,43.11000061035156,42.310001373291016,42.779998779296875,42.77000045776367,2054400.0,41.554954528808594
2009-06-22,42.619998931884766,41.47999954223633,42.5,42.25,1576200.0,41.04973602294922
2009-06-23,42.41999816894531,41.7400016784668,42.27000045776367,41.86000061035156,1357200.0,40.670814514160156
2009-06-24,42.0099983215332,40.72999954223633,41.939998626708984,41.0099983215332,1477500.0,39.902137756347656
2009-06-25,42.31999969482422,40.86000061035156,40.88999938964844,42.04999923706055,1168500.0,40.91404724121094
2009-06-26,42.41999816894531,41.65999984741211,42.08000183105469,41.77000045776367,1181800.0,40.641624450683594
2009-06-29,42.18000030517578,41.29999923706055,42.06999969482422,41.560001373291016,1601500.0,40.43729782104492
2009-06-30,42.189998626708984,41.220001220703125,41.619998931884766,41.4900016784668,1393500.0,40.369178771972656
2009-07-01,42.290000915527344,41.4900016784668,41.709999084472656,42.09000015258789,1521800.0,40.952972412109375
2009-07-02,42.619998931884766,41.66999816894531,41.689998626708984,42.2400016784668,1672700.0,41.09892272949219
2009-07-06,43.27000045776367,41.77000045776367,41.83000183105469,42.36000061035156,1015700.0,41.21567153930664
2009-07-07,42.4900016784668,41.650001525878906,42.29999923706055,41.75,1061400.0,40.62215805053711
2009-07-08,44.279998779296875,41.66999816894531,41.90999984741211,44.150001525878906,3052400.0,42.957332611083984
2009-07-09,44.65999984741211,43.66999816894531,44.47999954223633,44.119998931884766,1254400.0,42.92813491821289
2009-07-10,44.38999938964844,43.619998931884766,44.02000045776367,44.18000030517578,1073100.0,42.98651123046875
2009-07-13,44.97999954223633,43.220001220703125,44.119998931884766,44.91999816894531,1427400.0,43.70652389526367
2009-07-14,45.0,44.0,44.83000183105469,44.38999938964844,1652200.0,43.19083786010742
2009-07-15,45.040000915527344,44.220001220703125,44.45000076293945,44.91999816894531,1793200.0,43.70652389526367
2009-07-16,45.59000015258789,44.630001068115234,44.93000030517578,45.40999984741211,1273700.0,44.183292388916016
2009-07-17,45.58000183105469,44.97999954223633,45.369998931884766,45.2599983215332,761500.0,44.03734588623047
2009-07-20,45.68000030517578,44.95000076293945,45.279998779296875,45.61000061035156,1510400.0,44.377891540527344
2009-07-21,46.36000061035156,45.369998931884766,46.209999084472656,46.130001068115234,1212100.0,44.88383483886719
2009-07-22,47.09000015258789,45.79999923706055,46.119998931884766,46.459999084472656,1010500.0,45.204925537109375
2009-07-23,47.220001220703125,46.02000045776367,46.619998931884766,46.599998474121094,1281600.0,45.34114456176758
2009-07-24,46.86000061035156,46.11000061035156,46.310001373291016,46.54999923706055,566100.0,45.29248809814453
2009-07-27,46.77000045776367,45.77000045776367,46.630001068115234,46.47999954223633,740900.0,45.22438049316406
2009-07-28,46.560001373291016,45.68000030517578,46.31999969482422,45.88999938964844,906700.0,44.65032196044922
2009-07-29,46.25,44.90999984741211,45.70000076293945,45.349998474121094,1145300.0,44.124908447265625
2009-07-30,47.40999984741211,45.599998474121094,45.599998474121094,47.0,1919200.0,45.73032760620117
2009-07-31,47.16999816894531,46.119998931884766,47.0099983215332,46.22999954223633,1071600.0,44.98112869262695
2009-08-03,47.08000183105469,45.68000030517578,46.529998779296875,47.060001373291016,1211600.0,45.78871154785156
2009-08-04,47.060001373291016,45.279998779296875,47.0,45.459999084472656,1101100.0,44.231937408447266
2009-08-05,45.65999984741211,44.220001220703125,45.5,45.130001068115234,2025600.0,43.91084289550781
2009-08-06,45.83000183105469,44.400001525878906,45.13999938964844,45.33000183105469,1356400.0,44.105438232421875
2009-08-07,47.08000183105469,45.5099983215332,45.869998931884766,46.959999084472656,1022400.0,45.6914176940918
2009-08-10,46.95000076293945,45.880001068115234,46.95000076293945,46.060001373291016,911200.0,44.81572723388672
2009-08-11,46.0,44.97999954223633,45.790000915527344,45.22999954223633,1623800.0,44.00816345214844
2009-08-12,46.16999816894531,44.86000061035156,45.27000045776367,45.630001068115234,1597400.0,44.39735412597656
2009-08-13,43.560001373291016,41.540000915527344,43.119998931884766,43.27000045776367,5816600.0,42.10109329223633
2009-08-14,43.849998474121094,42.91999816894531,43.810001373291016,43.150001525878906,2274200.0,41.984344482421875
2009-08-17,43.5,42.189998626708984,42.369998931884766,43.06999969482422,1646700.0,41.906490325927734
2009-08-18,43.77000045776367,42.880001068115234,43.16999816894531,43.099998474121094,1674400.0,41.935707092285156
2009-08-19,43.81999969482422,42.779998779296875,42.79999923706055,43.720001220703125,1927300.0,42.53894805908203
2009-08-20,43.79999923706055,43.0099983215332,43.70000076293945,43.09000015258789,2125400.0,41.92597198486328
2009-08-21,43.939998626708984,43.029998779296875,43.2599983215332,43.18000030517578,1674500.0,42.013519287109375
2009-08-24,43.38999938964844,42.41999816894531,43.380001068115234,42.58000183105469,2031700.0,41.429744720458984
2009-08-25,43.63999938964844,42.79999923706055,42.79999923706055,43.0099983215332,1995300.0,41.84811019897461
2009-08-26,43.4900016784668,42.599998474121094,42.900001525878906,42.720001220703125,1720000.0,41.56596374511719
2009-08-27,43.150001525878906,42.09000015258789,42.88999938964844,43.09000015258789,1681900.0,41.92597198486328
2009-08-28,43.29999923706055,42.56999969482422,43.029998779296875,43.119998931884766,1307600.0,41.95515441894531
2009-08-31,42.75,42.040000915527344,42.75,42.29999923706055,1962300.0,41.15730285644531
2009-09-01,42.75,41.15999984741211,42.040000915527344,41.540000915527344,1706300.0,40.41783905029297
2009-09-02,41.869998931884766,41.4900016784668,41.54999923706055,41.5,1223000.0,40.378910064697266
2009-09-03,41.900001525878906,41.099998474121094,41.77000045776367,41.619998931884766,1580300.0,40.49565887451172
2009-09-04,41.599998474121094,41.04999923706055,41.54999923706055,41.20000076293945,1606700.0,40.08701705932617
2009-09-08,41.810001373291016,40.9900016784668,41.36000061035156,41.5,1855500.0,40.378910064697266
2009-09-09,41.880001068115234,41.189998626708984,41.61000061035156,41.54999923706055,1791700.0,40.42755889892578
2009-09-10,41.7599983215332,40.36000061035156,41.47999954223633,40.61000061035156,3503400.0,39.51295471191406
2009-09-11,40.650001525878906,38.08000183105469,40.650001525878906,39.150001525878906,7883700.0,38.0924072265625
2009-09-14,39.869998931884766,38.31999969482422,38.91999816894531,39.66999816894531,3092100.0,38.598358154296875
2009-09-15,39.869998931884766,38.599998474121094,39.630001068115234,39.029998779296875,3105300.0,37.97563171386719
2009-09-16,39.34000015258789,38.47999954223633,39.220001220703125,38.779998779296875,1918700.0,37.732398986816406
2009-09-17,39.400001525878906,38.56999969482422,38.63999938964844,38.709999084472656,1876300.0,37.66429138183594
2009-09-18,39.290000915527344,38.7599983215332,38.7599983215332,39.279998779296875,2637000.0,38.21888732910156
2009-09-21,40.349998474121094,38.77000045776367,39.09000015258789,40.11000061035156,2804700.0,39.02645492553711
2009-09-22,40.790000915527344,40.119998931884766,40.189998626708984,40.31999969482422,2441800.0,39.23078155517578
2009-09-23,39.869998931884766,38.529998779296875,39.689998626708984,38.630001068115234,4892900.0,37.642459869384766
2009-09-24,39.630001068115234,38.439998626708984,38.77000045776367,38.97999954223633,3797200.0,37.983516693115234
2009-09-25,39.529998779296875,38.630001068115234,38.939998626708984,39.16999816894531,1685400.0,38.16865158081055
2009-09-28,39.86000061035156,39.18000030517578,39.40999984741211,39.38999938964844,1562000.0,38.38302993774414
2009-09-29,39.880001068115234,39.040000915527344,39.41999816894531,39.189998626708984,1166400.0,38.18815231323242
2009-09-30,39.66999816894531,38.619998931884766,39.11000061035156,39.279998779296875,2196300.0,38.27583694458008
2009-10-01,39.25,37.790000915527344,39.25,37.939998626708984,2916800.0,36.970088958740234
2009-10-02,38.20000076293945,37.400001525878906,37.66999816894531,37.47999954223633,2629300.0,36.5218505859375
2009-10-05,38.459999084472656,37.349998474121094,37.349998474121094,37.650001525878906,1678600.0,36.68751907348633
2009-10-06,38.68000030517578,37.7400016784668,37.939998626708984,38.599998474121094,3566800.0,37.61323165893555
2009-10-07,38.7400016784668,37.310001373291016,38.04999923706055,38.59000015258789,3804300.0,37.603485107421875
2009-10-08,39.209999084472656,38.2599983215332,38.779998779296875,38.380001068115234,2232000.0,37.39885330200195
2009-10-09,38.7599983215332,37.720001220703125,38.279998779296875,38.470001220703125,2695700.0,37.48654556274414
2009-10-12,38.869998931884766,38.209999084472656,38.470001220703125,38.2599983215332,1135100.0,37.28192138671875
2009-10-13,38.380001068115234,37.939998626708984,37.939998626708984,38.13999938964844,850400.0,37.164981842041016
2009-10-14,39.29999923706055,38.54999923706055,38.54999923706055,39.20000076293945,1476800.0,38.1978874206543
2009-10-15,39.47999954223633,38.869998931884766,39.0,39.369998931884766,1151500.0,38.36354064941406
2009-10-16,39.7599983215332,39.02000045776367,39.220001220703125,39.650001525878906,1638700.0,38.636383056640625
2009-10-19,39.91999816894531,38.83000183105469,39.619998931884766,39.40999984741211,1938900.0,38.40251159667969
2009-10-20,39.33000183105469,38.33000183105469,39.2400016784668,38.400001525878906,1422700.0,37.418331146240234
2009-10-21,38.709999084472656,37.43000030517578,38.40999984741211,37.459999084472656,1362600.0,36.50237274169922
2009-10-22,37.81999969482422,37.2599983215332,37.52000045776367,37.7400016784668,1332600.0,36.775203704833984
2009-10-23,37.83000183105469,36.47999954223633,37.7400016784668,36.70000076293945,3128300.0,35.76177978515625
2009-10-26,37.2400016784668,36.459999084472656,36.630001068115234,36.61000061035156,2349500.0,35.67409133911133
2009-10-27,37.540000915527344,36.11000061035156,36.439998626708984,36.90999984741211,2389500.0,35.9664192199707
2009-10-28,37.790000915527344,36.130001068115234,37.0,36.4900016784668,3250700.0,35.557159423828125
2009-10-29,37.970001220703125,36.66999816894531,37.099998474121094,37.25,2939600.0,36.29774475097656
2009-10-30,37.709999084472656,37.06999969482422,37.220001220703125,37.2599983215332,2666600.0,36.3074836730957
2009-11-02,37.650001525878906,36.40999984741211,37.61000061035156,36.869998931884766,1960800.0,35.927452087402344
2009-11-03,38.619998931884766,36.630001068115234,36.630001068115234,38.540000915527344,3108600.0,37.55475616455078
2009-11-04,38.9900016784668,37.40999984741211,38.84000015258789,37.41999816894531,3611000.0,36.46339797973633
2009-11-05,37.97999954223633,37.29999923706055,37.810001373291016,37.720001220703125,1486400.0,36.75572204589844
2009-11-06,38.150001525878906,37.380001068115234,37.619998931884766,38.040000915527344,1862400.0,37.06753921508789
2009-11-09,38.619998931884766,38.0,38.220001220703125,38.189998626708984,2695500.0,37.213706970214844
2009-11-10,39.41999816894531,37.7599983215332,38.130001068115234,39.0,3349300.0,38.00299835205078
2009-11-11,40.34000015258789,39.15999984741211,39.43000030517578,40.279998779296875,3886100.0,39.25027847290039
2009-11-12,39.02000045776367,37.56999969482422,38.150001525878906,38.689998626708984,6422300.0,37.700923919677734
2009-11-13,39.380001068115234,37.91999816894531,38.31999969482422,39.25,4468400.0,38.24660873413086
2009-11-16,39.849998474121094,38.970001220703125,39.38999938964844,39.599998474121094,1976000.0,38.58766555786133
2009-11-17,40.20000076293945,39.439998626708984,39.599998474121094,39.86000061035156,2160100.0,38.84101104736328
2009-11-18,41.04999923706055,39.849998474121094,39.849998474121094,40.959999084472656,3238300.0,39.91289138793945
2009-11-19,40.95000076293945,40.0099983215332,40.84000015258789,40.119998931884766,2239900.0,39.0943603515625
2009-11-20,40.11000061035156,39.5,39.869998931884766,39.7400016784668,2005500.0,38.72407150268555
2009-11-23,40.41999816894531,39.02000045776367,39.91999816894531,39.38999938964844,2084700.0,38.38302993774414
2009-11-24,39.5099983215332,39.02000045776367,39.310001373291016,39.15999984741211,1415500.0,38.158912658691406
2009-11-25,39.540000915527344,38.540000915527344,39.349998474121094,39.470001220703125,1456700.0,38.46098709106445
2009-11-27,39.939998626708984,38.439998626708984,38.66999816894531,39.45000076293945,767200.0,38.44149398803711
2009-11-30,39.849998474121094,39.02000045776367,39.529998779296875,39.29999923706055,1613100.0,38.295318603515625
2009-12-01,40.72999954223633,39.380001068115234,39.41999816894531,40.380001068115234,2087300.0,39.347721099853516
2009-12-02,40.790000915527344,40.150001525878906,40.31999969482422,40.61000061035156,1105100.0,39.57184600830078
2009-12-03,40.720001220703125,40.16999816894531,40.63999938964844,40.349998474121094,1278000.0,39.318485260009766
2009-12-04,41.279998779296875,40.61000061035156,40.70000076293945,40.91999816894531,1466200.0,39.87390899658203
2009-12-07,40.900001525878906,39.2599983215332,39.83000183105469,40.75,2056900.0,39.70826721191406
2009-12-08,40.90999984741211,39.84000015258789,40.33000183105469,40.439998626708984,1639500.0,39.406185150146484
2009-12-09,40.5,39.869998931884766,40.5,39.9900016784668,1652300.0,38.967689514160156
2009-12-10,40.29999923706055,39.7400016784668,40.20000076293945,39.81999969482422,2561000.0,38.80203628540039
2009-12-11,40.45000076293945,39.459999084472656,40.060001373291016,40.369998931884766,1288700.0,39.337982177734375
2009-12-14,41.209999084472656,40.380001068115234,40.56999969482422,41.04999923706055,1522400.0,40.00059127807617
2009-12-15,41.130001068115234,40.529998779296875,40.97999954223633,40.59000015258789,957400.0,39.5523567199707
2009-12-16,41.0099983215332,40.56999969482422,40.68000030517578,40.720001220703125,954900.0,39.67904281616211
2009-12-17,41.099998474121094,40.630001068115234,40.650001525878906,40.779998779296875,1306900.0,39.73749542236328
2009-12-18,41.18000030517578,40.630001068115234,41.060001373291016,40.91999816894531,1976000.0,39.87390899658203
2009-12-21,41.75,40.790000915527344,40.790000915527344,41.58000183105469,1967900.0,40.517032623291016
2009-12-22,41.75,41.310001373291016,41.5099983215332,41.470001220703125,1199800.0,40.46825408935547
2009-12-23,41.77000045776367,41.18000030517578,41.70000076293945,41.369998931884766,1056700.0,40.37068176269531
2009-12-24,41.59000015258789,41.11000061035156,41.45000076293945,41.380001068115234,362900.0,40.380428314208984
2009-12-28,41.65999984741211,41.02000045776367,41.540000915527344,41.220001220703125,1229400.0,40.22429656982422
2009-12-29,41.47999954223633,40.75,41.439998626708984,40.7599983215332,1150100.0,39.7754020690918
2009-12-30,41.029998779296875,40.54999923706055,40.54999923706055,41.0099983215332,1249400.0,40.01936340332031
2009-12-31,41.11000061035156,40.47999954223633,41.11000061035156,40.47999954223633,894500.0,39.50217056274414
2010-01-04,41.040000915527344,40.36000061035156,40.70000076293945,40.380001068115234,1701700.0,39.40459060668945
2010-01-05,40.310001373291016,39.720001220703125,40.29999923706055,40.13999938964844,1932400.0,39.170379638671875
2010-01-06,40.779998779296875,40.04999923706055,40.04999923706055,40.4900016784668,1406200.0,39.511924743652344
2010-01-07,40.540000915527344,39.54999923706055,39.54999923706055,40.47999954223633,1256800.0,39.50217056274414
2010-01-08,40.81999969482422,40.11000061035156,40.25,40.63999938964844,960300.0,39.65829849243164
2010-01-11,40.79999923706055,40.09000015258789,40.720001220703125,40.2400016784668,1038400.0,39.26796340942383
2010-01-12,39.720001220703125,38.81999969482422,39.43000030517578,39.540000915527344,1910800.0,38.584877014160156
2010-01-13,40.150001525878906,39.40999984741211,39.5,40.09000015258789,810000.0,39.121585845947266
2010-01-14,39.939998626708984,39.25,39.939998626708984,39.560001373291016,1157600.0,38.6043815612793
2010-01-15,39.65999984741211,39.16999816894531,39.34000015258789,39.310001373291016,738900.0,38.36043167114258
2010-01-19,39.52000045776367,39.04999923706055,39.29999923706055,39.5,1295000.0,38.545841217041016
2010-01-20,39.380001068115234,38.380001068115234,38.75,39.15999984741211,1865000.0,38.214054107666016
2010-01-21,39.650001525878906,38.95000076293945,39.34000015258789,39.22999954223633,1297400.0,38.28235626220703
2010-01-22,40.63999938964844,39.130001068115234,39.130001068115234,39.7400016784668,2629300.0,38.780033111572266
2010-01-25,40.599998474121094,40.0,40.0099983215332,40.5,1396900.0,39.52167510986328
2010-01-26,41.0,40.2599983215332,40.47999954223633,40.54999923706055,1084100.0,39.570491790771484
2010-01-27,40.7400016784668,39.95000076293945,40.59000015258789,40.59000015258789,1203200.0,39.60952377319336
2010-01-28,40.5,39.66999816894531,40.5,39.77000045776367,1206000.0,38.80930709838867
2010-01-29,40.400001525878906,39.41999816894531,39.9900016784668,39.45000076293945,948500.0,38.497047424316406
2010-02-01,40.5099983215332,39.5,39.54999923706055,40.4900016784668,1106600.0,39.511924743652344
2010-02-02,41.349998474121094,40.459999084472656,40.459999084472656,41.189998626708984,1296200.0,40.195011138916016
2010-02-03,41.380001068115234,40.93000030517578,41.189998626708984,41.189998626708984,1147600.0,40.195011138916016
2010-02-04,41.72999954223633,40.689998626708984,41.060001373291016,40.93000030517578,1611600.0,39.94130325317383
2010-02-05,41.130001068115234,40.02000045776367,41.0099983215332,40.720001220703125,1313200.0,39.73637390136719
2010-02-08,41.7400016784668,40.619998931884766,41.0099983215332,40.810001373291016,1721900.0,39.824188232421875
2010-02-09,41.720001220703125,40.77000045776367,41.150001525878906,41.56999969482422,1030000.0,40.56583786010742
2010-02-10,42.849998474121094,41.369998931884766,41.38999938964844,42.33000183105469,1858600.0,41.30748748779297
2010-02-11,43.099998474121094,42.130001068115234,42.40999984741211,42.54999923706055,1548600.0,41.522159576416016
2010-02-12,42.810001373291016,42.0,42.369998931884766,42.810001373291016,1509800.0,41.775882720947266
2010-02-16,42.97999954223633,42.369998931884766,42.900001525878906,42.630001068115234,1721200.0,41.60023498535156
2010-02-17,43.08000183105469,42.15999984741211,42.68000030517578,42.880001068115234,2253400.0,41.84419250488281
2010-02-18,40.349998474121094,39.08000183105469,39.880001068115234,40.150001525878906,7767100.0,39.180137634277344
2010-02-19,40.34000015258789,39.5099983215332,39.790000915527344,40.0,2525300.0,39.03376770019531
2010-02-22,40.459999084472656,39.880001068115234,39.970001220703125,40.2400016784668,1706100.0,39.26796340942383
2010-02-23,40.5099983215332,40.04999923706055,40.18000030517578,40.220001220703125,1653500.0,39.24845504760742
2010-02-24,40.529998779296875,40.150001525878906,40.34000015258789,40.459999084472656,1441500.0,39.4826545715332
2010-02-25,40.900001525878906,40.04999923706055,40.08000183105469,40.72999954223633,1328800.0,39.74612045288086
2010-02-26,40.90999984741211,40.400001525878906,40.72999954223633,40.79999923706055,1153800.0,39.81443405151367
2010-03-01,41.45000076293945,40.650001525878906,40.869998931884766,41.29999923706055,1553400.0,40.30235290527344
2010-03-02,41.709999084472656,41.13999938964844,41.41999816894531,41.34000015258789,1221000.0,40.341400146484375
2010-03-03,41.7599983215332,41.22999954223633,41.349998474121094,41.4900016784668,1036600.0,40.48776626586914
2010-03-04,42.0,41.599998474121094,41.630001068115234,41.779998779296875,1159700.0,40.770755767822266
2010-03-05,42.290000915527344,41.779998779296875,41.970001220703125,42.290000915527344,1914300.0,41.2684440612793
2010-03-08,42.34000015258789,41.70000076293945,42.33000183105469,42.099998474121094,3080000.0,41.083045959472656
2010-03-09,42.36000061035156,41.790000915527344,42.040000915527344,41.939998626708984,2018700.0,40.92690658569336
2010-03-10,42.279998779296875,41.880001068115234,41.90999984741211,42.130001068115234,1692400.0,41.112300872802734
2010-03-11,42.41999816894531,41.91999816894531,42.13999938964844,42.380001068115234,1361500.0,41.356258392333984
2010-03-12,42.54999923706055,42.040000915527344,42.439998626708984,42.18000030517578,1155000.0,41.161109924316406
2010-03-15,42.290000915527344,41.7599983215332,42.25,42.08000183105469,1806300.0,41.06351852416992
2010-03-16,42.650001525878906,41.849998474121094,41.869998931884766,42.29999923706055,843400.0,41.278202056884766
2010-03-17,42.59000015258789,42.11000061035156,42.470001220703125,42.349998474121094,1653100.0,41.326988220214844
2010-03-18,42.54999923706055,42.060001373291016,42.380001068115234,42.5,2674100.0,41.47337341308594
2010-03-19,43.27000045776367,42.470001220703125,43.2599983215332,43.2599983215332,1915600.0,42.21500778198242
2010-03-22,43.849998474121094,43.02000045776367,43.16999816894531,43.63999938964844,1125700.0,42.585838317871094
2010-03-23,44.11000061035156,43.65999984741211,43.77000045776367,43.959999084472656,1447500.0,42.89809036254883
2010-03-24,43.900001525878906,43.36000061035156,43.709999084472656,43.38999938964844,1290900.0,42.399742126464844
2010-03-25,43.75,43.02000045776367,43.61000061035156,43.02000045776367,1332900.0,42.03818893432617
2010-03-26,43.209999084472656,42.029998779296875,42.90999984741211,42.47999954223633,1590400.0,41.5105094909668
2010-03-29,42.650001525878906,42.0,42.650001525878906,42.189998626708984,1278900.0,41.22712326049805
2010-03-30,42.47999954223633,42.029998779296875,42.16999816894531,42.22999954223633,715600.0,41.26620864868164
2010-03-31,42.5,41.88999938964844,42.220001220703125,41.91999816894531,1191200.0,40.96328353881836
2010-04-01,42.459999084472656,41.970001220703125,42.119998931884766,42.36000061035156,627600.0,41.393253326416016
2010-04-05,42.970001220703125,42.41999816894531,42.459999084472656,42.66999816894531,954500.0,41.696170806884766
2010-04-06,42.810001373291016,42.41999816894531,42.529998779296875,42.560001373291016,729200.0,41.588687896728516
2010-04-07,42.7599983215332,41.939998626708984,42.47999954223633,42.099998474121094,1947000.0,41.139198303222656
2010-04-08,42.4900016784668,41.7599983215332,41.9900016784668,42.25,1365400.0,41.28575897216797
2010-04-09,42.380001068115234,41.84000015258789,42.34000015258789,42.130001068115234,1338400.0,41.16850662231445
2010-04-12,42.52000045776367,42.09000015258789,42.310001373291016,42.40999984741211,799000.0,41.44211959838867
2010-04-13,42.619998931884766,42.09000015258789,42.31999969482422,42.2599983215332,978600.0,41.29551696777344
2010-04-14,45.33000183105469,43.189998626708984,43.22999954223633,45.279998779296875,3119800.0,44.24661636352539
2010-04-15,46.34000015258789,45.33000183105469,45.61000061035156,45.380001068115234,3249700.0,44.344337463378906
2010-04-16,45.27000045776367,44.77000045776367,45.119998931884766,45.040000915527344,1932000.0,44.01210021972656
2010-04-19,44.66999816894531,43.689998626708984,44.369998931884766,44.45000076293945,1574800.0,43.43555450439453
2010-04-20,44.86000061035156,44.27000045776367,44.63999938964844,44.459999084472656,1169500.0,43.44532012939453
2010-04-21,45.15999984741211,43.79999923706055,44.52000045776367,44.970001220703125,1020400.0,43.94367980957031
2010-04-22,45.599998474121094,44.40999984741211,44.59000015258789,45.4900016784668,1215100.0,44.45182418823242
2010-04-23,46.16999816894531,45.189998626708984,45.529998779296875,46.11000061035156,1066400.0,45.057655334472656
2010-04-26,46.459999084472656,45.59000015258789,45.91999816894531,46.31999969482422,1024100.0,45.26287078857422
2010-04-27,46.5,45.11000061035156,46.279998779296875,45.2400016784668,990700.0,44.20752716064453
2010-04-28,45.959999084472656,45.13999938964844,45.4900016784668,45.529998779296875,1195400.0,44.49088668823242
2010-04-29,46.880001068115234,45.75,46.04999923706055,45.880001068115234,1879400.0,44.832923889160156
2010-04-30,46.25,44.959999084472656,46.02000045776367,45.099998474121094,1376200.0,44.070701599121094
2010-05-03,46.459999084472656,45.09000015258789,45.130001068115234,46.31999969482422,861000.0,45.26287078857422
2010-05-04,45.91999816894531,45.310001373291016,45.91999816894531,45.66999816894531,1036800.0,44.62770462036133
2010-05-05,46.4900016784668,45.02000045776367,45.20000076293945,45.119998931884766,1366700.0,44.09025573730469
2010-05-06,45.099998474121094,42.189998626708984,44.869998931884766,44.20000076293945,1738900.0,43.19125747680664
2010-05-07,44.54999923706055,42.88999938964844,44.16999816894531,43.7599983215332,1562800.0,42.76131057739258
2010-05-10,45.15999984741211,44.43000030517578,45.11000061035156,45.11000061035156,818800.0,44.080482482910156
2010-05-11,45.63999938964844,44.7400016784668,44.86000061035156,45.40999984741211,958800.0,44.37364959716797
2010-05-12,46.0,45.150001525878906,45.459999084472656,45.959999084472656,1253200.0,44.91108703613281
2010-05-13,46.16999816894531,45.09000015258789,45.81999969482422,45.25,1245800.0,44.21729278564453
2010-05-14,45.099998474121094,44.349998474121094,44.9900016784668,44.900001525878906,1442600.0,43.875282287597656
2010-05-17,45.86000061035156,44.86000061035156,45.0,45.75,1959500.0,44.705875396728516
2010-05-18,46.779998779296875,45.650001525878906,46.15999984741211,45.75,2224700.0,44.705875396728516
2010-05-19,46.47999954223633,45.130001068115234,45.7599983215332,46.09000015258789,2131800.0,45.03812789916992
2010-05-20,50.209999084472656,48.15999984741211,48.22999954223633,48.9900016784668,4362400.0,47.871952056884766
2010-05-21,50.97999954223633,48.290000915527344,48.66999816894531,49.470001220703125,3299400.0,48.34096908569336
2010-05-24,50.2599983215332,48.29999923706055,49.08000183105469,49.54999923706055,2241500.0,48.419151306152344
2010-05-25,51.220001220703125,48.83000183105469,48.939998626708984,51.029998779296875,2714600.0,49.86538314819336
2010-05-26,51.279998779296875,50.18000030517578,51.279998779296875,50.20000076293945,2033100.0,49.0543212890625
2010-05-27,51.369998931884766,50.47999954223633,50.880001068115234,51.33000183105469,1106900.0,50.15853500366211
2010-05-28,52.0099983215332,47.790000915527344,50.52000045776367,51.7599983215332,1720500.0,50.57871627807617
2010-06-01,51.7400016784668,50.20000076293945,51.7400016784668,50.369998931884766,2359500.0,49.2204475402832
2010-06-02,51.36000061035156,50.40999984741211,50.40999984741211,51.349998474121094,1549900.0,50.17808151245117
2010-06-03,51.93000030517578,50.7400016784668,51.029998779296875,51.4900016784668,998700.0,50.31488800048828
2010-06-04,51.06999969482422,50.0099983215332,50.72999954223633,50.15999984741211,1759100.0,49.015235900878906
2010-06-07,50.439998626708984,48.52000045776367,50.41999816894531,48.599998474121094,2760200.0,47.49083709716797
2010-06-08,49.630001068115234,47.7599983215332,48.529998779296875,49.459999084472656,2290800.0,48.33121109008789
2010-06-09,50.56999969482422,49.4900016784668,49.72999954223633,49.689998626708984,2053300.0,48.55595397949219
2010-06-10,50.29999923706055,49.400001525878906,49.95000076293945,50.22999954223633,1750900.0,49.08363342285156
2010-06-11,50.65999984741211,49.61000061035156,49.869998931884766,50.5099983215332,898100.0,49.35725021362305
2010-06-14,51.349998474121094,50.7599983215332,50.849998474121094,50.79999923706055,844200.0,49.640628814697266
2010-06-15,52.27000045776367,50.86000061035156,51.060001373291016,52.13999938964844,1056400.0,50.950050354003906
2010-06-16,52.33000183105469,51.58000183105469,52.13999938964844,51.97999954223633,885800.0,50.793697357177734
2010-06-17,52.34000015258789,51.54999923706055,52.119998931884766,51.88999938964844,688100.0,50.705745697021484
2010-06-18,52.33000183105469,51.470001220703125,51.9900016784668,51.59000015258789,1463800.0,50.412593841552734
2010-06-21,52.130001068115234,51.0,51.9900016784668,51.34000015258789,1025400.0,50.168296813964844
2010-06-22,51.95000076293945,50.04999923706055,51.349998474121094,50.31999969482422,1137100.0,49.17158889770508
2010-06-23,51.209999084472656,50.04999923706055,50.08000183105469,50.869998931884766,802200.0,49.76837921142578
2010-06-24,51.11000061035156,50.11000061035156,50.68000030517578,50.939998626708984,1117900.0,49.836849212646484
2010-06-25,51.09000015258789,50.25,50.9900016784668,50.900001525878906,1431100.0,49.79772186279297
2010-06-28,51.189998626708984,50.20000076293945,51.189998626708984,50.470001220703125,611000.0,49.37703323364258
2010-06-29,50.58000183105469,49.20000076293945,50.099998474121094,50.279998779296875,1098100.0,49.19114685058594
2010-06-30,50.959999084472656,50.0,50.290000915527344,50.18000030517578,1170300.0,49.093326568603516
2010-07-01,51.91999816894531,50.099998474121094,50.380001068115234,51.70000076293945,1712300.0,50.580406188964844
2010-07-02,51.9900016784668,50.68000030517578,51.720001220703125,51.0099983215332,922300.0,49.90533447265625
2010-07-06,52.380001068115234,49.7599983215332,51.79999923706055,50.5,1460300.0,49.40639114379883
2010-07-07,50.97999954223633,50.119998931884766,50.66999816894531,50.88999938964844,1423600.0,49.78792953491211
2010-07-08,51.880001068115234,50.16999816894531,51.08000183105469,50.81999969482422,1154300.0,49.719451904296875
2010-07-09,51.5099983215332,50.77000045776367,50.93000030517578,51.27000045776367,1050400.0,50.15970993041992
2010-07-12,51.720001220703125,50.93000030517578,51.279998779296875,51.459999084472656,703000.0,50.345603942871094
2010-07-13,52.77000045776367,51.630001068115234,51.650001525878906,52.650001525878906,1569300.0,51.509830474853516
2010-07-14,52.9900016784668,52.2599983215332,52.689998626708984,52.599998474121094,926300.0,51.46091079711914
2010-07-15,53.209999084472656,52.08000183105469,52.630001068115234,53.060001373291016,1016500.0,51.910953521728516
2010-07-16,52.9900016784668,51.22999954223633,52.959999084472656,51.34000015258789,1202000.0,50.22819900512695
2010-07-19,52.189998626708984,51.29999923706055,51.29999923706055,51.959999084472656,708400.0,50.834774017333984
2010-07-20,53.16999816894531,51.38999938964844,51.529998779296875,53.0,843500.0,51.85225296020508
2010-07-21,53.310001373291016,51.58000183105469,53.25,51.689998626708984,1162100.0,50.57062530517578
2010-07-22,53.45000076293945,52.27000045776367,52.27000045776367,53.099998474121094,2021700.0,51.9500846862793
2010-07-23,54.2400016784668,53.0,53.150001525878906,54.16999816894531,838000.0,52.99689865112305
2010-07-26,54.869998931884766,53.91999816894531,54.61000061035156,54.849998474121094,927700.0,53.66218948364258
2010-07-27,55.779998779296875,54.439998626708984,55.0099983215332,54.540000915527344,776200.0,53.35890579223633
2010-07-28,54.619998931884766,53.31999969482422,54.36000061035156,53.63999938964844,600300.0,52.478389739990234
2010-07-29,54.4900016784668,52.470001220703125,53.9900016784668,53.18000030517578,1108500.0,52.028350830078125
2010-07-30,53.720001220703125,52.349998474121094,52.650001525878906,53.529998779296875,639800.0,52.37077713012695
2010-08-02,54.150001525878906,52.959999084472656,54.130001068115234,53.43000030517578,1102100.0,52.2729377746582
2010-08-03,53.279998779296875,52.150001525878906,53.209999084472656,52.61000061035156,924500.0,51.47069549560547
2010-08-04,53.529998779296875,52.59000015258789,52.75,53.36000061035156,651600.0,52.20444869995117
2010-08-05,54.060001373291016,52.599998474121094,53.2599983215332,53.869998931884766,795700.0,52.70341873168945
2010-08-06,53.88999938964844,52.40999984741211,53.560001373291016,52.75,962300.0,51.607666015625
2010-08-09,53.41999816894531,52.7599983215332,52.7599983215332,53.2599983215332,867000.0,52.10662078857422
2010-08-10,53.4900016784668,52.52000045776367,52.810001373291016,53.04999923706055,774400.0,51.901153564453125
2010-08-11,52.47999954223633,51.689998626708984,52.459999084472656,51.90999984741211,1194100.0,50.785850524902344
2010-08-12,55.779998779296875,52.720001220703125,52.75,54.619998931884766,3096700.0,53.437171936035156
2010-08-13,54.779998779296875,53.939998626708984,54.61000061035156,54.2599983215332,1118200.0,53.08496856689453
2010-08-16,54.72999954223633,53.81999969482422,53.95000076293945,54.29999923706055,1235900.0,53.12408447265625
2010-08-17,54.939998626708984,54.119998931884766,54.369998931884766,54.5,1200500.0,53.319766998291016
2010-08-18,55.36000061035156,54.2400016784668,54.56999969482422,55.189998626708984,896800.0,53.99483108520508
2010-08-19,55.52000045776367,54.75,55.08000183105469,55.279998779296875,1166700.0,54.0828742980957
2010-08-20,55.91999816894531,54.7599983215332,55.279998779296875,55.88999938964844,784900.0,54.67967224121094
2010-08-23,56.209999084472656,54.7400016784668,55.900001525878906,54.75,1312600.0,53.56435012817383
2010-08-24,54.93000030517578,53.650001525878906,54.119998931884766,54.2599983215332,946500.0,53.08496856689453
2010-08-25,55.150001525878906,53.880001068115234,53.880001068115234,54.86000061035156,1099600.0,53.67197036743164
2010-08-26,55.209999084472656,54.34000015258789,54.869998931884766,54.68000030517578,900900.0,53.49587631225586
2010-08-27,55.939998626708984,54.2400016784668,55.02000045776367,55.58000183105469,954600.0,54.37639236450195
2010-08-30,55.5099983215332,54.150001525878906,55.31999969482422,54.15999984741211,1133700.0,52.987117767333984
2010-08-31,54.75,53.720001220703125,53.779998779296875,54.470001220703125,1268500.0,53.29041290283203
2010-09-01,55.97999954223633,55.08000183105469,55.08000183105469,55.47999954223633,666800.0,54.27854919433594
2010-09-02,56.4900016784668,55.43000030517578,55.43000030517578,56.290000915527344,623900.0,55.07099533081055
2010-09-03,57.630001068115234,55.849998474121094,56.720001220703125,56.540000915527344,916100.0,55.315589904785156
2010-09-07,56.880001068115234,56.040000915527344,56.380001068115234,56.279998779296875,562600.0,55.06121826171875
2010-09-08,56.79999923706055,56.04999923706055,56.279998779296875,56.560001373291016,627400.0,55.33515167236328
2010-09-09,57.2599983215332,55.810001373291016,57.150001525878906,56.040000915527344,729500.0,54.826419830322266
2010-09-10,56.4900016784668,55.880001068115234,56.119998931884766,56.06999969482422,449900.0,54.85576629638672
2010-09-13,57.02000045776367,56.369998931884766,56.70000076293945,56.560001373291016,827300.0,55.33515167236328
2010-09-14,57.58000183105469,56.41999816894531,56.58000183105469,57.36000061035156,827900.0,56.11783218383789
2010-09-15,57.45000076293945,56.65999984741211,57.31999969482422,57.40999984741211,672000.0,56.166744232177734
2010-09-16,58.0,57.20000076293945,57.25,57.9900016784668,628400.0,56.73418426513672
2010-09-17,58.2400016784668,57.27000045776367,57.369998931884766,58.150001525878906,1079200.0,56.89072799682617
2010-09-20,59.70000076293945,58.2599983215332,58.349998474121094,59.15999984741211,1230400.0,57.87884521484375
2010-09-21,59.279998779296875,58.0,59.279998779296875,58.40999984741211,1305300.0,57.14509963989258
2010-09-22,59.88999938964844,58.040000915527344,58.2400016784668,59.810001373291016,1327200.0,58.5749397277832
2010-09-23,60.209999084472656,58.86000061035156,59.61000061035156,58.86000061035156,981600.0,57.644554138183594
2010-09-24,59.900001525878906,58.970001220703125,59.27000045776367,59.61000061035156,870800.0,58.37907409667969
2010-09-27,59.75,59.16999816894531,59.4900016784668,59.380001068115234,486200.0,58.15382385253906
2010-09-28,59.7400016784668,58.86000061035156,59.689998626708984,59.459999084472656,945500.0,58.23217010498047
2010-09-29,59.790000915527344,59.25,59.25,59.65999984741211,717500.0,58.428043365478516
2010-09-30,59.5099983215332,58.08000183105469,59.290000915527344,58.68000030517578,1027500.0,57.46827697753906
2010-10-01,59.61000061035156,57.959999084472656,59.220001220703125,58.70000076293945,838700.0,57.48786544799805
2010-10-04,58.63999938964844,57.220001220703125,58.400001525878906,57.779998779296875,983800.0,56.58686828613281
2010-10-05,58.95000076293945,57.97999954223633,58.209999084472656,58.66999816894531,806300.0,57.45848083496094
2010-10-06,58.849998474121094,57.869998931884766,58.58000183105469,58.45000076293945,385100.0,57.243011474609375
2010-10-07,59.060001373291016,58.099998474121094,58.7599983215332,58.790000915527344,553800.0,57.57600402832031
2010-10-08,59.45000076293945,58.31999969482422,58.91999816894531,58.54999923706055,772600.0,57.340965270996094
2010-10-11,59.45000076293945,58.279998779296875,58.4900016784668,59.27000045776367,523500.0,58.04609680175781
2010-10-12,60.20000076293945,58.88999938964844,59.209999084472656,59.86000061035156,627500.0,58.6239128112793
2010-10-13,60.599998474121094,59.4900016784668,60.209999084472656,59.97999954223633,626300.0,58.741451263427734
2010-10-14,60.38999938964844,59.54999923706055,60.08000183105469,59.790000915527344,534700.0,58.555362701416016
2010-10-15,61.150001525878906,60.13999938964844,60.209999084472656,60.959999084472656,844500.0,59.701202392578125
2010-10-18,61.29999923706055,60.040000915527344,61.279998779296875,60.36000061035156,463400.0,59.113590240478516
2010-10-19,60.970001220703125,59.79999923706055,59.810001373291016,60.38999938964844,869500.0,59.14295959472656
2010-10-20,61.15999984741211,60.209999084472656,60.560001373291016,61.150001525878906,757600.0,59.887271881103516
2010-10-21,61.380001068115234,60.529998779296875,60.810001373291016,61.0099983215332,646200.0,59.750152587890625
2010-10-22,61.45000076293945,60.52000045776367,60.93000030517578,61.400001525878906,689800.0,60.13211441040039
2010-10-25,62.43000030517578,61.529998779296875,61.77000045776367,62.08000183105469,576800.0,60.79806900024414
2010-10-26,62.220001220703125,61.540000915527344,62.0099983215332,61.86000061035156,579400.0,60.58260726928711
2010-10-27,61.75,60.790000915527344,61.540000915527344,61.41999816894531,798000.0,60.15168762207031
2010-10-28,64.30999755859375,62.040000915527344,62.189998626708984,63.880001068115234,1540200.0,62.5609016418457
2010-10-29,65.01000213623047,63.4900016784668,63.900001525878906,64.9800033569336,1058500.0,63.6381950378418
2010-11-01,65.33999633789062,64.45999908447266,65.29000091552734,64.76000213623047,555700.0,63.42274475097656
2010-11-02,65.19000244140625,64.4800033569336,65.11000061035156,64.56999969482422,472000.0,63.23664093017578
2010-11-03,65.08999633789062,64.19000244140625,64.56999969482422,64.94000244140625,555300.0,63.59901809692383
2010-11-04,65.80999755859375,65.08000183105469,65.62000274658203,65.80999755859375,498100.0,64.45104217529297
2010-11-05,66.11000061035156,65.37000274658203,65.98999786376953,65.62999725341797,647800.0,64.2747573852539
2010-11-08,66.79000091552734,64.9000015258789,64.9000015258789,65.97000122070312,1313900.0,64.60774230957031
2010-11-09,66.30000305175781,65.5199966430664,66.19999694824219,66.01000213623047,1394600.0,64.64691162109375
2010-11-10,67.2699966430664,66.08000183105469,66.41999816894531,66.72000122070312,2165100.0,65.34223937988281
2010-11-11,68.87999725341797,64.75,67.97000122070312,66.33999633789062,3366500.0,64.97007751464844
2010-11-12,66.30999755859375,64.37999725341797,66.08999633789062,64.52999877929688,1218100.0,63.197471618652344
2010-11-15,66.01000213623047,64.58000183105469,64.62999725341797,65.20999908447266,1139800.0,63.863426208496094
2010-11-16,65.80000305175781,64.70999908447266,64.76000213623047,65.29000091552734,1120900.0,63.941768646240234
2010-11-17,65.91000366210938,64.7699966430664,65.29000091552734,65.5,645200.0,64.1474609375
2010-11-18,66.6500015258789,65.36000061035156,65.98999786376953,65.51000213623047,631500.0,64.15723419189453
2010-11-19,65.5,64.87000274658203,65.30000305175781,65.06999969482422,420000.0,63.7263298034668
2010-11-22,66.93000030517578,64.91999816894531,65.0,66.45999908447266,684200.0,65.08761596679688
2010-11-23,66.33999633789062,65.41000366210938,66.12000274658203,66.2699966430664,417900.0,64.90155792236328
2010-11-24,67.20999908447266,66.43000030517578,66.44000244140625,67.0,775700.0,65.61646270751953
2010-11-26,67.7300033569336,66.55999755859375,66.93000030517578,67.11000061035156,294300.0,65.72421264648438
2010-11-29,67.20999908447266,66.05000305175781,66.91000366210938,66.91000366210938,571000.0,65.52832794189453
2010-11-30,67.25,65.94000244140625,66.33000183105469,65.98999786376953,1693100.0,64.62733459472656
2010-12-01,66.9800033569336,65.73999786376953,66.62000274658203,66.1500015258789,987200.0,64.78404235839844
2010-12-02,67.58000183105469,65.87000274658203,66.16000366210938,67.54000091552734,689700.0,66.14533233642578
2010-12-03,68.38999938964844,67.12999725341797,67.43000030517578,68.2300033569336,637000.0,66.82109069824219
2010-12-06,69.08000183105469,68.27999877929688,68.27999877929688,68.54000091552734,821300.0,67.1246566772461
2010-12-07,69.51000213623047,67.11000061035156,69.37999725341797,67.19999694824219,1168900.0,65.81234741210938
2010-12-08,68.0999984741211,67.23999786376953,67.23999786376953,67.70999908447266,503800.0,66.31181335449219
2010-12-09,68.23999786376953,67.63999938964844,67.9000015258789,67.87000274658203,337900.0,66.46853637695312
2010-12-10,68.38999938964844,67.62999725341797,67.9000015258789,67.91999816894531,392400.0,66.51747131347656
2010-12-13,68.30000305175781,67.45999908447266,68.0999984741211,68.0,544400.0,66.59583282470703
2010-12-14,68.36000061035156,67.54000091552734,68.1500015258789,68.02999877929688,458000.0,66.62520599365234
2010-12-15,68.5,67.66999816894531,67.83000183105469,67.77999877929688,536200.0,66.38036346435547
2010-12-16,68.0199966430664,66.87999725341797,67.9000015258789,67.87999725341797,664100.0,66.47830963134766
2010-12-17,67.7699966430664,66.54000091552734,67.75,66.79000091552734,1488000.0,65.41080474853516
2010-12-20,67.56999969482422,66.30999755859375,66.69000244140625,67.38999938964844,650100.0,65.9983901977539
2010-12-21,67.72000122070312,66.5199966430664,67.5199966430664,66.7300033569336,448600.0,65.41029357910156
2010-12-22,67.11000061035156,66.37000274658203,66.7699966430664,66.55999755859375,453100.0,65.24364471435547
2010-12-23,66.83000183105469,66.38999938964844,66.45999908447266,66.56999969482422,408200.0,65.25345611572266
2010-12-27,66.7300033569336,65.94999694824219,66.2699966430664,66.41999816894531,387200.0,65.10640716552734
2010-12-28,66.66000366210938,66.01000213623047,66.41999816894531,66.25,459200.0,64.93978118896484
2010-12-29,66.80999755859375,66.1500015258789,66.1500015258789,66.44999694824219,403800.0,65.13583374023438
2010-12-30,67.0,66.37000274658203,66.55999755859375,66.72000122070312,495300.0,65.40046691894531
2010-12-31,66.91999816894531,66.13999938964844,66.5999984741211,66.1500015258789,479900.0,64.84178161621094
2011-01-03,66.73999786376953,65.47000122070312,66.5,65.5,826400.0,64.20462036132812
2011-01-04,65.5,61.86000061035156,65.45999908447266,62.2400016784668,1916600.0,61.00907897949219
2011-01-05,63.209999084472656,61.959999084472656,62.31999969482422,62.31999969482422,1426100.0,61.087501525878906
2011-01-06,62.290000915527344,60.09000015258789,61.9900016784668,60.27000045776367,1513500.0,59.07805252075195
2011-01-07,62.11000061035156,60.29999923706055,60.45000076293945,61.880001068115234,1160600.0,60.65620422363281
2011-01-10,62.77000045776367,61.0,61.54999923706055,62.34000015258789,1213400.0,61.10709762573242
2011-01-11,62.61000061035156,61.439998626708984,62.439998626708984,61.970001220703125,857200.0,60.744415283203125
2011-01-12,63.630001068115234,62.11000061035156,62.22999954223633,62.79999923706055,1024600.0,61.558006286621094
2011-01-13,63.400001525878906,62.400001525878906,62.849998474121094,62.9900016784668,732400.0,61.74424743652344
2011-01-14,63.529998779296875,62.79999923706055,62.91999816894531,63.18000030517578,624900.0,61.930503845214844
2011-01-18,63.619998931884766,62.36000061035156,63.20000076293945,62.90999984741211,1133200.0,61.665828704833984
2011-01-19,64.20999908447266,62.38999938964844,62.63999938964844,63.459999084472656,864500.0,62.204959869384766
2011-01-20,64.33999633789062,62.849998474121094,63.27000045776367,63.15999984741211,693300.0,61.910884857177734
2011-01-21,63.939998626708984,62.52000045776367,63.560001373291016,63.5099983215332,756800.0,62.253971099853516
2011-01-24,63.900001525878906,63.15999984741211,63.720001220703125,63.439998626708984,576100.0,62.185359954833984
2011-01-25,64.13999938964844,62.939998626708984,63.459999084472656,64.0199966430664,747600.0,62.75387191772461
2011-01-26,64.55000305175781,62.68000030517578,63.900001525878906,64.25,1129200.0,62.97932052612305
2011-01-27,64.7300033569336,63.790000915527344,64.29000091552734,64.1500015258789,958700.0,62.88131332397461
2011-01-28,64.37000274658203,63.029998779296875,64.37000274658203,64.08999633789062,1187200.0,62.82250213623047
2011-01-31,65.16000366210938,63.900001525878906,64.54000091552734,63.939998626708984,839200.0,62.67545700073242
2011-02-01,64.41999816894531,63.34000015258789,64.22000122070312,63.349998474121094,869300.0,62.09711837768555
2011-02-02,63.349998474121094,61.29999923706055,63.349998474121094,61.61000061035156,1224900.0,60.39154052734375
2011-02-03,62.83000183105469,61.400001525878906,61.61000061035156,62.47999954223633,694500.0,61.24433135986328
2011-02-04,64.12000274658203,62.20000076293945,62.47999954223633,63.97999954223633,843800.0,62.714664459228516
2011-02-07,65.02999877929688,64.26000213623047,64.26000213623047,64.5,954700.0,63.22439193725586
2011-02-08,65.2300033569336,64.36000061035156,64.43000030517578,64.9000015258789,1107100.0,63.616485595703125
2011-02-09,66.80000305175781,64.9000015258789,64.9000015258789,66.0,2097200.0,64.69471740722656
2011-02-10,67.0,63.72999954223633,64.75,65.25,4428100.0,63.959556579589844
2011-02-11,65.41000366210938,64.0199966430664,65.1500015258789,65.30000305175781,1662300.0,64.00855255126953
2011-02-14,65.0,63.5,64.94999694824219,63.779998779296875,1332400.0,62.518619537353516
2011-02-15,64.16000366210938,63.25,63.45000076293945,63.529998779296875,1067400.0,62.27356719970703
2011-02-16,65.0,63.720001220703125,63.720001220703125,64.41000366210938,1247700.0,63.13616943359375
2011-02-17,64.0,62.7400016784668,64.0,62.810001373291016,1494600.0,61.56781768798828
2011-02-18,63.06999969482422,62.31999969482422,62.779998779296875,62.38999938964844,865400.0,61.1561164855957
2011-02-22,61.93000030517578,60.349998474121094,61.849998474121094,61.43000030517578,1313500.0,60.21509552001953
2011-02-23,61.900001525878906,60.349998474121094,61.310001373291016,60.70000076293945,1231700.0,59.49953842163086
2011-02-24,61.709999084472656,60.540000915527344,60.540000915527344,61.31999969482422,1792200.0,60.10728073120117
2011-02-25,62.689998626708984,61.290000915527344,61.43000030517578,62.630001068115234,1058500.0,61.39136505126953
2011-02-28,63.060001373291016,62.290000915527344,62.599998474121094,62.68000030517578,1199700.0,61.44037628173828
2011-03-01,63.349998474121094,62.220001220703125,62.9900016784668,62.630001068115234,1201100.0,61.39136505126953
2011-03-02,63.47999954223633,61.9900016784668,62.56999969482422,63.02000045776367,971600.0,61.773658752441406
2011-03-03,64.52999877929688,62.959999084472656,63.2400016784668,64.45999908447266,1088800.0,63.1851692199707
2011-03-04,64.44000244140625,63.470001220703125,64.3499984741211,63.790000915527344,746500.0,62.52842712402344
2011-03-07,64.08999633789062,62.9900016784668,64.08999633789062,63.04999923706055,864200.0,61.803062438964844
2011-03-08,64.56999969482422,62.4900016784668,63.08000183105469,64.08000183105469,1251700.0,62.81269073486328
2011-03-09,64.98999786376953,63.7599983215332,64.16999816894531,64.51000213623047,855800.0,63.23419952392578
2011-03-10,65.61000061035156,63.75,63.900001525878906,64.88999938964844,1230700.0,63.606685638427734
2011-03-11,65.66999816894531,64.19999694824219,64.51000213623047,65.5999984741211,1065500.0,64.30262756347656
2011-03-14,65.9800033569336,64.91000366210938,65.18000030517578,65.27999877929688,1021000.0,63.98896408081055
2011-03-15,65.9800033569336,64.12999725341797,64.2300033569336,65.41999816894531,1032500.0,64.1261978149414
2011-03-16,65.51000213623047,64.55999755859375,65.16000366210938,64.93000030517578,1199000.0,63.6458854675293
2011-03-17,65.62999725341797,64.30000305175781,65.62999725341797,64.4800033569336,940800.0,63.20477294921875
2011-03-18,65.05999755859375,63.189998626708984,64.83000183105469,64.80000305175781,1557200.0,63.518463134765625
2011-03-21,65.83999633789062,64.9800033569336,65.33999633789062,65.0,1002100.0,63.71449661254883
2011-03-22,65.41999816894531,64.91999816894531,64.9800033569336,64.98999786376953,1052300.0,63.70465850830078
2011-03-23,65.6500015258789,64.33000183105469,64.94000244140625,65.33999633789062,836500.0,64.10697174072266
2011-03-24,66.86000061035156,65.47000122070312,65.72000122070312,66.5199966430664,1010400.0,65.26466369628906
2011-03-25,66.83000183105469,66.0199966430664,66.70999908447266,66.26000213623047,743900.0,65.00959014892578
2011-03-28,66.54000091552734,65.55000305175781,66.51000213623047,65.62000274658203,645200.0,64.38169860839844
2011-03-29,65.66000366210938,65.18000030517578,65.48999786376953,65.58999633789062,464400.0,64.35221862792969
2011-03-30,66.04000091552734,65.25,65.69999694824219,65.91000366210938,659300.0,64.66619873046875
2011-03-31,66.02999877929688,64.94000244140625,66.02999877929688,65.62000274658203,706700.0,64.38169860839844
2011-04-01,66.38999938964844,65.7300033569336,65.9800033569336,66.16000366210938,571100.0,64.9114990234375
2011-04-04,66.4000015258789,65.63999938964844,66.36000061035156,66.0999984741211,649900.0,64.85261535644531
2011-04-05,68.19999694824219,65.91999816894531,66.05000305175781,67.77999877929688,1085900.0,66.50090789794922
2011-04-06,68.8499984741211,67.2699966430664,68.12000274658203,67.58999633789062,769300.0,66.31449127197266
2011-04-07,67.80999755859375,66.2699966430664,67.4800033569336,67.30000305175781,617400.0,66.0300064086914
2011-04-08,67.66000366210938,66.22000122070312,67.58000183105469,66.45999908447266,874000.0,65.20580291748047
2011-04-11,65.93000030517578,64.55999755859375,65.1500015258789,65.6500015258789,1418100.0,64.4111099243164
2011-04-12,66.0,65.2699966430664,65.33000183105469,65.63999938964844,754900.0,64.40131378173828
2011-04-13,64.6500015258789,63.36000061035156,64.27999877929688,64.0,1928500.0,62.79224395751953
2011-04-14,64.23999786376953,63.33000183105469,63.66999816894531,63.970001220703125,878100.0,62.762813568115234
2011-04-15,64.4000015258789,63.72999954223633,63.959999084472656,63.84000015258789,1184600.0,62.63526916503906
2011-04-18,64.69999694824219,63.34000015258789,63.54999923706055,64.5,1030100.0,63.282814025878906
2011-04-19,65.11000061035156,64.5199966430664,64.75,65.0,872000.0,63.77336883544922
2011-04-20,66.16999816894531,65.19999694824219,65.5,66.12999725341797,914900.0,64.8820571899414
2011-04-21,66.5,65.83000183105469,66.33999633789062,66.41999816894531,319500.0,65.16656494140625
2011-04-25,66.31999969482422,64.98999786376953,66.31999969482422,65.7300033569336,441300.0,64.48959350585938
2011-04-26,66.44999694824219,65.75,65.94999694824219,65.91000366210938,548200.0,64.66619873046875
2011-04-27,66.80999755859375,65.87999725341797,65.91999816894531,66.3499984741211,746300.0,65.097900390625
2011-04-28,66.2300033569336,65.11000061035156,66.06999969482422,66.18000030517578,910100.0,64.93109893798828
2011-04-29,66.02999877929688,64.98999786376953,66.02999877929688,65.45999908447266,991000.0,64.22469329833984
2011-05-02,65.56999969482422,65.05999755859375,65.29000091552734,65.44000244140625,802400.0,64.205078125
2011-05-03,66.12999725341797,65.05000305175781,65.08999633789062,66.05999755859375,773400.0,64.81334686279297
2011-05-04,66.55000305175781,65.27999877929688,66.05000305175781,65.76000213623047,894700.0,64.51903533935547
2011-05-05,66.55000305175781,65.12000274658203,65.5,65.86000061035156,1061700.0,64.61714172363281
2011-05-06,66.5999984741211,65.0199966430664,66.12000274658203,65.05000305175781,682400.0,63.822444915771484
2011-05-09,65.83000183105469,64.87999725341797,65.0199966430664,65.51000213623047,715400.0,64.27375030517578
2011-05-10,66.44000244140625,65.5999984741211,65.5999984741211,66.27999877929688,830600.0,65.02921295166016
2011-05-11,69.19000244140625,66.23999786376953,66.31999969482422,68.83000183105469,2485800.0,67.53112030029297
2011-05-12,69.83000183105469,68.16999816894531,68.81999969482422,69.41000366210938,1422300.0,68.10013580322266
2011-05-13,72.31999969482422,69.41000366210938,69.43000030517578,72.16000366210938,2243900.0,70.79825592041016
2011-05-16,71.91999816894531,70.18000030517578,71.80000305175781,70.18000030517578,1173400.0,68.85560607910156
2011-05-17,69.93000030517578,68.55999755859375,69.83999633789062,69.72000122070312,1389400.0,68.40431213378906
2011-05-18,70.66000366210938,68.94999694824219,69.80000305175781,70.66000366210938,1473900.0,69.32658386230469
2011-05-19,65.0,62.58000183105469,64.19999694824219,63.4900016784668,6039200.0,62.291866302490234
2011-05-20,64.12000274658203,61.630001068115234,63.400001525878906,63.27000045776367,2618200.0,62.07602310180664
2011-05-23,63.45000076293945,61.90999984741211,62.34000015258789,62.9900016784668,1072900.0,61.80130386352539
2011-05-24,63.08000183105469,61.90999984741211,63.060001373291016,62.20000076293945,1984300.0,61.026222229003906
2011-05-25,62.75,61.58000183105469,61.84000015258789,62.4900016784668,1320300.0,61.31074523925781
2011-05-26,62.75,61.349998474121094,61.349998474121094,62.65999984741211,1705100.0,61.477535247802734
2011-05-27,62.75,61.790000915527344,62.630001068115234,62.119998931884766,1360800.0,60.947731018066406
2011-05-31,62.38999938964844,61.38999938964844,62.290000915527344,62.099998474121094,1530900.0,60.928096771240234
2011-06-01,62.13999938964844,60.86000061035156,62.13999938964844,61.02000045776367,1554100.0,59.86848449707031
2011-06-02,61.060001373291016,59.77000045776367,61.0,60.5099983215332,2453600.0,59.36811065673828
2011-06-03,60.470001220703125,59.040000915527344,59.869998931884766,59.77000045776367,1078600.0,58.642066955566406
2011-06-06,59.90999984741211,58.86000061035156,59.4900016784668,58.88999938964844,1019100.0,57.77867126464844
2011-06-07,59.130001068115234,57.54999923706055,58.68000030517578,58.43000030517578,1555500.0,57.327362060546875
2011-06-08,58.66999816894531,57.869998931884766,58.349998474121094,58.400001525878906,1260000.0,57.29793167114258
2011-06-09,58.54999923706055,57.7599983215332,58.220001220703125,58.15999984741211,1171700.0,57.062461853027344
2011-06-10,58.5,57.599998474121094,58.150001525878906,57.970001220703125,1201000.0,56.87604904174805
2011-06-13,58.91999816894531,57.93000030517578,58.33000183105469,57.970001220703125,985500.0,56.87604904174805
2011-06-14,57.54999923706055,56.58000183105469,57.27000045776367,57.25,3024600.0,56.16962432861328
2011-06-15,58.189998626708984,56.810001373291016,57.02000045776367,57.439998626708984,1867600.0,56.356048583984375
2011-06-16,58.7400016784668,57.06999969482422,57.18000030517578,58.59000015258789,1705200.0,57.484336853027344
2011-06-17,59.5,58.04999923706055,58.66999816894531,58.119998931884766,2851100.0,57.02320861816406
2011-06-20,59.25,57.619998931884766,58.029998779296875,59.040000915527344,1730400.0,57.925846099853516
2011-06-21,59.2599983215332,58.25,59.040000915527344,58.88999938964844,1077600.0,57.77867126464844
2011-06-22,59.369998931884766,58.619998931884766,58.91999816894531,58.650001525878906,1442800.0,57.601898193359375
2011-06-23,59.08000183105469,58.060001373291016,58.310001373291016,59.0099983215332,1494400.0,57.955448150634766
2011-06-24,59.34000015258789,57.70000076293945,58.970001220703125,57.9900016784668,1133900.0,56.953678131103516
2011-06-27,58.470001220703125,57.70000076293945,58.099998474121094,58.029998779296875,1132600.0,56.99297332763672
2011-06-28,58.540000915527344,57.810001373291016,58.20000076293945,58.150001525878906,869300.0,57.11083984375
2011-06-29,58.25,57.45000076293945,58.22999954223633,57.66999816894531,961500.0,56.6393928527832
2011-06-30,58.90999984741211,57.959999084472656,57.959999084472656,58.4900016784668,1452200.0,57.44474792480469
2011-07-01,59.650001525878906,58.290000915527344,58.439998626708984,59.099998474121094,811200.0,58.043853759765625
2011-07-05,59.2599983215332,57.95000076293945,59.150001525878906,58.41999816894531,1013000.0,57.375999450683594
2011-07-06,58.81999969482422,57.95000076293945,58.209999084472656,58.11000061035156,1002200.0,57.07154846191406
2011-07-07,59.66999816894531,58.369998931884766,58.369998931884766,59.52000045776367,929200.0,58.45634841918945
2011-07-08,60.0,59.029998779296875,59.20000076293945,59.119998931884766,1091800.0,58.0634880065918
2011-07-11,59.15999984741211,58.029998779296875,58.88999938964844,58.52000045776367,971600.0,57.474220275878906
2011-07-12,59.060001373291016,58.29999923706055,58.40999984741211,58.349998474121094,1849600.0,57.3072509765625
2011-07-13,58.72999954223633,56.90999984741211,58.56999969482422,56.959999084472656,2111300.0,55.94209671020508
2011-07-14,57.599998474121094,56.43000030517578,57.0,56.54999923706055,1888300.0,55.539424896240234
2011-07-15,56.72999954223633,55.150001525878906,56.68000030517578,55.4900016784668,1459000.0,54.498355865478516
2011-07-18,55.40999984741211,54.58000183105469,55.20000076293945,54.81999969482422,1190700.0,53.840335845947266
2011-07-19,55.9900016784668,55.0,55.0,55.4900016784668,1161100.0,54.498355865478516
2011-07-20,55.560001373291016,54.599998474121094,55.529998779296875,55.040000915527344,1002300.0,54.05640411376953
2011-07-21,55.189998626708984,54.5,54.9900016784668,55.06999969482422,1315000.0,54.08587646484375
2011-07-22,56.04999923706055,54.779998779296875,54.959999084472656,55.869998931884766,1108600.0,54.871578216552734
2011-07-25,57.060001373291016,55.220001220703125,55.5099983215332,56.959999084472656,1639200.0,55.94209671020508
2011-07-26,57.689998626708984,56.630001068115234,56.9900016784668,57.61000061035156,1435200.0,56.58047866821289
2011-07-27,57.43000030517578,56.099998474121094,57.43000030517578,56.20000076293945,1535300.0,55.19567108154297
2011-07-28,55.77000045776367,54.540000915527344,55.77000045776367,54.779998779296875,1412000.0,53.801048278808594
2011-07-29,55.439998626708984,54.150001525878906,54.529998779296875,54.970001220703125,1279100.0,53.98765182495117
2011-08-01,55.439998626708984,53.90999984741211,55.439998626708984,54.20000076293945,710000.0,53.23142623901367
2011-08-02,54.939998626708984,53.18000030517578,54.08000183105469,53.2400016784668,1016300.0,52.288570404052734
2011-08-03,54.52000045776367,52.61000061035156,53.349998474121094,54.349998474121094,1273600.0,53.37873458862305
2011-08-04,53.939998626708984,52.72999954223633,53.7599983215332,52.7400016784668,1494000.0,51.79751968383789
2011-08-05,53.38999938964844,51.900001525878906,53.08000183105469,52.939998626708984,1887200.0,51.993934631347656
2011-08-08,52.06999969482422,49.81999969482422,51.93000030517578,50.040000915527344,2566500.0,49.145751953125
2011-08-09,51.90999984741211,49.65999984741211,50.5099983215332,51.86000061035156,2238000.0,50.933231353759766
2011-08-10,51.41999816894531,49.5,50.29999923706055,50.099998474121094,1893500.0,49.20468521118164
2011-08-11,57.0,53.220001220703125,56.27000045776367,54.290000915527344,5604900.0,53.31980895996094
2011-08-12,56.13999938964844,54.63999938964844,55.72999954223633,55.16999816894531,1339500.0,54.18407440185547
2011-08-15,56.38999938964844,54.709999084472656,55.4900016784668,56.36000061035156,1284300.0,55.352813720703125
2011-08-16,56.22999954223633,55.130001068115234,55.689998626708984,55.63999938964844,1574300.0,54.64567184448242
2011-08-17,56.91999816894531,55.91999816894531,56.11000061035156,56.7400016784668,1330800.0,55.72603225708008
2011-08-18,57.099998474121094,54.970001220703125,55.43000030517578,56.54999923706055,2583800.0,55.539424896240234
2011-08-19,58.33000183105469,55.79999923706055,56.0099983215332,57.95000076293945,2229300.0,56.91440200805664
2011-08-22,58.720001220703125,56.91999816894531,58.68000030517578,57.33000183105469,1979500.0,56.30548095703125
2011-08-23,58.7400016784668,57.27000045776367,57.52000045776367,58.34000015258789,1138100.0,57.29743576049805
2011-08-24,59.20000076293945,57.75,57.970001220703125,59.13999938964844,1317300.0,58.0831298828125
2011-08-25,60.11000061035156,57.83000183105469,59.20000076293945,57.97999954223633,1038700.0,56.94386291503906
2011-08-26,59.33000183105469,57.619998931884766,58.11000061035156,59.20000076293945,1014600.0,58.14206314086914
2011-08-29,60.2400016784668,59.560001373291016,60.0,60.189998626708984,955300.0,59.1143684387207
2011-08-30,60.689998626708984,59.650001525878906,59.9900016784668,60.38999938964844,970000.0,59.310787200927734
2011-08-31,61.25,60.25,60.650001525878906,60.720001220703125,1242100.0,59.634891510009766
2011-09-01,61.31999969482422,60.16999816894531,60.79999923706055,60.33000183105469,909000.0,59.251869201660156
2011-09-02,59.90999984741211,58.939998626708984,59.380001068115234,59.439998626708984,826600.0,58.37778091430664
2011-09-06,59.880001068115234,58.2599983215332,58.369998931884766,59.810001373291016,850200.0,58.74116134643555
2011-09-07,60.97999954223633,60.02000045776367,60.279998779296875,60.95000076293945,858700.0,59.86079025268555
2011-09-08,61.70000076293945,60.54999923706055,60.66999816894531,60.86000061035156,996100.0,59.772403717041016
2011-09-09,61.380001068115234,59.91999816894531,60.29999923706055,60.439998626708984,851500.0,59.359901428222656
2011-09-12,60.40999984741211,59.34000015258789,59.90999984741211,60.40999984741211,989700.0,59.3304328918457
2011-09-13,61.310001373291016,60.2599983215332,60.720001220703125,60.650001525878906,854000.0,59.566158294677734
2011-09-14,62.119998931884766,60.4900016784668,60.95000076293945,61.47999954223633,1004000.0,60.38132095336914
2011-09-15,62.72999954223633,61.54999923706055,61.880001068115234,62.66999816894531,923200.0,61.55005645751953
2011-09-16,63.59000015258789,62.540000915527344,62.779998779296875,62.59000015258789,1467100.0,61.47146224975586
2011-09-19,63.0,61.790000915527344,61.790000915527344,62.7599983215332,1104300.0,61.6384391784668
2011-09-20,63.150001525878906,61.619998931884766,62.77000045776367,61.689998626708984,1051600.0,60.58757400512695
2011-09-21,62.16999816894531,59.7400016784668,61.599998474121094,59.790000915527344,836400.0,58.778690338134766
2011-09-22,59.939998626708984,58.02000045776367,58.560001373291016,58.66999816894531,1164000.0,57.67762756347656
2011-09-23,60.2400016784668,58.380001068115234,58.650001525878906,59.970001220703125,787000.0,58.955650329589844
2011-09-26,61.02000045776367,59.630001068115234,60.22999954223633,60.83000183105469,792400.0,59.80109786987305
2011-09-27,61.650001525878906,60.09000015258789,61.5099983215332,60.290000915527344,743600.0,59.27022171020508
2011-09-28,60.939998626708984,59.599998474121094,60.529998779296875,59.65999984741211,643900.0,58.65087890625
2011-09-29,60.47999954223633,57.83000183105469,60.369998931884766,59.0,1050800.0,58.00204849243164
2011-09-30,59.5,58.06999969482422,58.560001373291016,58.099998474121094,879800.0,57.11727523803711
2011-10-03,58.52000045776367,56.27000045776367,57.84000015258789,56.29999923706055,675300.0,55.34772491455078
2011-10-04,58.59000015258789,55.61000061035156,55.88999938964844,58.560001373291016,1102900.0,57.569496154785156
2011-10-05,58.939998626708984,57.5,58.439998626708984,58.619998931884766,704700.0,57.628475189208984
2011-10-06,59.599998474121094,58.25,58.38999938964844,59.38999938964844,601600.0,58.38546371459961
2011-10-07,60.04999923706055,58.689998626708984,59.650001525878906,59.040000915527344,509900.0,58.0413703918457
2011-10-10,61.060001373291016,59.52000045776367,59.91999816894531,60.939998626708984,481700.0,59.90923309326172
2011-10-11,61.11000061035156,60.09000015258789,60.849998474121094,60.95000076293945,428600.0,59.919063568115234
2011-10-12,61.54999923706055,59.900001525878906,61.36000061035156,60.040000915527344,798800.0,59.02446746826172
2011-10-13,60.36000061035156,59.25,59.95000076293945,59.79999923706055,682800.0,58.78851318359375
2011-10-14,60.779998779296875,59.619998931884766,60.400001525878906,60.7400016784668,519700.0,59.7126350402832
2011-10-17,61.22999954223633,59.31999969482422,60.52000045776367,59.58000183105469,1013600.0,58.57223892211914
2011-10-18,61.93000030517578,59.47999954223633,59.83000183105469,61.58000183105469,1094500.0,60.53841781616211
2011-10-19,62.22999954223633,61.11000061035156,61.310001373291016,61.79999923706055,1002100.0,60.75469207763672
2011-10-20,62.66999816894531,61.61000061035156,61.7599983215332,62.380001068115234,1043200.0,61.324886322021484
2011-10-21,63.41999816894531,62.470001220703125,63.0,62.91999816894531,434500.0,61.85574722290039
2011-10-24,64.11000061035156,62.75,63.290000915527344,63.54999923706055,592000.0,62.47507858276367
2011-10-25,63.900001525878906,63.20000076293945,63.220001220703125,63.540000915527344,439300.0,62.465248107910156
2011-10-26,64.0,62.630001068115234,63.84000015258789,63.34000015258789,727800.0,62.268653869628906
2011-10-27,66.61000061035156,64.81999969482422,65.06999969482422,65.98999786376953,887700.0,64.87383270263672
2011-10-28,66.93000030517578,65.26000213623047,65.88999938964844,65.66999816894531,484200.0,64.55923461914062
2011-10-31,66.08999633789062,64.94999694824219,65.30999755859375,65.06999969482422,485700.0,63.969383239746094
2011-11-01,65.55999755859375,63.02000045776367,63.5099983215332,64.81999969482422,823900.0,63.72360610961914
2011-11-02,65.5199966430664,64.37999725341797,65.5199966430664,64.9000015258789,564800.0,63.80226516723633
2011-11-03,66.19000244140625,64.25,64.9800033569336,66.06999969482422,647200.0,64.95246124267578
2011-11-04,66.0199966430664,64.79000091552734,65.6500015258789,66.0199966430664,623400.0,64.9032974243164
2011-11-07,66.66000366210938,65.38999938964844,66.08999633789062,66.44999694824219,895300.0,65.32603454589844
2011-11-08,67.88999938964844,65.75,66.87999725341797,67.69000244140625,1278000.0,66.54505920410156
2011-11-09,68.02999877929688,65.88999938964844,66.69999694824219,66.37000274658203,1329100.0,65.24739837646484
2011-11-10,71.0,67.0,67.4000015258789,69.51000213623047,2918700.0,68.33428955078125
2011-11-11,70.80999755859375,69.66999816894531,70.18000030517578,70.27999877929688,1184100.0,69.09125518798828
2011-11-14,70.02999877929688,68.77999877929688,69.80000305175781,68.9800033569336,1060600.0,67.81324768066406
2011-11-15,69.0,67.69000244140625,68.12000274658203,68.44999694824219,797500.0,67.29220581054688
2011-11-16,68.08999633789062,66.87000274658203,68.06999969482422,67.01000213623047,1261000.0,65.8765869140625
2011-11-17,67.80000305175781,67.01000213623047,67.16000366210938,67.55999755859375,1288100.0,66.4172592163086
2011-11-18,68.5199966430664,67.37999725341797,67.8499984741211,67.94999694824219,570900.0,66.80066680908203
2011-11-21,67.91999816894531,66.58000183105469,66.88999938964844,67.54000091552734,677600.0,66.3975830078125
2011-11-22,67.55000305175781,66.8499984741211,67.37000274658203,66.94999694824219,1134100.0,65.81757354736328
2011-11-23,67.30000305175781,66.55000305175781,66.56999969482422,66.8499984741211,649400.0,65.71927642822266
2011-11-25,67.52999877929688,66.04000091552734,66.5,67.13999938964844,474200.0,66.00437927246094
2011-11-28,69.0999984741211,66.93000030517578,68.54000091552734,67.30000305175781,718900.0,66.16167449951172
2011-11-29,67.8499984741211,67.06999969482422,67.30000305175781,67.5199966430664,458900.0,66.37794494628906
2011-11-30,69.23999786376953,68.16000366210938,68.77999877929688,69.22000122070312,729200.0,68.0491943359375
2011-12-01,70.16999816894531,68.6500015258789,68.94000244140625,68.75,695000.0,67.58714294433594
2011-12-02,69.47000122070312,68.48999786376953,69.44000244140625,69.05999755859375,616900.0,67.89189147949219
2011-12-05,70.55000305175781,69.30000305175781,69.5199966430664,69.91999816894531,545300.0,68.73734283447266
2011-12-06,70.54000091552734,69.75,70.2300033569336,70.08999633789062,760300.0,68.90446472167969
2011-12-07,70.30999755859375,69.62999725341797,69.69999694824219,70.0,610600.0,68.81599426269531
2011-12-08,70.62999725341797,69.37999725341797,69.55000305175781,69.9000015258789,578300.0,68.71769714355469
2011-12-09,70.7699966430664,69.79000091552734,69.97000122070312,70.27999877929688,774400.0,69.09125518798828
2011-12-12,70.08000183105469,69.0999984741211,69.88999938964844,69.16000366210938,1174900.0,67.99021911621094
2011-12-13,70.02999877929688,67.70999908447266,69.5999984741211,67.9000015258789,746100.0,66.75152587890625
2011-12-14,67.86000061035156,66.70999908447266,67.83999633789062,66.9000015258789,818900.0,65.7684326171875
2011-12-15,68.16999816894531,67.33999633789062,67.56999969482422,67.70999908447266,617400.0,66.56472778320312
2011-12-16,68.63999938964844,67.62000274658203,68.31999969482422,68.0,1083900.0,66.84980773925781
2011-12-19,68.5,66.95999908447266,68.19999694824219,66.98999786376953,754300.0,65.8569107055664
2011-12-20,69.31999969482422,67.91999816894531,68.04000091552734,68.98999786376953,813700.0,67.82305145263672
2011-12-21,69.18000030517578,68.16999816894531,68.97000122070312,68.5,1020200.0,67.39999389648438
2011-12-22,70.88999938964844,68.97000122070312,69.6500015258789,69.37999725341797,912100.0,68.26583862304688
2011-12-23,70.44999694824219,69.56999969482422,69.63999938964844,70.25,411100.0,69.12188720703125
2011-12-27,71.3499984741211,69.97000122070312,70.12000274658203,70.91999816894531,547100.0,69.7811279296875
2011-12-28,71.69000244140625,70.18000030517578,70.9800033569336,70.26000213623047,475900.0,69.13172912597656
2011-12-29,71.13999938964844,69.54000091552734,70.51000213623047,70.3499984741211,483400.0,69.22027587890625
2011-12-30,70.52999877929688,69.5999984741211,70.0199966430664,69.62999725341797,452500.0,68.5118408203125
2012-01-03,71.5999984741211,69.05999755859375,71.13999938964844,69.0999984741211,786600.0,67.99036407470703
2012-01-04,71.0999984741211,68.79000091552734,69.0,70.72000122070312,1412800.0,69.58431243896484
2012-01-05,71.41999816894531,69.66000366210938,70.44000244140625,71.16999816894531,596900.0,70.02710723876953
2012-01-06,72.05999755859375,70.80000305175781,71.29000091552734,71.5,1346600.0,70.35179138183594
2012-01-09,71.9000015258789,70.76000213623047,71.86000061035156,71.4800033569336,686100.0,70.33209991455078
2012-01-10,72.36000061035156,71.41999816894531,72.18000030517578,71.54000091552734,396500.0,70.39117431640625
2012-01-11,72.48999786376953,71.5999984741211,71.5999984741211,72.0199966430664,551000.0,70.86346435546875
2012-01-12,72.30000305175781,70.94000244140625,72.30000305175781,71.6500015258789,487100.0,70.49939727783203
2012-01-13,72.0199966430664,71.0199966430664,71.04000091552734,71.45999908447266,318300.0,70.31243896484375
2012-01-17,72.44999694824219,71.94999694824219,72.05000305175781,72.08000183105469,619300.0,70.92249298095703
2012-01-18,73.62999725341797,71.80000305175781,72.01000213623047,73.62999725341797,646100.0,72.44759368896484
2012-01-19,76.33000183105469,74.48999786376953,75.16999816894531,75.1500015258789,935200.0,73.94319915771484
2012-01-20,75.44000244140625,74.27999877929688,75.16999816894531,74.75,1296500.0,73.54959869384766
2012-01-23,75.04000091552734,74.18000030517578,74.7699966430664,74.9000015258789,771700.0,73.69721221923828
2012-01-24,75.33999633789062,74.26000213623047,74.69000244140625,75.2300033569336,615100.0,74.02189636230469
2012-01-25,76.0,74.87000274658203,74.94999694824219,75.9800033569336,491700.0,74.75987243652344
2012-01-26,76.48999786376953,74.88999938964844,76.45999908447266,75.05999755859375,577800.0,73.8546371459961
2012-01-27,75.58999633789062,74.66999816894531,74.93000030517578,75.3499984741211,379800.0,74.1399917602539
2012-01-30,76.97000122070312,75.01000213623047,76.95999908447266,76.56999969482422,1028700.0,75.34037780761719
2012-01-31,77.06999969482422,76.19999694824219,76.69999694824219,76.63999938964844,779800.0,75.40925598144531
2012-02-01,77.55000305175781,76.44000244140625,77.08000183105469,76.66000366210938,769800.0,75.428955078125
2012-02-02,77.05000305175781,75.69000244140625,77.05000305175781,76.2699966430664,984000.0,75.04524993896484
2012-02-03,77.20999908447266,76.66000366210938,77.12000274658203,76.91999816894531,1193700.0,75.68476104736328
2012-02-06,76.97000122070312,76.51000213623047,76.91000366210938,76.83999633789062,359100.0,75.6060562133789
2012-02-07,77.3499984741211,76.55999755859375,76.55999755859375,77.2300033569336,1009300.0,75.98979187011719
2012-02-08,79.06999969482422,77.01000213623047,77.2300033569336,78.83000183105469,2775800.0,77.56412506103516
2012-02-09,80.30999755859375,78.58000183105469,78.80000305175781,80.12000274658203,2236200.0,78.83338165283203
2012-02-10,80.05000305175781,79.0199966430664,79.18000030517578,79.98999786376953,823200.0,78.70545959472656
2012-02-13,80.38999938964844,79.25,80.19999694824219,79.43000030517578,830800.0,78.15446472167969
2012-02-14,79.87999725341797,78.94000244140625,79.33000183105469,79.7699966430664,774000.0,78.48898315429688
2012-02-15,80.22000122070312,79.11000061035156,79.95999908447266,79.4000015258789,1354300.0,78.12493896484375
2012-02-16,86.30000305175781,83.94999694824219,84.12000274658203,85.9000015258789,5455800.0,84.52054595947266
2012-02-17,87.48999786376953,85.4800033569336,86.44999694824219,85.56999969482422,2096100.0,84.19586181640625
2012-02-21,86.2300033569336,84.48999786376953,84.76000213623047,85.38999938964844,1631400.0,84.01876068115234
2012-02-22,86.0,85.0,85.3499984741211,85.08000183105469,1295500.0,83.7137451171875
2012-02-23,85.55999755859375,84.80000305175781,85.33000183105469,85.1500015258789,1985500.0,83.78262329101562
2012-02-24,85.70999908447266,84.37999725341797,85.19000244140625,84.58000183105469,925400.0,83.2217788696289
2012-02-27,84.73999786376953,84.05999755859375,84.45999908447266,84.16999816894531,1104100.0,82.81834411621094
2012-02-28,86.08999633789062,84.41999816894531,84.55999755859375,85.7699966430664,814300.0,84.39266204833984
2012-02-29,86.19000244140625,84.83000183105469,86.02999877929688,85.37000274658203,717600.0,83.99909973144531
2012-03-01,86.38999938964844,85.25,85.7300033569336,85.9800033569336,1159500.0,84.59928131103516
2012-03-02,87.05999755859375,85.94999694824219,86.2699966430664,86.70999908447266,1319600.0,85.31755828857422
2012-03-05,87.36000061035156,86.48999786376953,86.69000244140625,86.83999633789062,1679600.0,85.44547271728516
2012-03-06,87.27999877929688,85.87999725341797,86.38999938964844,87.01000213623047,1314800.0,85.61272430419922
2012-03-07,87.13999938964844,86.2699966430664,87.05000305175781,86.80000305175781,1218400.0,85.4061050415039
2012-03-08,87.29000091552734,86.51000213623047,86.9000015258789,86.94000244140625,785000.0,85.54387664794922
2012-03-09,87.76000213623047,86.75,87.05000305175781,87.2699966430664,803700.0,85.86858367919922
2012-03-12,87.91000366210938,86.97000122070312,87.38999938964844,87.48999786376953,615400.0,86.08500671386719
2012-03-13,88.55000305175781,87.66000366210938,88.13999938964844,88.4800033569336,876800.0,87.05912017822266
2012-03-14,89.41000366210938,88.23999786376953,88.48999786376953,89.16999816894531,791200.0,87.73805236816406
2012-03-15,89.45999908447266,88.56999969482422,89.06999969482422,89.25,1022400.0,87.81678771972656
2012-03-16,89.5,87.56999969482422,89.44000244140625,88.05000305175781,819500.0,86.63603973388672
2012-03-19,88.8499984741211,87.33000183105469,87.80999755859375,88.5,1009400.0,87.07881927490234
2012-03-20,89.3499984741211,88.18000030517578,88.33000183105469,88.80999755859375,1369500.0,87.38382720947266
2012-03-21,89.6500015258789,88.9000015258789,89.29000091552734,89.11000061035156,528200.0,87.73829650878906
2012-03-22,89.72000122070312,88.31999969482422,88.75,89.18000030517578,785400.0,87.80720520019531
2012-03-23,89.16999816894531,88.30999755859375,89.01000213623047,88.98999786376953,523200.0,87.6201400756836
2012-03-26,90.4000015258789,89.54000091552734,89.58000183105469,90.33000183105469,481300.0,88.93952178955078
2012-03-27,91.05000305175781,90.2699966430664,90.69999694824219,90.51000213623047,853800.0,89.11675262451172
2012-03-28,90.79000091552734,88.6500015258789,90.70999908447266,88.79000091552734,838000.0,87.42321014404297
2012-03-29,88.81999969482422,87.27999877929688,88.58999633789062,87.9800033569336,774800.0,86.6257095336914
2012-03-30,88.93000030517578,87.9800033569336,88.0,88.56999969482422,936500.0,87.20661163330078
2012-04-02,89.7699966430664,88.06999969482422,88.75,88.9800033569336,824000.0,87.61028289794922
2012-04-03,90.01000213623047,89.19999694824219,89.2300033569336,90.0,897300.0,88.6146011352539
2012-04-04,90.04000091552734,88.66999816894531,89.11000061035156,89.7300033569336,736400.0,88.34874725341797
2012-04-05,90.44999694824219,89.37999725341797,89.38999938964844,90.19999694824219,584400.0,88.8115005493164
2012-04-09,89.8499984741211,88.9000015258789,89.61000061035156,89.81999969482422,713100.0,88.43737030029297
2012-04-10,89.83999633789062,87.88999938964844,89.83999633789062,88.27999877929688,927000.0,86.92105865478516
2012-04-11,89.69999694824219,88.31999969482422,88.69000244140625,89.66000366210938,935800.0,88.27983093261719
2012-04-12,90.5,89.55000305175781,89.93000030517578,89.94999694824219,970000.0,88.56539154052734
2012-04-13,90.8499984741211,89.83999633789062,89.8499984741211,90.1500015258789,713900.0,88.76227569580078
2012-04-16,90.73999786376953,89.30999755859375,90.73999786376953,89.69999694824219,797800.0,88.3191909790039
2012-04-17,90.75,89.43000030517578,90.12999725341797,90.19000244140625,598400.0,88.80166625976562
2012-04-18,90.86000061035156,89.69000244140625,89.8499984741211,90.68000030517578,664200.0,89.28411865234375
2012-04-19,91.5999984741211,90.41000366210938,90.75,90.87000274658203,586700.0,89.47119903564453
2012-04-20,91.05999755859375,90.38999938964844,90.94999694824219,90.77999877929688,516100.0,89.38258361816406
2012-04-23,90.77999877929688,89.31999969482422,90.58999633789062,90.58999633789062,599000.0,89.19551086425781
2012-04-24,91.12000274658203,88.16999816894531,90.55999755859375,88.8499984741211,721900.0,87.4822998046875
2012-04-25,89.73999786376953,88.13999938964844,89.29000091552734,89.63999938964844,606300.0,88.2601318359375
2012-04-26,92.5999984741211,88.5,89.79000091552734,91.43000030517578,1845700.0,90.0225830078125
2012-04-27,93.08000183105469,91.5,91.93000030517578,92.37000274658203,998100.0,90.94811248779297
2012-04-30,92.72000122070312,91.54000091552734,92.55999755859375,91.80000305175781,664900.0,90.38687133789062
2012-05-01,92.4800033569336,90.5999984741211,91.26000213623047,90.75,1094300.0,89.35305786132812
2012-05-02,92.45999908447266,90.33000183105469,90.33000183105469,92.31999969482422,775000.0,90.89887237548828
2012-05-03,92.5199966430664,91.44000244140625,92.31999969482422,91.94999694824219,517100.0,90.53457641601562
2012-05-04,91.72000122070312,90.3499984741211,91.44000244140625,90.36000061035156,588600.0,88.96905517578125
2012-05-07,91.05000305175781,90.25,90.25,90.66999816894531,818000.0,89.2742691040039
2012-05-08,90.19999694824219,87.80999755859375,90.19999694824219,89.18000030517578,1012000.0,87.80720520019531
2012-05-09,89.29000091552734,87.66999816894531,88.37000274658203,88.61000061035156,720300.0,87.2459945678711
2012-05-10,89.83000183105469,88.43000030517578,88.91000366210938,89.06999969482422,718000.0,87.69889831542969
2012-05-11,90.2300033569336,88.1500015258789,88.66000366210938,88.41999816894531,708400.0,87.05889129638672
2012-05-14,86.45999908447266,82.2699966430664,85.56999969482422,82.33999633789062,2547400.0,81.07250213623047
2012-05-15,82.68000030517578,80.54000091552734,82.30999755859375,81.08000183105469,1850400.0,79.83190155029297
2012-05-16,83.16999816894531,81.0,81.13999938964844,82.0999984741211,1405300.0,80.83616638183594
2012-05-17,73.80000305175781,67.22000122070312,72.27999877929688,68.16999816894531,6813900.0,67.1206283569336
2012-05-18,68.25,66.25,68.1500015258789,66.68000030517578,1912500.0,65.6535415649414
2012-05-21,70.33999633789062,66.02999877929688,66.91999816894531,69.81999969482422,3489000.0,68.74523162841797
2012-05-22,70.12000274658203,68.66000366210938,68.9800033569336,68.97000122070312,2575200.0,67.90830993652344
2012-05-23,71.83000183105469,68.45999908447266,68.45999908447266,71.6500015258789,2258400.0,70.54706573486328
2012-05-24,72.95999908447266,70.93000030517578,72.33999633789062,72.93000030517578,2484400.0,71.807373046875
2012-05-25,73.80000305175781,72.5199966430664,73.02999877929688,73.66999816894531,1436900.0,72.53597259521484
2012-05-29,74.30000305175781,72.87000274658203,74.13999938964844,74.20999908447266,1360900.0,73.06765747070312
2012-05-30,73.79000091552734,72.44999694824219,73.38999938964844,72.44999694824219,1399900.0,71.33472442626953
2012-05-31,73.43000030517578,71.6500015258789,72.6500015258789,72.94000244140625,1007300.0,71.81719970703125
2012-06-01,72.38999938964844,71.0999984741211,71.51000213623047,71.13999938964844,1090600.0,70.0448989868164
2012-06-04,71.9800033569336,70.0199966430664,71.16000366210938,70.77999877929688,1308700.0,69.6904525756836
2012-06-05,72.4000015258789,70.36000061035156,70.66999816894531,72.12000274658203,1585200.0,71.00981903076172
2012-06-06,73.70999908447266,72.63999938964844,72.63999938964844,73.70999908447266,1023000.0,72.57534790039062
2012-06-07,74.1500015258789,73.30999755859375,74.1500015258789,73.72000122070312,903800.0,72.58518981933594
2012-06-08,74.62999725341797,72.95999908447266,73.47000122070312,74.33000183105469,923100.0,73.18580627441406
2012-06-11,74.87000274658203,72.11000061035156,74.87000274658203,72.16999816894531,946600.0,71.0590591430664
2012-06-12,73.4800033569336,72.06999969482422,72.37999725341797,73.3499984741211,660700.0,72.22088623046875
2012-06-13,73.16999816894531,70.44000244140625,72.9000015258789,70.54000091552734,1360500.0,69.45413970947266
2012-06-14,72.68000030517578,70.2300033569336,70.81999969482422,70.66000366210938,1498700.0,69.57232666015625
2012-06-15,71.0,69.38999938964844,70.41000366210938,69.73999786376953,1823800.0,68.66645812988281
2012-06-18,71.37000274658203,69.19999694824219,69.91000366210938,70.69000244140625,1374200.0,69.60183715820312
2012-06-19,70.77999877929688,68.6500015258789,70.77999877929688,68.86000061035156,2496900.0,67.80001831054688
2012-06-20,69.18000030517578,68.16000366210938,68.69000244140625,69.02999877929688,1632100.0,68.02664947509766
2012-06-21,69.2699966430664,67.22000122070312,69.19000244140625,67.2300033569336,1793400.0,66.25284576416016
2012-06-22,68.41000366210938,67.29000091552734,67.58999633789062,67.93000030517578,1240900.0,66.94265747070312
2012-06-25,67.2699966430664,66.0999984741211,67.1500015258789,66.4800033569336,1037900.0,65.51374053955078
2012-06-26,66.25,62.779998779296875,65.20999908447266,65.8499984741211,2508000.0,64.89288330078125
2012-06-27,66.0199966430664,60.869998931884766,60.869998931884766,65.58999633789062,3743900.0,64.63665008544922
2012-06-28,65.76000213623047,64.66000366210938,64.75,65.70999908447266,1565200.0,64.75492858886719
2012-06-29,68.30000305175781,66.41000366210938,66.41000366210938,68.22000122070312,1225700.0,67.22843933105469
2012-07-02,68.4000015258789,67.33000183105469,68.4000015258789,67.66999816894531,1149500.0,66.68643951416016
2012-07-03,69.22000122070312,66.97000122070312,67.5999984741211,69.19999694824219,826200.0,68.19420623779297
2012-07-05,70.29000091552734,68.7300033569336,68.94000244140625,68.80000305175781,1246700.0,67.80001831054688
2012-07-06,69.31999969482422,68.38999938964844,68.48999786376953,69.05000305175781,970200.0,68.0463638305664
2012-07-09,70.12000274658203,68.58000183105469,68.86000061035156,70.0999984741211,1036600.0,69.08110809326172
2012-07-10,70.80000305175781,69.73999786376953,70.54000091552734,70.6500015258789,1622600.0,69.62310791015625
2012-07-11,70.83000183105469,69.05999755859375,70.4800033569336,69.80000305175781,1240100.0,68.78548431396484
2012-07-12,71.87000274658203,69.25,69.5,71.58000183105469,1437100.0,70.53959655761719
2012-07-13,72.51000213623047,71.33999633789062,71.75,71.5999984741211,1338800.0,70.5593032836914
2012-07-16,71.41000366210938,70.33000183105469,71.30000305175781,70.43000030517578,738300.0,69.40632629394531
2012-07-17,72.9800033569336,71.7300033569336,72.47000122070312,72.0999984741211,1493900.0,71.05205535888672
2012-07-18,74.38999938964844,72.01000213623047,72.0199966430664,73.91000366210938,1133000.0,72.83575439453125
2012-07-19,74.38999938964844,73.08000183105469,73.94999694824219,73.37000274658203,1091300.0,72.30359649658203
2012-07-20,73.25,71.97000122070312,73.0,72.52999877929688,857600.0,71.47576904296875
2012-07-23,72.19000244140625,70.5199966430664,71.13999938964844,71.91999816894531,589500.0,70.8746566772461
2012-07-24,72.0199966430664,70.83000183105469,72.0199966430664,71.36000061035156,756900.0,70.32279205322266
2012-07-25,72.91999816894531,71.16000366210938,71.44999694824219,72.55000305175781,1574300.0,71.49549102783203
2012-07-26,72.9800033569336,69.30999755859375,72.88999938964844,69.38999938964844,2864800.0,68.38142395019531
2012-07-27,70.43000030517578,69.18000030517578,70.02999877929688,69.61000061035156,2205000.0,68.59827423095703
2012-07-30,70.69000244140625,69.11000061035156,69.5,70.4000015258789,944800.0,69.37677001953125
2012-07-31,71.58000183105469,69.97000122070312,70.51000213623047,70.1500015258789,1089500.0,69.13037109375
2012-08-01,71.81999969482422,67.88999938964844,70.48999786376953,68.05999755859375,1267500.0,67.07075500488281
2012-08-02,68.0999984741211,66.5999984741211,66.62999725341797,67.13999938964844,1766800.0,66.16411590576172
2012-08-03,68.5,66.30999755859375,68.26000213623047,68.01000213623047,2080900.0,67.0215072631836
2012-08-06,69.47000122070312,68.08999633789062,68.23999786376953,69.11000061035156,886300.0,68.10548400878906
2012-08-07,71.13999938964844,69.05000305175781,69.2300033569336,70.66000366210938,1137200.0,69.63298797607422
2012-08-08,71.44999694824219,70.38999938964844,70.62999725341797,70.56999969482422,1548200.0,69.54428100585938
2012-08-09,70.0,66.87000274658203,67.08000183105469,67.91999816894531,3157800.0,66.93280029296875
2012-08-10,68.62000274658203,66.91999816894531,67.41000366210938,68.5999984741211,1289400.0,67.60292053222656
2012-08-13,69.31999969482422,68.51000213623047,68.51000213623047,69.11000061035156,1063600.0,68.10548400878906
2012-08-14,70.91000366210938,69.19000244140625,69.25,70.66999816894531,1305400.0,69.64282989501953
2012-08-15,71.79000091552734,70.5,70.7300033569336,71.30000305175781,1217100.0,70.26365661621094
2012-08-16,72.75,71.20999908447266,71.36000061035156,72.45999908447266,1519900.0,71.40681457519531
2012-08-17,73.05999755859375,72.41000366210938,72.70999908447266,72.87000274658203,1102300.0,71.81085968017578
2012-08-20,72.80000305175781,71.41999816894531,72.5199966430664,71.58000183105469,1328100.0,70.53959655761719
2012-08-21,72.06999969482422,71.36000061035156,71.76000213623047,72.0,736600.0,70.95349884033203
2012-08-22,72.41999816894531,71.9000015258789,72.01000213623047,72.19999694824219,594200.0,71.15058898925781
2012-08-23,72.37000274658203,71.9000015258789,72.05999755859375,71.95999908447266,657500.0,70.9140853881836
2012-08-24,72.3499984741211,71.55000305175781,71.87000274658203,71.97000122070312,831000.0,70.92394256591797
2012-08-27,72.3499984741211,71.33999633789062,72.3499984741211,71.4000015258789,701900.0,70.36222076416016
2012-08-28,72.44999694824219,70.95999908447266,71.38999938964844,72.08999633789062,627600.0,71.04217529296875
2012-08-29,72.33999633789062,71.36000061035156,72.16999816894531,71.44000244140625,984700.0,70.40161895751953
2012-08-30,71.4800033569336,70.73999786376953,71.12000274658203,71.0199966430664,452600.0,69.98773193359375
2012-08-31,71.70999908447266,70.55999755859375,71.5,71.12000274658203,377500.0,70.08628845214844
2012-09-04,71.18000030517578,69.0,71.12000274658203,70.26000213623047,843500.0,69.23880004882812
2012-09-05,71.22000122070312,70.01000213623047,70.1500015258789,70.23999786376953,845700.0,69.21908569335938
2012-09-06,72.12999725341797,70.30000305175781,70.54000091552734,71.31999969482422,1057700.0,70.28337097167969
2012-09-07,71.44999694824219,69.97000122070312,71.2699966430664,70.38999938964844,1470700.0,69.36688995361328
2012-09-10,70.80999755859375,69.8499984741211,70.44999694824219,69.86000061035156,1478300.0,68.84463500976562
2012-09-11,70.73999786376953,69.80000305175781,70.08000183105469,70.55000305175781,768700.0,69.5245590209961
2012-09-12,70.94000244140625,70.04000091552734,70.66999816894531,70.58999633789062,661500.0,69.56397247314453
2012-09-13,70.69999694824219,69.0,70.69999694824219,69.47000122070312,980700.0,68.46028137207031
2012-09-14,69.47000122070312,67.58999633789062,69.47000122070312,68.0,1585800.0,67.01162719726562
2012-09-17,69.04000091552734,67.52999877929688,67.56999969482422,67.88999938964844,777100.0,66.90324401855469
2012-09-18,67.72000122070312,66.91000366210938,67.62999725341797,67.69000244140625,1150400.0,66.7061538696289
2012-09-19,69.33000183105469,67.31999969482422,67.31999969482422,68.27999877929688,1566800.0,67.34724426269531
2012-09-20,69.22000122070312,67.5,68.02999877929688,69.20999908447266,1469100.0,68.26456451416016
2012-09-21,69.5,68.41999816894531,69.5,68.47000122070312,1087700.0,67.53465270996094
2012-09-24,68.44999694824219,67.66000366210938,68.0,67.83999633789062,785400.0,66.91326904296875
2012-09-25,68.26000213623047,67.52999877929688,68.12999725341797,67.52999877929688,790400.0,66.60751342773438
2012-09-26,68.06999969482422,67.1500015258789,67.55000305175781,67.83999633789062,826400.0,66.91326904296875
2012-09-27,68.2699966430664,67.25,68.05999755859375,68.12000274658203,466000.0,67.18946075439453
2012-09-28,68.5999984741211,67.62000274658203,67.93000030517578,68.44000244140625,963800.0,67.50508117675781
2012-10-01,68.54000091552734,67.70999908447266,68.52999877929688,67.98999786376953,1228400.0,67.06123352050781
2012-10-02,68.62999725341797,67.8499984741211,68.25,68.54000091552734,596200.0,67.60372924804688
2012-10-03,69.05000305175781,68.05000305175781,68.9000015258789,68.12999725341797,455300.0,67.19931030273438
2012-10-04,69.6500015258789,68.11000061035156,68.37000274658203,69.48999786376953,631200.0,68.5407485961914
2012-10-05,70.63999938964844,69.5199966430664,69.7300033569336,69.87000274658203,519200.0,68.91552734375
2012-10-08,71.06999969482422,69.45999908447266,69.6500015258789,70.58999633789062,668000.0,69.62570190429688
2012-10-09,70.93000030517578,69.80000305175781,70.62999725341797,69.93000030517578,631200.0,68.97472381591797
2012-10-10,70.31999969482422,68.95999908447266,69.77999877929688,69.11000061035156,762000.0,68.16590881347656
2012-10-11,69.55000305175781,68.1500015258789,69.55000305175781,68.48999786376953,571500.0,67.55438232421875
2012-10-12,68.55000305175781,67.9000015258789,68.55000305175781,67.97000122070312,520800.0,67.04149627685547
2012-10-15,68.11000061035156,66.69000244140625,68.11000061035156,67.7699966430664,529100.0,66.84422302246094
2012-10-16,68.80999755859375,67.33999633789062,67.5199966430664,68.16999816894531,744700.0,67.23876190185547
2012-10-17,68.36000061035156,67.31999969482422,68.0999984741211,68.3499984741211,698400.0,67.41632080078125
2012-10-18,68.91999816894531,67.22000122070312,68.18000030517578,68.30999755859375,1012900.0,67.37686157226562
2012-10-19,68.62999725341797,67.8499984741211,68.2300033569336,68.43000030517578,515400.0,67.4952163696289
2012-10-22,66.41999816894531,64.36000061035156,65.76000213623047,66.1500015258789,2884100.0,65.24636840820312
2012-10-23,67.55000305175781,65.06999969482422,65.69999694824219,67.29000091552734,1296700.0,66.37081909179688
2012-10-24,67.62000274658203,66.04000091552734,67.48999786376953,66.8499984741211,835800.0,65.93679809570312
2012-10-25,68.19999694824219,67.08000183105469,67.08000183105469,67.9000015258789,835100.0,66.97244262695312
2012-10-26,68.3499984741211,67.61000061035156,68.11000061035156,68.13999938964844,705000.0,67.20919036865234
2012-10-31,71.12000274658203,68.16999816894531,68.6500015258789,70.94000244140625,819800.0,69.97093200683594
2012-11-01,84.0,70.08000183105469,70.63999938964844,81.0,4395200.0,79.89350128173828
2012-11-02,81.2300033569336,79.37999725341797,80.83000183105469,79.97000122070312,2432800.0,78.87757110595703
2012-11-05,81.05999755859375,79.2699966430664,80.0999984741211,80.79000091552734,906800.0,79.6863784790039
2012-11-06,81.76000213623047,80.16000366210938,80.80000305175781,80.44000244140625,1306300.0,79.34117889404297
2012-11-07,81.08999633789062,79.61000061035156,80.05999755859375,79.76000213623047,983200.0,78.67044067382812
2012-11-08,81.45999908447266,79.19999694824219,79.6500015258789,79.4000015258789,2073400.0,78.31536865234375
2012-11-09,80.76000213623047,77.98999786376953,78.38999938964844,78.41000366210938,1818000.0,77.3388900756836
2012-11-12,79.81999969482422,77.88999938964844,79.4800033569336,78.2699966430664,846500.0,77.20079040527344
2012-11-13,80.55999755859375,78.01000213623047,78.01000213623047,79.2699966430664,1464200.0,78.18712615966797
2012-11-14,80.0999984741211,77.30000305175781,79.6500015258789,77.8499984741211,1043900.0,76.78653717041016
2012-11-15,78.05000305175781,76.7699966430664,77.48999786376953,77.5,937700.0,76.4413070678711
2012-11-16,78.0,76.9000015258789,77.51000213623047,76.9000015258789,1467200.0,75.84951782226562
2012-11-19,78.22000122070312,77.13999938964844,77.43000030517578,77.79000091552734,813200.0,76.72734069824219
2012-11-20,78.48999786376953,77.11000061035156,77.52999877929688,77.6500015258789,601900.0,76.58927917480469
2012-11-21,78.19000244140625,77.16000366210938,77.62000274658203,77.93000030517578,238600.0,76.86543273925781
2012-11-23,79.12000274658203,77.63999938964844,77.83000183105469,79.04000091552734,198500.0,77.96028900146484
2012-11-26,79.05000305175781,77.58999633789062,78.58000183105469,78.16000366210938,741200.0,77.09229278564453
2012-11-27,78.06999969482422,76.02999877929688,78.05999755859375,76.61000061035156,1326100.0,75.5634765625
2012-11-28,78.06999969482422,76.29000091552734,76.47000122070312,78.06999969482422,487900.0,77.0035400390625
2012-11-29,74.05000305175781,71.36000061035156,71.44999694824219,73.93000030517578,3211200.0,72.92008209228516
2012-11-30,73.88999938964844,73.0,73.5199966430664,73.1500015258789,1948100.0,72.15074920654297
2012-12-03,74.22000122070312,71.94000244140625,73.51000213623047,73.16999816894531,1363200.0,72.17049407958984
2012-12-04,72.91999816894531,71.97000122070312,72.8499984741211,72.37999725341797,866100.0,71.39124298095703
2012-12-05,72.95999908447266,72.0199966430664,72.58999633789062,72.19999694824219,692500.0,71.21370697021484
2012-12-06,72.58999633789062,71.66999816894531,72.33999633789062,71.94999694824219,496500.0,70.96711730957031
2012-12-07,72.30999755859375,71.4800033569336,72.23999786376953,71.62000274658203,424700.0,70.64166259765625
2012-12-10,72.94999694824219,71.05999755859375,71.12999725341797,72.69999694824219,643500.0,71.70690155029297
2012-12-11,73.33999633789062,72.54000091552734,73.0999984741211,72.83000183105469,980100.0,71.83509826660156
2012-12-12,75.44000244140625,72.62999725341797,73.29000091552734,72.79000091552734,1011200.0,71.79563903808594
2012-12-13,73.61000061035156,72.79000091552734,72.95999908447266,73.02999877929688,481900.0,72.03238677978516
2012-12-14,73.55999755859375,72.41999816894531,72.97000122070312,72.58999633789062,686900.0,71.598388671875
2012-12-17,73.48999786376953,72.62999725341797,72.93000030517578,73.05000305175781,731000.0,72.05211639404297
2012-12-18,73.41999816894531,72.69000244140625,73.30999755859375,72.9000015258789,1168900.0,71.90415954589844
2012-12-19,73.4000015258789,71.98999786376953,73.05000305175781,72.02999877929688,635800.0,71.10454559326172
2012-12-20,72.91000366210938,71.47000122070312,72.2699966430664,71.68000030517578,442100.0,70.75906372070312
2012-12-21,71.55999755859375,70.0199966430664,70.94000244140625,70.2699966430664,1210300.0,69.3671646118164
2012-12-24,71.08999633789062,70.19999694824219,70.5,70.77999877929688,178600.0,69.87062072753906
2012-12-26,71.16999816894531,70.12000274658203,70.77999877929688,70.5999984741211,511600.0,69.69294738769531
2012-12-27,71.52999877929688,70.08999633789062,70.56999969482422,71.33999633789062,619300.0,70.42340850830078
2012-12-28,71.8499984741211,70.79000091552734,70.91999816894531,71.51000213623047,422100.0,70.59123992919922
2012-12-31,72.55000305175781,71.30000305175781,71.38999938964844,72.3499984741211,454500.0,71.42044067382812
2013-01-02,73.76000213623047,71.69000244140625,73.48999786376953,72.48999786376953,800500.0,71.55863952636719
2013-01-03,73.44000244140625,72.12999725341797,72.8499984741211,72.48999786376953,520600.0,71.55863952636719
2013-01-04,73.63999938964844,72.38999938964844,72.75,73.62000274658203,615000.0,72.67412567138672
2013-01-07,73.80000305175781,73.1500015258789,73.1500015258789,73.37000274658203,1054400.0,72.4273452758789
2013-01-08,73.66000366210938,72.13999938964844,73.16999816894531,72.16999816894531,840000.0,71.24275970458984
2013-01-09,73.22000122070312,72.22000122070312,72.38999938964844,72.38999938964844,537600.0,71.4599380493164
2013-01-10,72.55999755859375,71.51000213623047,72.55999755859375,71.76000213623047,583200.0,70.8380355834961
2013-01-11,73.73999786376953,71.4800033569336,72.08000183105469,72.29000091552734,780200.0,71.36121368408203
2013-01-14,72.83000183105469,71.9000015258789,72.0199966430664,72.58000183105469,663200.0,71.64750671386719
2013-01-15,73.72000122070312,71.5199966430664,72.36000061035156,73.63999938964844,442000.0,72.6938705444336
2013-01-16,73.81999969482422,72.9800033569336,73.81999969482422,73.36000061035156,368700.0,72.41746520996094
2013-01-17,74.2300033569336,73.0999984741211,73.1500015258789,73.41999816894531,449700.0,72.4767074584961
2013-01-18,73.77999877929688,73.25,73.43000030517578,73.75,266400.0,72.80247497558594
2013-01-22,74.44000244140625,73.61000061035156,73.75,74.08000183105469,418300.0,73.12821197509766
2013-01-23,74.94000244140625,73.77999877929688,73.86000061035156,74.75,409400.0,73.78961944580078
2013-01-24,75.4800033569336,74.30999755859375,75.0,75.01000213623047,588000.0,74.04627990722656
2013-01-25,75.6500015258789,74.77999877929688,75.01000213623047,75.25,702300.0,74.28318786621094
2013-01-28,76.70999908447266,75.25,75.41999816894531,75.94000244140625,1043500.0,74.96435546875
2013-01-29,75.83000183105469,74.48999786376953,75.83000183105469,74.56999969482422,852000.0,73.61190032958984
2013-01-30,74.88999938964844,73.5,74.41000366210938,73.52999877929688,790700.0,72.58529663085938
2013-01-31,74.05000305175781,73.04000091552734,73.47000122070312,73.5199966430664,1019200.0,72.57540130615234
2013-02-01,74.04000091552734,72.95999908447266,73.80000305175781,73.66000366210938,952900.0,72.71360778808594
2013-02-04,73.72000122070312,72.13999938964844,73.30999755859375,72.2300033569336,1063400.0,71.3019790649414
2013-02-05,73.38999938964844,72.41999816894531,72.47000122070312,73.2699966430664,759000.0,72.32861328125
2013-02-06,73.43000030517578,72.52999877929688,72.8499984741211,72.9000015258789,848200.0,71.96337127685547
2013-02-07,81.0,73.66999816894531,79.8499984741211,77.13999938964844,5130000.0,76.14891052246094
2013-02-08,79.72000122070312,78.01000213623047,78.33999633789062,78.9000015258789,1298200.0,77.88628387451172
2013-02-11,78.91000366210938,77.2300033569336,78.6500015258789,78.38999938964844,758100.0,77.38285064697266
2013-02-12,78.62999725341797,77.51000213623047,78.38999938964844,78.5999984741211,876100.0,77.59014892578125
2013-02-13,79.12999725341797,77.8499984741211,78.9000015258789,78.97000122070312,1038500.0,77.95540618896484
2013-02-14,79.72000122070312,78.58999633789062,78.66000366210938,78.83999633789062,1005400.0,77.82707214355469
2013-02-15,79.18000030517578,77.93000030517578,78.83000183105469,79.0,1247100.0,77.9850082397461
2013-02-19,81.44000244140625,78.56999969482422,79.12000274658203,80.72000122070312,1730700.0,79.68292236328125
2013-02-20,80.94000244140625,79.38999938964844,80.41999816894531,79.5,648700.0,78.47858428955078
2013-02-21,80.05000305175781,78.55999755859375,79.26000213623047,79.05999755859375,915200.0,78.04423522949219
2013-02-22,79.45999908447266,78.62999725341797,79.19999694824219,79.20999908447266,538200.0,78.19230651855469
2013-02-25,79.73999786376953,78.36000061035156,79.45999908447266,78.36000061035156,579900.0,77.35320281982422
2013-02-26,78.93000030517578,76.41999816894531,78.41999816894531,77.1500015258789,990200.0,76.1587905883789
2013-02-27,77.58000183105469,76.22000122070312,77.29000091552734,77.30000305175781,720800.0,76.30686950683594
2013-02-28,77.58999633789062,76.33999633789062,77.3499984741211,76.33999633789062,1180800.0,75.35917663574219
2013-03-01,76.66000366210938,75.62000274658203,76.37000274658203,76.37000274658203,1272700.0,75.38880157470703
2013-03-04,77.25,76.0999984741211,76.23999786376953,77.0199966430664,1098400.0,76.03044891357422
2013-03-05,77.48999786376953,76.72000122070312,77.06999969482422,76.94999694824219,1288600.0,75.9613265991211
2013-03-06,77.23999786376953,75.97000122070312,77.0999984741211,76.18000030517578,1255700.0,75.20123291015625
2013-03-07,76.75,75.69999694824219,76.04000091552734,76.22000122070312,965500.0,75.24072265625
2013-03-08,77.16000366210938,75.62999725341797,76.44000244140625,76.83999633789062,736400.0,75.85276794433594
2013-03-11,78.05999755859375,76.83999633789062,76.87999725341797,77.52999877929688,689400.0,76.53388977050781
2013-03-12,77.66000366210938,76.88999938964844,77.26000213623047,77.36000061035156,660600.0,76.3660888671875
2013-03-13,78.8499984741211,77.31999969482422,77.54000091552734,78.7699966430664,645000.0,77.7579574584961
2013-03-14,79.12000274658203,77.36000061035156,78.9000015258789,77.66999816894531,763300.0,76.67211151123047
2013-03-15,79.58999633789062,77.41000366210938,77.9000015258789,79.56999969482422,1237200.0,78.54767608642578
2013-03-18,80.76000213623047,79.01000213623047,79.08999633789062,80.69999694824219,1219200.0,79.66317749023438
2013-03-19,80.94000244140625,79.7699966430664,80.63999938964844,80.06999969482422,1370300.0,79.04125213623047
2013-03-20,80.69999694824219,79.80000305175781,80.06999969482422,80.22000122070312,730100.0,79.24870300292969
2013-03-21,80.72000122070312,79.8499984741211,79.91000366210938,80.02999877929688,616300.0,79.06100463867188
2013-03-22,80.44000244140625,78.97000122070312,80.12000274658203,79.80999755859375,586900.0,78.84368896484375
2013-03-25,80.94000244140625,79.33000183105469,79.83000183105469,80.52999877929688,1150900.0,79.55496978759766
2013-03-26,81.61000061035156,80.55999755859375,80.86000061035156,81.5999984741211,969300.0,80.61202239990234
2013-03-27,81.69999694824219,80.95999908447266,81.0199966430664,81.63999938964844,551000.0,80.65151977539062
2013-03-28,83.06999969482422,81.29000091552734,81.33999633789062,82.6500015258789,1291300.0,81.64929962158203
2013-04-01,83.02999877929688,81.66000366210938,82.54000091552734,82.33999633789062,749200.0,81.34304809570312
2013-04-02,82.91000366210938,81.33000183105469,82.48999786376953,82.83000183105469,956300.0,81.82711791992188
2013-04-03,82.94999694824219,81.5,82.80000305175781,82.12000274658203,846100.0,81.12571716308594
2013-04-04,82.97000122070312,81.93000030517578,82.19999694824219,82.19999694824219,819500.0,81.20475006103516
2013-04-05,81.62000274658203,80.75,81.62000274658203,80.94999694824219,913700.0,79.9698715209961
2013-04-08,81.1500015258789,80.3499984741211,81.0,80.62999725341797,837500.0,79.65374755859375
2013-04-09,79.97000122070312,78.5,79.97000122070312,78.70999908447266,1462900.0,77.75699615478516
2013-04-10,81.8499984741211,79.0,79.0,81.2300033569336,1758800.0,80.24649810791016
2013-04-11,83.37000274658203,80.80999755859375,81.02999877929688,83.01000213623047,1041800.0,82.00492858886719
2013-04-12,83.5199966430664,81.58000183105469,82.95999908447266,81.98999786376953,1009100.0,80.99728393554688
2013-04-15,82.19999694824219,79.98999786376953,81.88999938964844,80.2699966430664,1004500.0,79.29811096191406
2013-04-16,80.97000122070312,79.80000305175781,80.69000244140625,80.47000122070312,720300.0,79.49569702148438
2013-04-17,80.25,79.05000305175781,80.25,79.81999969482422,762800.0,78.8535385131836
2013-04-18,79.86000061035156,78.80999755859375,79.80000305175781,78.91999816894531,653600.0,77.9644546508789
2013-04-19,80.69000244140625,77.9800033569336,79.13999938964844,79.93000030517578,1045000.0,78.9622573852539
2013-04-22,79.97000122070312,78.75,79.8499984741211,79.06999969482422,564400.0,78.11264038085938
2013-04-23,81.2300033569336,79.52999877929688,79.55000305175781,80.55000305175781,654600.0,79.57472229003906
2013-04-24,81.43000030517578,80.47000122070312,80.47000122070312,81.18000030517578,663800.0,80.19710540771484
2013-04-25,84.01000213623047,82.05000305175781,82.5999984741211,83.0,1281900.0,81.99506378173828
2013-04-26,83.26000213623047,82.47000122070312,83.04000091552734,82.94000244140625,710400.0,81.93579864501953
2013-04-29,83.58000183105469,82.76000213623047,83.0,83.0199966430664,764800.0,82.01483154296875
2013-04-30,83.93000030517578,82.33000183105469,83.0,83.87999725341797,792000.0,82.8644027709961
2013-05-01,84.97000122070312,83.44000244140625,83.8499984741211,84.33999633789062,688100.0,83.31884765625
2013-05-02,84.9800033569336,83.93000030517578,84.44000244140625,84.58999633789062,674500.0,83.56581115722656
2013-05-03,85.73999786376953,84.13999938964844,85.0199966430664,84.55999755859375,694600.0,83.5361557006836
2013-05-06,85.05000305175781,84.02999877929688,84.70999908447266,84.91000366210938,394100.0,83.88195037841797
2013-05-07,85.69999694824219,84.61000061035156,85.30999755859375,85.58000183105469,429300.0,84.5438003540039
2013-05-08,85.87000274658203,84.61000061035156,85.5,85.12000274658203,503400.0,84.0893783569336
2013-05-09,85.69999694824219,84.58999633789062,84.91999816894531,84.72000122070312,428100.0,83.6942367553711
2013-05-10,85.97000122070312,84.5199966430664,84.80000305175781,85.43000030517578,537400.0,84.39563751220703
2013-05-13,85.37999725341797,83.66000366210938,85.25,85.0,728000.0,83.97085571289062
2013-05-14,86.2300033569336,84.95999908447266,85.18000030517578,86.12000274658203,387700.0,85.0772933959961
2013-05-15,86.54000091552734,85.41999816894531,85.95999908447266,86.4000015258789,348700.0,85.35389709472656
2013-05-16,86.91999816894531,85.04000091552734,86.31999969482422,85.41999816894531,610600.0,84.38574981689453
2013-05-17,86.45999908447266,85.51000213623047,85.56999969482422,86.16000366210938,572900.0,85.1168212890625
2013-05-20,86.9800033569336,85.37000274658203,85.79000091552734,86.5199966430664,630400.0,85.47242736816406
2013-05-21,88.73999786376953,87.05000305175781,87.16999816894531,87.18000030517578,748500.0,86.12443542480469
2013-05-22,87.33000183105469,85.55000305175781,87.25,85.80000305175781,516900.0,84.76117706298828
2013-05-23,85.41999816894531,83.22000122070312,84.56999969482422,84.08000183105469,1444700.0,83.06196594238281
2013-05-24,84.0199966430664,83.12000274658203,83.75,83.38999938964844,589900.0,82.38032531738281
2013-05-28,84.52999877929688,82.87000274658203,84.0,83.62999725341797,543800.0,82.617431640625
2013-05-29,83.4800033569336,81.80999755859375,83.13999938964844,82.16000366210938,770200.0,81.16523742675781
2013-05-30,82.88999938964844,81.58000183105469,82.33999633789062,82.06999969482422,525100.0,81.07632446289062
2013-05-31,83.12000274658203,81.51000213623047,81.77999877929688,81.5199966430664,493300.0,80.53298950195312
2013-06-03,82.56999969482422,80.30000305175781,81.54000091552734,82.55000305175781,918000.0,81.5505142211914
2013-06-04,83.38999938964844,81.87999725341797,82.38999938964844,81.98999786376953,548800.0,80.99728393554688
2013-06-05,82.94000244140625,81.52999877929688,81.95999908447266,81.55000305175781,472400.0,80.5626220703125
2013-06-06,83.23999786376953,81.63999938964844,81.7699966430664,83.2300033569336,343400.0,82.22225952148438
2013-06-07,84.52999877929688,83.18000030517578,83.48999786376953,84.31999969482422,541500.0,83.29908752441406
2013-06-10,84.95999908447266,83.38999938964844,84.31999969482422,83.62000274658203,369900.0,82.60753631591797
2013-06-11,83.41000366210938,82.5999984741211,82.88999938964844,82.69000244140625,486900.0,81.68878936767578
2013-06-12,83.41000366210938,82.04000091552734,83.08999633789062,82.3499984741211,461300.0,81.35292053222656
2013-06-13,83.30999755859375,82.19999694824219,82.44000244140625,82.75,466500.0,81.74807739257812
2013-06-14,83.63999938964844,81.63999938964844,82.61000061035156,82.4800033569336,521900.0,81.48136901855469
2013-06-17,83.44999694824219,82.11000061035156,82.58000183105469,82.4800033569336,521000.0,81.48136901855469
2013-06-18,83.70999908447266,82.13999938964844,82.5,83.69000244140625,345100.0,82.67670440673828
2013-06-19,84.4800033569336,82.44000244140625,83.30000305175781,84.06999969482422,1079300.0,83.11168670654297
2013-06-20,83.80000305175781,82.7300033569336,83.69000244140625,82.87999725341797,704100.0,81.93524932861328
2013-06-21,83.08000183105469,80.56999969482422,83.0199966430664,80.73999786376953,966500.0,79.81966400146484
2013-06-24,80.87000274658203,79.48999786376953,79.8499984741211,80.22000122070312,706000.0,79.30558776855469
2013-06-25,81.56999969482422,80.70999908447266,80.70999908447266,81.38999938964844,501700.0,80.46223449707031
2013-06-26,81.05000305175781,79.47000122070312,80.77999877929688,79.75,1178600.0,78.84093475341797
2013-06-27,80.75,79.86000061035156,80.22000122070312,80.0199966430664,672900.0,79.10786437988281
2013-06-28,81.75,79.69999694824219,80.01000213623047,81.16999816894531,831400.0,80.24473571777344
2013-07-01,82.69999694824219,81.45999908447266,81.72000122070312,81.88999938964844,721300.0,80.95652770996094
2013-07-02,82.66000366210938,81.04000091552734,82.0,81.47000122070312,456300.0,80.54132843017578
2013-07-03,82.19999694824219,81.02999877929688,81.22000122070312,81.98999786376953,262900.0,81.05540466308594
2013-07-05,82.9000015258789,81.44999694824219,82.62000274658203,82.58000183105469,272100.0,81.63865661621094
2013-07-08,84.01000213623047,82.94000244140625,83.0999984741211,83.72000122070312,616000.0,82.76567840576172
2013-07-09,84.16000366210938,83.13999938964844,84.0199966430664,83.19999694824219,376600.0,82.25160217285156
2013-07-10,83.30999755859375,82.5999984741211,83.25,82.75,829100.0,81.8067398071289
2013-07-11,83.72000122070312,82.70999908447266,83.5,82.76000213623047,787900.0,81.81661987304688
2013-07-12,83.31999969482422,82.33000183105469,82.93000030517578,82.66999816894531,505600.0,81.72762298583984
2013-07-15,83.4800033569336,82.12999725341797,82.9000015258789,83.37999725341797,461200.0,82.42955017089844
2013-07-16,83.6500015258789,81.8499984741211,83.29000091552734,82.37999725341797,450300.0,81.44095611572266
2013-07-17,82.88999938964844,81.44000244140625,82.55000305175781,81.48999786376953,460800.0,80.56109619140625
2013-07-18,82.66000366210938,81.4000015258789,81.5,82.5,1014800.0,81.5595932006836
2013-07-19,82.73999786376953,82.01000213623047,82.1500015258789,82.20999908447266,355900.0,81.27288055419922
2013-07-22,82.98999786376953,81.58000183105469,82.05000305175781,82.75,548300.0,81.8067398071289
2013-07-23,83.58999633789062,82.45999908447266,82.98999786376953,82.69999694824219,583200.0,81.7573013305664
2013-07-24,82.94999694824219,81.2699966430664,82.81999969482422,81.52999877929688,518000.0,80.60063934326172
2013-07-25,82.45999908447266,81.05000305175781,81.9000015258789,82.22000122070312,925300.0,81.28279113769531
2013-07-26,83.43000030517578,82.37999725341797,82.93000030517578,82.63999938964844,620100.0,81.697998046875
2013-07-29,82.87999725341797,81.93000030517578,82.61000061035156,82.33000183105469,332100.0,81.39151763916016
2013-07-30,82.80000305175781,82.1500015258789,82.52999877929688,82.19000244140625,482700.0,81.25312042236328
2013-07-31,83.06999969482422,82.01000213623047,82.25,82.48999786376953,521400.0,81.5497055053711
2013-08-01,83.72000122070312,82.47000122070312,83.16999816894531,83.43000030517578,912800.0,82.47896575927734
2013-08-02,83.5199966430664,82.83000183105469,83.29000091552734,83.47000122070312,412700.0,82.51851654052734
2013-08-05,83.80000305175781,82.9000015258789,83.19000244140625,83.41000366210938,445700.0,82.45921325683594
2013-08-06,83.41999816894531,82.5,83.41999816894531,83.18000030517578,637600.0,82.23184204101562
2013-08-07,82.93000030517578,81.81999969482422,82.81999969482422,82.29000091552734,996400.0,81.35195922851562
2013-08-08,83.13999938964844,79.33000183105469,83.0,81.6500015258789,2492100.0,80.71926879882812
2013-08-09,83.23999786376953,81.05999755859375,81.33999633789062,83.16999816894531,1403600.0,82.22193908691406
2013-08-12,83.5,82.41000366210938,83.13999938964844,82.44999694824219,687100.0,81.51016235351562
2013-08-13,84.93000030517578,82.41000366210938,82.7300033569336,84.48999786376953,1200800.0,83.52690887451172
2013-08-14,84.66999816894531,83.51000213623047,84.27999877929688,83.55000305175781,405500.0,82.59761810302734
2013-08-15,83.2699966430664,81.87000274658203,82.94000244140625,81.87999725341797,717700.0,80.9466552734375
2013-08-16,81.86000061035156,80.72000122070312,81.66000366210938,80.80000305175781,640900.0,79.87896728515625
2013-08-19,81.43000030517578,80.2699966430664,80.75,80.3499984741211,680900.0,79.43408203125
2013-08-20,82.08999633789062,80.31999969482422,80.52999877929688,81.66000366210938,602800.0,80.72915649414062
2013-08-21,82.22000122070312,81.19999694824219,81.58000183105469,81.7300033569336,685600.0,80.7983627319336
2013-08-22,82.25,81.52999877929688,81.66999816894531,81.80000305175781,382200.0,80.8675537109375
2013-08-23,83.16999816894531,81.7699966430664,82.04000091552734,83.01000213623047,479100.0,82.06376647949219
2013-08-26,83.9000015258789,83.0199966430664,83.13999938964844,83.0999984741211,266600.0,82.15274047851562
2013-08-27,82.61000061035156,81.52999877929688,82.31999969482422,81.52999877929688,582000.0,80.60063934326172
2013-08-28,81.73999786376953,80.94999694824219,81.4000015258789,81.06999969482422,311100.0,80.1458740234375
2013-08-29,81.58999633789062,80.68000030517578,81.0,81.26000213623047,403100.0,80.33372497558594
2013-08-30,81.12999725341797,79.7300033569336,80.76000213623047,80.06999969482422,658400.0,79.15726470947266
2013-09-03,81.3499984741211,79.41000366210938,81.3499984741211,79.77999877929688,904200.0,78.87059020996094
2013-09-04,80.04000091552734,79.3499984741211,79.8499984741211,79.77999877929688,854600.0,78.87059020996094
2013-09-05,80.48999786376953,79.70999908447266,79.70999908447266,80.04000091552734,296300.0,79.12763214111328
2013-09-06,80.38999938964844,78.91000366210938,80.04000091552734,79.12000274658203,546800.0,78.2181167602539
2013-09-09,79.95999908447266,79.30999755859375,79.30999755859375,79.63999938964844,406900.0,78.73220825195312
2013-09-10,81.26000213623047,79.91999816894531,79.98999786376953,81.08000183105469,727600.0,80.15579986572266
2013-09-11,81.55000305175781,80.76000213623047,81.05000305175781,81.44000244140625,285400.0,80.51167297363281
2013-09-12,81.5,80.04000091552734,81.33000183105469,80.37000274658203,380100.0,79.453857421875
2013-09-13,80.58000183105469,79.26000213623047,80.58000183105469,79.37999725341797,414300.0,78.47515106201172
2013-09-16,80.20999908447266,79.66999816894531,80.0199966430664,79.72000122070312,573300.0,78.81128692626953
2013-09-17,80.1500015258789,79.47000122070312,79.66999816894531,79.93000030517578,337200.0,79.01890563964844
2013-09-18,80.41999816894531,79.08999633789062,80.05000305175781,80.36000061035156,505000.0,79.503662109375
2013-09-19,81.06999969482422,80.4000015258789,80.41000366210938,80.70999908447266,733300.0,79.84992980957031
2013-09-20,81.30999755859375,80.5999984741211,81.16999816894531,80.6500015258789,775500.0,79.79057312011719
2013-09-23,80.69999694824219,79.47000122070312,80.56999969482422,79.79000091552734,696200.0,78.93973541259766
2013-09-24,80.58999633789062,79.23999786376953,79.5999984741211,80.0999984741211,665400.0,79.24642181396484
2013-09-25,81.56999969482422,79.97000122070312,80.12999725341797,81.45999908447266,768900.0,80.59194946289062
2013-09-26,82.08999633789062,81.41000366210938,81.5999984741211,81.68000030517578,541400.0,80.8095932006836
2013-09-27,82.30999755859375,81.19999694824219,81.19999694824219,82.05999755859375,639600.0,81.18553924560547
2013-09-30,82.81999969482422,81.13999938964844,81.33999633789062,82.68000030517578,722700.0,81.79893493652344
2013-10-01,83.94000244140625,82.5999984741211,82.69999694824219,83.4800033569336,1005100.0,82.59041595458984
2013-10-02,83.05000305175781,82.0,82.9000015258789,82.62000274658203,437400.0,81.73959350585938
2013-10-03,82.80999755859375,81.27999877929688,82.36000061035156,81.9000015258789,423100.0,81.02725982666016
2013-10-04,83.16999816894531,81.86000061035156,81.87000274658203,83.16000366210938,281500.0,82.27381896972656
2013-10-07,82.76000213623047,81.6500015258789,82.76000213623047,81.9800033569336,455600.0,81.10639953613281
2013-10-08,82.5,81.04000091552734,81.83999633789062,81.25,493600.0,80.38417053222656
2013-10-09,81.41000366210938,80.27999877929688,81.22000122070312,80.4800033569336,530100.0,79.62236785888672
2013-10-10,81.80000305175781,80.56999969482422,81.25,81.76000213623047,483700.0,80.88871765136719
2013-10-11,82.3499984741211,80.87999725341797,81.81999969482422,82.33000183105469,504000.0,81.45265197753906
2013-10-14,83.62000274658203,82.0,82.16000366210938,83.61000061035156,405100.0,82.71900939941406
2013-10-15,83.30000305175781,82.25,83.30000305175781,82.5,585200.0,81.62086486816406
2013-10-16,99.30000305175781,95.1500015258789,97.26000213623047,96.16000366210938,7301800.0,95.1352767944336
2013-10-17,97.97000122070312,95.81999969482422,96.6500015258789,97.22000122070312,3577600.0,96.1839828491211
2013-10-18,98.91000366210938,97.3499984741211,97.3499984741211,98.69999694824219,1300500.0,97.6482162475586
2013-10-21,99.4000015258789,97.7699966430664,99.11000061035156,98.44999694824219,615800.0,97.4008560180664
2013-10-22,99.5999984741211,98.04000091552734,99.0,98.72000122070312,779300.0,97.66799926757812
2013-10-23,99.83999633789062,98.30000305175781,98.7300033569336,99.7699966430664,498800.0,98.70681762695312
2013-10-24,99.51000213623047,98.5,99.44000244140625,99.41999816894531,767400.0,98.36054992675781
2013-10-25,102.73999786376953,101.0199966430664,101.31999969482422,102.66999816894531,826700.0,101.5759048461914
2013-10-28,102.81999969482422,100.8499984741211,102.66999816894531,101.0,617900.0,99.9237060546875
2013-10-29,101.51000213623047,99.97000122070312,100.94999694824219,100.30000305175781,952100.0,99.23117065429688
2013-10-30,100.86000061035156,99.02999877929688,100.2699966430664,100.0,729400.0,98.93436431884766
2013-10-31,101.0,99.18000030517578,100.0,99.18000030517578,981500.0,98.12310028076172
2013-11-01,100.13999938964844,97.2699966430664,98.26000213623047,99.91000366210938,977300.0,98.8453140258789
2013-11-04,100.2699966430664,99.31999969482422,99.86000061035156,99.37999725341797,675900.0,98.32097625732422
2013-11-05,100.27999877929688,98.5199966430664,99.2699966430664,99.26000213623047,618500.0,98.20225524902344
2013-11-06,100.0199966430664,98.13999938964844,100.0,98.51000213623047,684000.0,97.46023559570312
2013-11-07,99.25,96.58000183105469,98.51000213623047,96.66999816894531,651100.0,95.63986206054688
2013-11-08,97.95999908447266,96.6500015258789,96.91999816894531,96.95999908447266,426200.0,95.92675018310547
2013-11-11,99.52999877929688,96.76000213623047,96.76000213623047,99.44000244140625,728300.0,98.38032531738281
2013-11-12,99.30999755859375,98.5,98.9800033569336,99.23999786376953,419000.0,98.1824722290039
2013-11-13,100.19000244140625,98.91000366210938,99.06999969482422,99.68000030517578,367300.0,98.61776733398438
2013-11-14,99.94999694824219,98.13999938964844,99.58000183105469,98.87999725341797,289000.0,97.8262939453125
2013-11-15,99.54000091552734,98.69000244140625,99.25,99.33999633789062,402600.0,98.28140258789062
2013-11-18,99.98999786376953,97.9000015258789,99.68000030517578,98.30999755859375,407300.0,97.26237487792969
2013-11-19,98.33000183105469,96.98999786376953,98.33000183105469,97.05999755859375,476400.0,96.02568817138672
2013-11-20,98.37999725341797,96.76000213623047,97.80999755859375,97.66999816894531,308800.0,96.62920379638672
2013-11-21,100.87999725341797,99.16000366210938,100.0,100.04000091552734,949900.0,98.97394561767578
2013-11-22,100.22000122070312,99.20999908447266,100.0,100.0999984741211,915500.0,99.03328704833984
2013-11-25,100.41999816894531,99.1500015258789,100.05000305175781,100.12000274658203,750100.0,99.05309295654297
2013-11-26,102.83999633789062,99.94999694824219,100.0,101.51000213623047,2340800.0,100.42827606201172
2013-11-27,102.66999816894531,101.41000366210938,102.26000213623047,102.02999877929688,400600.0,100.9427261352539
2013-11-29,102.11000061035156,101.01000213623047,101.87999725341797,101.01000213623047,247600.0,99.93359375
2013-12-02,103.4000015258789,100.94000244140625,101.3499984741211,103.05000305175781,650400.0,101.9518814086914
2013-12-03,107.23999786376953,102.2699966430664,102.2699966430664,107.12000274658203,1766500.0,105.97850799560547
2013-12-04,107.72000122070312,104.25,106.25,105.70999908447266,1425400.0,104.58350372314453
2013-12-05,105.62000274658203,104.0,104.6500015258789,104.94999694824219,852800.0,103.83160400390625
2013-12-06,106.9000015258789,103.75,106.6500015258789,104.55000305175781,1178200.0,103.4358901977539
2013-12-09,105.5999984741211,103.94000244140625,104.75,104.33000183105469,760600.0,103.21823120117188
2013-12-10,111.52999877929688,105.2300033569336,105.47000122070312,109.44999694824219,1707500.0,108.28365325927734
2013-12-11,109.94999694824219,106.88999938964844,109.55000305175781,107.05000305175781,1043200.0,105.90924072265625
2013-12-12,108.08000183105469,106.55999755859375,106.77999877929688,107.93000030517578,941800.0,106.77985382080078
2013-12-13,110.55000305175781,108.19000244140625,110.55000305175781,109.8499984741211,1433100.0,108.67940521240234
2013-12-16,110.4000015258789,108.87999725341797,110.01000213623047,109.2699966430664,774400.0,108.1055679321289
2013-12-17,109.87999725341797,108.02999877929688,109.62999725341797,108.45999908447266,846300.0,107.3042221069336
2013-12-18,109.55999755859375,106.87999725341797,108.8499984741211,109.2699966430664,1104500.0,108.1654052734375
2013-12-19,109.4800033569336,107.75,109.19999694824219,108.4000015258789,623500.0,107.30424499511719
2013-12-20,109.95999908447266,108.51000213623047,108.51000213623047,109.36000061035156,1013900.0,108.2545166015625
2013-12-23,110.33999633789062,109.19000244140625,109.77999877929688,109.83999633789062,620000.0,108.72966003417969
2013-12-24,110.94000244140625,109.58000183105469,109.7699966430664,110.27999877929688,130700.0,109.16520690917969
2013-12-26,110.97000122070312,109.55999755859375,110.16999816894531,110.16999816894531,563400.0,109.05631256103516
2013-12-27,111.94000244140625,109.62999725341797,110.30000305175781,109.91999816894531,364200.0,108.80884552001953
2013-12-30,110.58000183105469,108.76000213623047,110.33999633789062,109.62999725341797,479700.0,108.52176666259766
2013-12-31,111.41000366210938,109.48999786376953,109.80000305175781,110.68000030517578,381300.0,109.56116485595703
2014-01-02,111.87999725341797,109.29000091552734,110.36000061035156,109.73999786376953,542700.0,108.63069152832031
2014-01-03,114.33000183105469,110.58000183105469,111.2300033569336,112.87999725341797,987700.0,111.73892211914062
2014-01-06,113.91000366210938,111.44000244140625,113.0999984741211,111.80000305175781,1030200.0,110.66984558105469
2014-01-07,113.4000015258789,111.62999725341797,111.9800033569336,113.18000030517578,922800.0,112.035888671875
2014-01-08,113.62000274658203,111.91000366210938,112.47000122070312,112.30000305175781,777200.0,111.16480255126953
2014-01-09,114.22000122070312,112.70999908447266,113.05999755859375,113.55000305175781,486800.0,112.40214538574219
2014-01-10,115.80000305175781,113.63999938964844,114.27999877929688,115.63999938964844,678600.0,114.47103881835938
2014-01-13,115.98999786376953,113.7699966430664,115.44999694824219,114.29000091552734,941700.0,113.13468933105469
2014-01-14,117.98999786376953,113.81999969482422,115.4000015258789,117.5999984741211,819500.0,116.4112319946289
2014-01-15,119.54000091552734,116.70999908447266,117.6500015258789,117.47000122070312,958200.0,116.28253936767578
2014-01-16,118.25,116.1500015258789,117.22000122070312,117.87999725341797,609900.0,116.68836975097656
2014-01-17,119.0199966430664,117.08999633789062,117.80999755859375,118.44000244140625,692400.0,117.24270629882812
2014-01-21,120.30999755859375,117.95999908447266,119.7300033569336,118.0,821500.0,116.80715942382812
2014-01-22,118.70999908447266,116.75,118.38999938964844,117.75,502000.0,116.55970001220703
2014-01-23,117.52999877929688,115.29000091552734,116.80999755859375,116.33000183105469,659100.0,115.154052734375
2014-01-24,117.01000213623047,115.47000122070312,116.0,115.9800033569336,782100.0,114.80760955810547
2014-01-27,117.19999694824219,113.80000305175781,116.48999786376953,115.4000015258789,974300.0,114.23345947265625
2014-01-28,117.66000366210938,115.22000122070312,115.38999938964844,116.25,918500.0,115.07484436035156
2014-01-29,116.61000061035156,113.79000091552734,115.41000366210938,113.9000015258789,643900.0,112.74862670898438
2014-01-30,115.88999938964844,114.44999694824219,115.0,115.19999694824219,585800.0,114.03547668457031
2014-01-31,116.02999877929688,113.69999694824219,115.2300033569336,114.80999755859375,807500.0,113.6493911743164
2014-02-03,115.6500015258789,109.58000183105469,115.44000244140625,110.22000122070312,1327800.0,109.10581970214844
2014-02-04,112.11000061035156,110.0999984741211,110.97000122070312,110.25,1086100.0,109.13551330566406
2014-02-05,112.22000122070312,109.6500015258789,109.86000061035156,110.75,1719100.0,109.63046264648438
2014-02-06,127.08999633789062,120.0,121.5,124.86000061035156,3374200.0,123.59783172607422
2014-02-07,128.10000610351562,124.55999755859375,125.62999725341797,125.0,1687400.0,123.73640441894531
2014-02-10,125.43000030517578,123.0,124.5199966430664,123.31999969482422,1118500.0,122.07339477539062
2014-02-11,125.87000274658203,123.13999938964844,123.47000122070312,125.44000244140625,927600.0,124.17195129394531
2014-02-12,126.68000030517578,124.29000091552734,125.55000305175781,124.95999908447266,663300.0,123.69681549072266
2014-02-13,127.0,123.83999633789062,125.19999694824219,126.26000213623047,802300.0,124.98365783691406
2014-02-14,127.5,125.61000061035156,126.70999908447266,127.33999633789062,786000.0,126.05274963378906
2014-02-18,128.32000732421875,126.08999633789062,127.18000030517578,126.79000091552734,1020300.0,125.5083236694336
2014-02-19,127.4800033569336,125.7300033569336,126.54000091552734,125.94000244140625,1096200.0,124.66691589355469
2014-02-20,128.05999755859375,125.7699966430664,125.9800033569336,127.55999755859375,882700.0,126.27053833007812
2014-02-21,128.47999572753906,127.30999755859375,127.30999755859375,127.91999816894531,884100.0,126.62689971923828
2014-02-24,129.10000610351562,126.33000183105469,128.30999755859375,126.5,1050700.0,125.22125244140625
2014-02-25,127.83000183105469,125.37999725341797,126.63999938964844,125.5,823000.0,124.2313461303711
2014-02-26,126.81999969482422,124.5,126.08999633789062,125.79000091552734,1105500.0,124.5184326171875
2014-02-27,126.08999633789062,124.43000030517578,125.81999969482422,125.02999877929688,888100.0,123.76612091064453
2014-02-28,128.44000244140625,125.05000305175781,125.05000305175781,127.36000061035156,1037400.0,126.07256317138672
2014-03-03,127.18000030517578,125.12999725341797,125.91999816894531,126.27999877929688,777200.0,125.00346374511719
2014-03-04,129.99000549316406,126.16000366210938,128.3300018310547,126.41999816894531,1126500.0,125.14207458496094
2014-03-05,126.70999908447266,125.08000183105469,126.41999816894531,125.58999633789062,692600.0,124.32044982910156
2014-03-06,127.31999969482422,125.86000061035156,126.2300033569336,126.73999786376953,715100.0,125.45881652832031
2014-03-07,128.1300048828125,126.45999908447266,127.02999877929688,126.80000305175781,530300.0,125.5182113647461
2014-03-10,127.87000274658203,125.95999908447266,126.81999969482422,126.77999877929688,612800.0,125.49839782714844
2014-03-11,128.49000549316406,126.4800033569336,127.25,126.94000244140625,1022200.0,125.65679931640625
2014-03-12,127.01000213623047,125.26000213623047,125.86000061035156,126.48999786376953,986000.0,125.2113265991211
2014-03-13,126.91000366210938,123.80999755859375,126.91000366210938,124.55999755859375,754200.0,123.30086517333984
2014-03-14,125.4800033569336,123.87000274658203,124.44999694824219,124.5999984741211,521600.0,123.34046173095703
2014-03-17,126.5,124.86000061035156,125.61000061035156,126.30000305175781,607700.0,125.02326202392578
2014-03-18,126.19000244140625,124.6500015258789,126.19000244140625,125.94999694824219,798700.0,124.67681121826172
2014-03-19,126.5,123.4800033569336,125.83999633789062,124.5199966430664,575500.0,123.32001495361328
2014-03-20,125.06999969482422,123.37000274658203,124.37000274658203,124.75,588700.0,123.54780578613281
2014-03-21,127.91999816894531,124.30999755859375,125.58000183105469,126.33000183105469,1985700.0,125.11257934570312
2014-03-24,127.1500015258789,124.08999633789062,126.44000244140625,124.69999694824219,525600.0,123.4982681274414
2014-03-25,125.70999908447266,123.12999725341797,125.2300033569336,123.55999755859375,846400.0,122.3692626953125
2014-03-26,124.51000213623047,122.68000030517578,124.36000061035156,122.75,593100.0,121.56709289550781
2014-03-27,125.30000305175781,122.06999969482422,122.30999755859375,123.88999938964844,732400.0,122.69607543945312
2014-03-28,124.9000015258789,123.51000213623047,124.61000061035156,124.6500015258789,656400.0,123.4487533569336
2014-03-31,126.5999984741211,124.76000213623047,125.26000213623047,126.5,534100.0,125.28092956542969
2014-04-01,128.49000549316406,126.5999984741211,126.95999908447266,127.25,775400.0,126.023681640625
2014-04-02,127.4800033569336,126.20999908447266,127.44999694824219,126.86000061035156,722300.0,125.63745880126953
2014-04-03,127.33000183105469,125.55999755859375,127.05999755859375,126.4000015258789,401800.0,125.18190002441406
2014-04-04,125.7699966430664,121.56999969482422,125.13999938964844,121.63999938964844,904500.0,120.46776580810547
2014-04-07,121.66000366210938,117.5199966430664,121.44000244140625,118.11000061035156,1238900.0,116.97178649902344
2014-04-08,119.45999908447266,117.38999938964844,118.06999969482422,119.16000366210938,700200.0,118.01167297363281
2014-04-09,121.69999694824219,119.36000061035156,120.1500015258789,121.58000183105469,580000.0,120.40834045410156
2014-04-10,124.62000274658203,118.61000061035156,122.62999725341797,118.61000061035156,702900.0,117.46696472167969
2014-04-11,118.69000244140625,116.1500015258789,117.29000091552734,116.25,823100.0,115.12969970703125
2014-04-14,118.55000305175781,115.76000213623047,117.25,117.19999694824219,659000.0,116.07054901123047
2014-04-15,118.48999786376953,115.86000061035156,117.41000366210938,117.54000091552734,539400.0,116.40727996826172
2014-04-16,119.58000183105469,117.76000213623047,118.44999694824219,119.51000213623047,542200.0,118.35829162597656
2014-04-17,122.33999633789062,119.06999969482422,119.4800033569336,120.83999633789062,803400.0,119.67546081542969
2014-04-21,121.5199966430664,119.94999694824219,120.62999725341797,121.4000015258789,476100.0,120.2300796508789
2014-04-22,125.37000274658203,121.52999877929688,121.52999877929688,121.61000061035156,1221900.0,120.43804931640625
2014-04-23,123.08999633789062,120.55999755859375,121.4000015258789,122.1500015258789,592000.0,120.97285461425781
2014-04-24,123.04000091552734,120.54000091552734,121.8499984741211,122.33999633789062,398800.0,121.1610107421875
2014-04-25,122.29000091552734,120.01000213623047,121.80999755859375,120.62999725341797,635800.0,119.46747589111328
2014-04-28,123.2300033569336,119.5999984741211,121.5999984741211,121.44000244140625,714000.0,120.26968383789062
2014-04-29,121.37000274658203,118.86000061035156,121.37000274658203,119.83000183105469,762900.0,118.67520904541016
2014-04-30,121.47000122070312,119.41000366210938,120.02999877929688,121.29000091552734,671000.0,120.12113952636719
2014-05-01,124.16000366210938,120.76000213623047,124.06999969482422,120.9800033569336,377700.0,119.81413269042969
2014-05-02,123.02999877929688,121.1500015258789,121.26000213623047,121.69000244140625,449300.0,120.51728057861328
2014-05-05,121.69999694824219,119.6500015258789,120.62999725341797,121.02999877929688,625600.0,119.8636474609375
2014-05-06,121.58999633789062,119.83999633789062,120.69999694824219,120.48999786376953,628400.0,119.3288345336914
2014-05-07,121.25,118.51000213623047,120.63999938964844,119.44999694824219,555900.0,118.29887390136719
2014-05-08,123.0999984741211,119.6500015258789,120.0199966430664,122.45999908447266,1001400.0,121.27985382080078
2014-05-09,124.87000274658203,122.16000366210938,122.43000030517578,124.55999755859375,842000.0,123.35962677001953
2014-05-12,125.66000366210938,124.26000213623047,124.79000091552734,125.25,755200.0,124.04297637939453
2014-05-13,125.69000244140625,123.06999969482422,125.69000244140625,123.41000366210938,816800.0,122.22071075439453
2014-05-14,124.0199966430664,122.16000366210938,123.63999938964844,123.13999938964844,1559900.0,121.95329284667969
2014-05-15,128.4499969482422,120.12999725341797,127.77999877929688,124.2300033569336,2247200.0,123.03279876708984
2014-05-16,123.98999786376953,120.20999908447266,123.86000061035156,121.66999816894531,1900300.0,120.4974594116211
2014-05-19,123.47000122070312,121.30999755859375,121.4800033569336,122.80000305175781,784200.0,121.6165771484375
2014-05-20,122.79000091552734,121.12000274658203,122.79000091552734,122.11000061035156,891100.0,120.93324279785156
2014-05-21,123.0199966430664,120.70999908447266,122.11000061035156,122.58000183105469,924900.0,121.39871215820312
2014-05-22,123.66999816894531,122.11000061035156,122.11000061035156,122.5,638200.0,121.31947326660156
2014-05-23,123.70999908447266,122.48999786376953,122.9800033569336,123.23999786376953,512700.0,122.05236053466797
2014-05-27,124.02999877929688,121.23999786376953,124.02999877929688,121.44000244140625,599200.0,120.26968383789062
2014-05-28,121.80000305175781,120.0,121.41999816894531,121.11000061035156,529300.0,119.94287872314453
2014-05-29,123.3499984741211,121.58000183105469,122.11000061035156,122.30999755859375,606800.0,121.13130950927734
2014-05-30,124.30000305175781,122.33000183105469,122.33000183105469,124.16999816894531,679900.0,122.97338104248047
2014-06-02,124.48999786376953,123.19999694824219,124.22000122070312,124.47000122070312,509700.0,123.2704849243164
2014-06-03,125.81999969482422,123.7699966430664,123.87999725341797,125.2300033569336,733600.0,124.02316284179688
2014-06-04,126.51000213623047,124.7300033569336,124.81999969482422,126.45999908447266,418300.0,125.24132537841797
2014-06-05,127.7699966430664,126.16000366210938,126.52999877929688,127.43000030517578,605600.0,126.20195770263672
2014-06-06,128.64999389648438,127.12999725341797,127.6500015258789,128.41000366210938,493000.0,127.17251586914062
2014-06-09,128.97000122070312,126.79000091552734,128.1999969482422,127.70999908447266,632500.0,126.479248046875
2014-06-10,127.62999725341797,126.20999908447266,127.06999969482422,126.97000122070312,519200.0,125.74639892578125
2014-06-11,126.91999816894531,125.44000244140625,126.52999877929688,126.13999938964844,351200.0,124.92438507080078
2014-06-12,125.91000366210938,123.5199966430664,125.80000305175781,124.27999877929688,541900.0,123.08232879638672
2014-06-13,124.83999633789062,123.36000061035156,124.6500015258789,124.80000305175781,439800.0,123.5973129272461
2014-06-16,125.29000091552734,124.1500015258789,124.36000061035156,125.01000213623047,443900.0,123.86486053466797
2014-06-17,126.5999984741211,125.01000213623047,125.01000213623047,125.94999694824219,571200.0,124.79622650146484
2014-06-18,130.50999450683594,126.70999908447266,126.70999908447266,129.72000122070312,935400.0,128.53164672851562
2014-06-19,130.50999450683594,127.33000183105469,130.0,128.83999633789062,620200.0,127.65977478027344
2014-06-20,129.91000366210938,127.88999938964844,129.39999389648438,129.8000030517578,828800.0,128.6109619140625
2014-06-23,130.82000732421875,129.2100067138672,129.6999969482422,130.6699981689453,1376200.0,129.4729766845703
2014-06-24,133.9199981689453,130.6699981689453,130.6699981689453,131.66000366210938,1509100.0,130.4539031982422
2014-06-25,131.52999877929688,128.02000427246094,130.97999572753906,129.85000610351562,1124900.0,128.66050720214844
2014-06-26,131.7100067138672,130.02000427246094,130.3000030517578,130.52999877929688,1157700.0,129.33425903320312
2014-06-27,133.50999450683594,130.5,130.5,133.47999572753906,1338000.0,132.2572479248047
2014-06-30,136.1199951171875,132.8800048828125,133.6699981689453,134.9199981689453,1470500.0,133.68405151367188
2014-07-01,135.9499969482422,134.35000610351562,135.86000061035156,134.52999877929688,1085900.0,133.29763793945312
2014-07-02,135.19000244140625,133.60000610351562,134.27000427246094,134.25,522300.0,133.0201873779297
2014-07-03,135.1999969482422,134.1300048828125,135.0500030517578,134.94000244140625,300300.0,133.70387268066406
2014-07-07,135.07000732421875,133.8000030517578,133.97000122070312,134.0,431100.0,132.77249145507812
2014-07-08,133.99000549316406,131.63999938964844,133.99000549316406,132.27000427246094,484300.0,131.0583038330078
2014-07-09,133.61000061035156,131.22999572753906,132.7100067138672,133.5800018310547,673400.0,132.35633850097656
2014-07-10,133.9199981689453,132.0,132.50999450683594,133.16000366210938,499100.0,131.94017028808594
2014-07-11,133.57000732421875,132.49000549316406,132.9600067138672,133.2899932861328,484700.0,132.06893920898438
2014-07-14,135.27000427246094,133.64999389648438,133.64999389648438,134.80999755859375,731500.0,133.57505798339844
2014-07-15,134.80999755859375,132.38999938964844,134.25,132.63999938964844,524000.0,131.42495727539062
2014-07-16,133.52000427246094,131.1699981689453,133.52000427246094,131.82000732421875,471600.0,130.61248779296875
2014-07-17,131.3699951171875,129.72999572753906,130.97000122070312,129.86000061035156,480500.0,128.67041015625
2014-07-18,130.8699951171875,128.66000366210938,129.9199981689453,130.47000122070312,645400.0,129.27481079101562
2014-07-21,131.0,128.47999572753906,130.30999755859375,128.5500030517578,411300.0,127.37240600585938
2014-07-22,128.33999633789062,123.88999938964844,128.22000122070312,124.1500015258789,1547900.0,123.0127182006836
2014-07-23,124.93000030517578,123.25,124.68000030517578,123.58999633789062,653700.0,122.45783233642578
2014-07-24,127.7300033569336,124.19999694824219,124.9000015258789,126.62999725341797,1366200.0,125.46997833251953
2014-07-25,126.91000366210938,124.95999908447266,126.12999725341797,125.55000305175781,353400.0,124.39990234375
2014-07-28,125.2699966430664,123.80000305175781,125.23999786376953,124.48999786376953,495500.0,123.34960174560547
2014-07-29,124.77999877929688,122.94000244140625,124.5199966430664,122.95999908447266,422200.0,121.8335952758789
2014-07-30,124.5,123.01000213623047,123.19999694824219,124.19999694824219,522800.0,123.062255859375
2014-07-31,124.54000091552734,121.02999877929688,123.86000061035156,121.11000061035156,891300.0,120.00057220458984
2014-08-01,122.62999725341797,119.70999908447266,121.31999969482422,121.05999755859375,934500.0,119.9510269165039
2014-08-04,124.3499984741211,121.16999816894531,121.72000122070312,124.0199966430664,819200.0,122.88388061523438
2014-08-05,125.55000305175781,122.8499984741211,123.58000183105469,124.41000366210938,775400.0,123.27031707763672
2014-08-06,124.51000213623047,122.98999786376953,123.58999633789062,122.98999786376953,810700.0,121.86334228515625
2014-08-07,124.27999877929688,121.62999725341797,123.97000122070312,121.8499984741211,567900.0,120.73377990722656
2014-08-08,125.20999908447266,121.69999694824219,122.30000305175781,125.11000061035156,666800.0,123.96392822265625
2014-08-11,126.38999938964844,124.58000183105469,125.80999755859375,125.25,526800.0,124.10264587402344
2014-08-12,125.58999633789062,123.5,125.20999908447266,124.70999908447266,613300.0,123.56759643554688
2014-08-13,125.44999694824219,122.68000030517578,125.19999694824219,122.93000030517578,1098200.0,121.80390167236328
2014-08-14,132.3699951171875,126.25,129.0,131.58999633789062,2388100.0,130.38453674316406
2014-08-15,133.4199981689453,130.8800048828125,132.35000610351562,131.47000122070312,1352900.0,130.2656707763672
2014-08-18,133.35000610351562,131.8800048828125,132.0800018310547,133.3300018310547,678600.0,132.10861206054688
2014-08-19,135.0,133.33999633789062,133.41000366210938,134.02000427246094,796700.0,132.7922821044922
2014-08-20,135.3300018310547,133.5,133.94000244140625,135.13999938964844,400200.0,133.90199279785156
2014-08-21,135.99000549316406,134.24000549316406,135.39999389648438,134.47999572753906,557000.0,133.2480926513672
2014-08-22,135.99000549316406,133.92999267578125,134.6300048828125,135.41000366210938,407000.0,134.16957092285156
2014-08-25,136.9600067138672,135.61000061035156,136.14999389648438,136.3300018310547,432500.0,135.08114624023438
2014-08-26,136.67999267578125,135.72000122070312,136.1300048828125,136.05999755859375,441300.0,134.81361389160156
2014-08-27,137.52999877929688,136.00999450683594,136.47000122070312,137.44000244140625,556000.0,136.1809539794922
2014-08-28,138.05999755859375,136.27999877929688,137.58999633789062,137.41000366210938,629000.0,136.1512451171875
2014-08-29,137.80999755859375,135.86000061035156,137.42999267578125,136.4199981689453,599300.0,135.1703338623047
2014-09-02,138.75,137.00999450683594,137.13999938964844,137.8800048828125,1040100.0,136.61691284179688
2014-09-03,138.97000122070312,137.97000122070312,138.4199981689453,138.3000030517578,597300.0,137.0330810546875
2014-09-04,139.5800018310547,137.9499969482422,138.3000030517578,138.27000427246094,439400.0,137.00338745117188
2014-09-05,138.5500030517578,137.0500030517578,138.00999450683594,137.75999450683594,532800.0,136.49807739257812
2014-09-08,138.27000427246094,136.02000427246094,137.47000122070312,136.8000030517578,401700.0,135.54684448242188
2014-09-09,137.08999633789062,135.5500030517578,136.38999938964844,135.8800048828125,354200.0,134.6352996826172
2014-09-10,136.3000030517578,134.55999755859375,136.07000732421875,135.89999389648438,402600.0,134.65504455566406
2014-09-11,135.55999755859375,133.5800018310547,135.00999450683594,134.4199981689453,554800.0,133.18865966796875
2014-09-12,135.24000549316406,133.25,134.75999450683594,133.86000061035156,533400.0,132.63377380371094
2014-09-15,134.75999450683594,132.85000610351562,133.7100067138672,133.99000549316406,684000.0,132.76260375976562
2014-09-16,136.47000122070312,133.10000610351562,133.38999938964844,135.4199981689453,735600.0,134.17947387695312
2014-09-17,136.16000366210938,134.27999877929688,135.30999755859375,134.3699951171875,361200.0,133.19808959960938
2014-09-18,134.5,133.30999755859375,134.42999267578125,133.6199951171875,511600.0,132.4546356201172
2014-09-19,133.72999572753906,131.3800048828125,133.72999572753906,131.75999450683594,989600.0,130.61085510253906
2014-09-22,131.13999938964844,129.27000427246094,131.0,130.89999389648438,1155500.0,129.75836181640625
2014-09-23,131.27999877929688,129.08999633789062,130.6999969482422,129.1199951171875,595600.0,127.99392700195312
2014-09-24,130.7100067138672,129.0,129.50999450683594,130.6199951171875,439400.0,129.4807891845703
2014-09-25,130.9199981689453,128.1999969482422,130.6199951171875,128.1999969482422,467700.0,127.08191680908203
2014-09-26,130.3699951171875,128.67999267578125,128.67999267578125,130.10000610351562,460400.0,128.96533203125
2014-09-29,130.94000244140625,128.3000030517578,128.3000030517578,130.63999938964844,574900.0,129.50062561035156
2014-09-30,131.08999633789062,129.00999450683594,130.83999633789062,130.3000030517578,781300.0,129.16358947753906
2014-10-01,131.44000244140625,129.0800018310547,129.88999938964844,130.52000427246094,1017000.0,129.38168334960938
2014-10-02,133.22999572753906,130.02999877929688,130.1999969482422,132.97000122070312,944500.0,131.81031799316406
2014-10-03,135.38999938964844,132.2100067138672,133.75999450683594,135.1300048828125,806000.0,133.9514617919922
2014-10-06,136.33999633789062,134.25999450683594,136.33999633789062,134.4199981689453,614600.0,133.2476806640625
2014-10-07,136.10000610351562,133.3800048828125,134.33999633789062,133.80999755859375,773000.0,132.64300537109375
2014-10-08,136.8800048828125,133.74000549316406,134.24000549316406,136.83999633789062,904700.0,135.6465606689453
2014-10-09,136.75,133.05999755859375,135.72000122070312,133.99000549316406,700600.0,132.82144165039062
2014-10-10,134.8800048828125,132.6999969482422,133.35000610351562,132.80999755859375,869400.0,131.65170288085938
2014-10-13,134.1999969482422,130.75999450683594,133.41000366210938,130.8800048828125,1283300.0,129.738525390625
2014-10-14,134.0500030517578,130.8000030517578,131.35000610351562,133.97999572753906,684400.0,132.81149291992188
2014-10-15,134.9499969482422,130.13999938964844,131.75999450683594,133.50999450683594,1117700.0,132.34561157226562
2014-10-16,134.14999389648438,131.39999389648438,131.52000427246094,132.42999267578125,1085800.0,131.27499389648438
2014-10-17,136.02999877929688,132.69000244140625,133.83999633789062,135.7899932861328,719000.0,134.605712890625
2014-10-20,139.85000610351562,135.49000549316406,135.5,139.57000732421875,900600.0,138.352783203125
2014-10-21,142.0800018310547,140.3300018310547,140.85000610351562,141.02000427246094,908300.0,139.79013061523438
2014-10-22,142.1999969482422,138.3000030517578,141.7100067138672,138.77999877929688,864000.0,137.56964111328125
2014-10-23,143.61000061035156,140.63999938964844,141.14999389648438,140.77999877929688,1624900.0,139.55218505859375
2014-10-24,142.1300048828125,139.47999572753906,141.25,142.0399932861328,958300.0,140.8011932373047
2014-10-27,144.52000427246094,141.86000061035156,142.16000366210938,144.4600067138672,464800.0,143.20010375976562
2014-10-28,146.22999572753906,143.75,145.0,145.77999877929688,664300.0,144.508544921875
2014-10-29,146.3300018310547,143.9499969482422,146.3300018310547,145.02999877929688,490800.0,143.76513671875
2014-10-30,146.0,143.9600067138672,145.0,145.7100067138672,461400.0,144.43922424316406
2014-10-31,147.25,145.7100067138672,147.25,146.9600067138672,731400.0,145.6782684326172
2014-11-03,149.3000030517578,147.11000061035156,148.16000366210938,147.75999450683594,891500.0,146.47129821777344
2014-11-04,148.75,147.08999633789062,147.08999633789062,148.44000244140625,1029200.0,147.14537048339844
2014-11-05,149.83999633789062,148.55999755859375,149.27000427246094,149.3699951171875,1416400.0,148.06724548339844
2014-11-06,147.5,137.1699981689453,138.5,145.55999755859375,3398600.0,144.29052734375
2014-11-07,146.57000732421875,141.3000030517578,145.8800048828125,141.85000610351562,1321000.0,140.61289978027344
2014-11-10,145.17999267578125,141.8000030517578,142.22999572753906,145.1699981689453,1164700.0,143.90391540527344
2014-11-11,145.38999938964844,144.22999572753906,145.0,144.97999572753906,524800.0,143.71554565429688
2014-11-12,146.5,144.7100067138672,144.7100067138672,146.27000427246094,579800.0,144.99432373046875
2014-11-13,147.27000427246094,145.41000366210938,146.4499969482422,146.0,519400.0,144.7266845703125
2014-11-14,147.61000061035156,144.35000610351562,146.8000030517578,144.80999755859375,563200.0,143.5470733642578
2014-11-17,147.02999877929688,145.2100067138672,145.2100067138672,145.8300018310547,557800.0,144.5581817626953
2014-11-18,146.52000427246094,145.44000244140625,145.44000244140625,146.24000549316406,736500.0,144.96456909179688
2014-11-19,146.14999389648438,144.0800018310547,146.0,144.74000549316406,813100.0,143.4776611328125
2014-11-20,146.25,144.0800018310547,144.2100067138672,145.19000244140625,485000.0,143.92372131347656
2014-11-21,146.4199981689453,145.44000244140625,146.05999755859375,145.49000549316406,522400.0,144.22113037109375
2014-11-24,146.1699981689453,144.1199951171875,145.74000549316406,145.5800018310547,585900.0,144.31031799316406
2014-11-25,146.44000244140625,143.11000061035156,146.0,145.4499969482422,1001700.0,144.18145751953125
2014-11-26,146.3800048828125,144.75,145.86000061035156,145.7100067138672,644000.0,144.43922424316406
2014-11-28,148.05999755859375,145.6699981689453,146.0,147.0800018310547,683000.0,145.79721069335938
2014-12-01,147.77000427246094,146.1300048828125,146.41000366210938,147.07000732421875,1220300.0,145.78736877441406
2014-12-02,148.8699951171875,146.5500030517578,146.7100067138672,148.47999572753906,1022700.0,147.18504333496094
2014-12-03,152.14999389648438,148.36000061035156,148.44000244140625,152.0399932861328,1046300.0,150.7139892578125
2014-12-04,153.52999877929688,150.66000366210938,152.4199981689453,153.25,800500.0,151.9134521484375
2014-12-05,154.3699951171875,152.3800048828125,154.2100067138672,154.17999267578125,909200.0,152.83534240722656
2014-12-08,154.88999938964844,152.88999938964844,154.88999938964844,153.67999267578125,817200.0,152.3397216796875
2014-12-09,158.64999389648438,152.00999450683594,152.00999450683594,158.25,1242000.0,156.86981201171875
2014-12-10,159.1199951171875,156.80999755859375,158.16000366210938,157.24000549316406,658000.0,155.86865234375
2014-12-11,161.27000427246094,157.33999633789062,157.33999633789062,159.16000366210938,807400.0,157.77194213867188
2014-12-12,161.99000549316406,158.9199981689453,158.9199981689453,160.25,857500.0,158.8523712158203
2014-12-15,163.36000061035156,160.2899932861328,161.6999969482422,161.00999450683594,1343500.0,159.6057891845703
2014-12-16,161.25999450683594,156.97999572753906,161.0,157.00999450683594,1159200.0,155.640625
2014-12-17,159.6999969482422,155.8699951171875,157.27999877929688,159.5500030517578,497800.0,158.15846252441406
2014-12-18,161.55999755859375,159.2899932861328,161.0500030517578,160.74000549316406,505300.0,159.33811950683594
2014-12-19,161.2100067138672,159.00999450683594,160.7100067138672,159.85000610351562,1017900.0,158.4558868408203
2014-12-22,160.66000366210938,158.7899932861328,160.22000122070312,159.44000244140625,507300.0,158.04945373535156
2014-12-23,162.52000427246094,160.27000427246094,160.50999450683594,161.19000244140625,524900.0,159.84432983398438
2014-12-24,162.39999389648438,160.22000122070312,161.44000244140625,160.22999572753906,152400.0,158.89236450195312
2014-12-26,161.25,159.86000061035156,160.27999877929688,160.0,307500.0,158.66429138183594
2014-12-29,162.1300048828125,159.74000549316406,160.17999267578125,161.22000122070312,417700.0,159.87408447265625
2014-12-30,162.0800018310547,160.0,161.2100067138672,160.02999877929688,340000.0,158.69400024414062
2014-12-31,162.69000244140625,159.25999450683594,160.63999938964844,159.27999877929688,468100.0,157.9503173828125
2015-01-02,162.5,157.47000122070312,160.85000610351562,158.55999755859375,509800.0,157.2362823486328
2015-01-05,158.99000549316406,155.89999389648438,158.1699981689453,156.47000122070312,803600.0,155.16375732421875
2015-01-06,157.2899932861328,153.89999389648438,156.55999755859375,156.36000061035156,872300.0,155.05465698242188
2015-01-07,160.61000061035156,157.05999755859375,157.61000061035156,159.72000122070312,1326800.0,158.38661193847656
2015-01-08,163.4600067138672,161.0,163.36000061035156,161.1199951171875,1025700.0,159.77491760253906
2015-01-09,161.6199951171875,158.38999938964844,159.9499969482422,160.3000030517578,912100.0,158.9617919921875
2015-01-12,160.41000366210938,158.22000122070312,160.1300048828125,158.92999267578125,756700.0,157.6032257080078
2015-01-13,160.72000122070312,152.3300018310547,159.6199951171875,153.75999450683594,824700.0,152.47637939453125
2015-01-14,153.16000366210938,149.3800048828125,151.89999389648438,150.8300018310547,719400.0,149.5708465576172
2015-01-15,151.86000061035156,147.8300018310547,151.1699981689453,148.02000427246094,926200.0,146.78427124023438
2015-01-16,150.1999969482422,147.1999969482422,148.0,150.0,776800.0,148.74774169921875
2015-01-20,152.75,148.4499969482422,150.0399932861328,152.66000366210938,941800.0,151.3855743408203
2015-01-21,154.08999633789062,152.07000732421875,152.49000549316406,153.35000610351562,711200.0,152.0697784423828
2015-01-22,157.6199951171875,153.89999389648438,154.39999389648438,156.5399932861328,738800.0,155.2332000732422
2015-01-23,158.0500030517578,154.63999938964844,156.99000549316406,155.77999877929688,685500.0,154.47952270507812
2015-01-26,159.25,155.75,155.75,159.22999572753906,614500.0,157.90072631835938
2015-01-27,159.52999877929688,156.8699951171875,158.08999633789062,159.02999877929688,540800.0,157.70236206054688
2015-01-28,161.1300048828125,158.52000427246094,159.49000549316406,159.3000030517578,1149800.0,157.97012329101562
2015-01-29,160.97999572753906,157.5800018310547,159.69000244140625,160.25999450683594,561300.0,158.922119140625
2015-01-30,160.97999572753906,157.39999389648438,159.55999755859375,159.0,830500.0,157.67263793945312
2015-02-02,159.47000122070312,153.2899932861328,159.0,155.97000122070312,820100.0,154.66795349121094
2015-02-03,157.35000610351562,154.47000122070312,157.2100067138672,157.07000732421875,572600.0,155.7587432861328
2015-02-04,157.27000427246094,154.52000427246094,156.75999450683594,156.47000122070312,745000.0,155.16375732421875
2015-02-05,160.66000366210938,156.7899932861328,157.74000549316406,160.16000366210938,1294200.0,158.8229522705078
2015-02-06,162.42999267578125,160.22000122070312,160.39999389648438,162.0,863800.0,160.64759826660156
2015-02-09,161.75999450683594,159.07000732421875,161.6199951171875,160.74000549316406,1064200.0,159.3981170654297
2015-02-10,163.22999572753906,160.7899932861328,160.82000732421875,162.89999389648438,684300.0,161.5400390625
2015-02-11,165.0,161.5399932861328,163.5,162.38999938964844,1206300.0,161.0343017578125
2015-02-12,157.07000732421875,150.9499969482422,155.0,151.4199981689453,4046100.0,150.15594482421875
2015-02-13,151.8300018310547,149.1999969482422,151.02000427246094,150.16000366210938,2116900.0,148.9064483642578
2015-02-17,151.3800048828125,148.86000061035156,149.91000366210938,150.22999572753906,1564300.0,148.975830078125
2015-02-18,153.60000610351562,148.5,149.64999389648438,153.22000122070312,1789200.0,151.94088745117188
2015-02-19,154.9499969482422,152.4600067138672,153.17999267578125,153.27000427246094,1149700.0,151.99046325683594
2015-02-20,155.13999938964844,151.82000732421875,152.63999938964844,155.05999755859375,928900.0,153.7655029296875
2015-02-23,157.2100067138672,154.7100067138672,155.58999633789062,157.17999267578125,853700.0,155.86782836914062
2015-02-24,157.6999969482422,155.3000030517578,157.35000610351562,156.39999389648438,643200.0,155.0943145751953
2015-02-25,156.57000732421875,155.5,156.5,156.25,397300.0,154.94558715820312
2015-02-26,156.7100067138672,155.22999572753906,156.25,155.3800048828125,493200.0,154.0828857421875
2015-02-27,156.24000549316406,154.6300048828125,155.74000549316406,154.92999267578125,718500.0,153.63661193847656
2015-03-02,155.41000366210938,153.92999267578125,154.7100067138672,154.77000427246094,909100.0,153.47793579101562
2015-03-03,156.60000610351562,153.5,155.38999938964844,154.47000122070312,718100.0,153.18045043945312
2015-03-04,153.97000122070312,150.44000244140625,153.97000122070312,150.8300018310547,869800.0,149.5708465576172
2015-03-05,153.22999572753906,150.92999267578125,151.82000732421875,152.52000427246094,753200.0,151.24673461914062
2015-03-06,152.9600067138672,148.47000122070312,151.7100067138672,149.07000732421875,1711100.0,147.82554626464844
2015-03-09,149.50999450683594,147.75,149.0,148.2899932861328,839300.0,147.05198669433594
2015-03-10,147.64999389648438,145.10000610351562,146.8000030517578,146.52999877929688,1291400.0,145.30677795410156
2015-03-11,147.72000122070312,145.61000061035156,146.97000122070312,147.3300018310547,703900.0,146.1000518798828
2015-03-12,150.22999572753906,146.8800048828125,146.8800048828125,149.32000732421875,778500.0,148.0734405517578
2015-03-13,150.39999389648438,146.5800018310547,149.1999969482422,149.61000061035156,674600.0,148.36102294921875
2015-03-16,151.22999572753906,149.49000549316406,149.9600067138672,151.1199951171875,679900.0,149.8583984375
2015-03-17,151.69000244140625,149.8300018310547,151.02000427246094,150.0,531900.0,148.74774169921875
2015-03-18,149.7100067138672,147.00999450683594,149.55999755859375,149.02999877929688,715600.0,147.8450164794922
2015-03-19,149.4199981689453,147.4199981689453,149.05999755859375,149.19000244140625,912500.0,148.00375366210938
2015-03-20,152.2899932861328,148.47999572753906,149.39999389648438,151.91000366210938,1563000.0,150.70211791992188
2015-03-23,152.22000122070312,149.49000549316406,151.05999755859375,149.50999450683594,1037000.0,148.32119750976562
2015-03-24,151.91000366210938,148.14999389648438,148.89999389648438,151.00999450683594,688500.0,149.80923461914062
2015-03-25,152.17999267578125,148.6199951171875,150.8699951171875,148.72999572753906,714700.0,147.54737854003906
2015-03-26,150.3300018310547,146.6999969482422,147.6300048828125,149.41000366210938,828200.0,148.22195434570312
2015-03-27,152.1300048828125,149.35000610351562,149.6699981689453,151.38999938964844,858800.0,150.1862335205078
2015-03-30,153.27000427246094,151.1999969482422,152.2899932861328,152.0800018310547,608200.0,150.8707733154297
2015-03-31,152.57000732421875,149.47999572753906,151.8000030517578,149.69000244140625,887500.0,148.49978637695312
2015-04-01,148.85000610351562,143.4499969482422,147.77999877929688,143.75,2423300.0,142.60699462890625
2015-04-02,145.64999389648438,143.02000427246094,143.9499969482422,143.97999572753906,1530000.0,142.8351593017578
2015-04-06,147.25999450683594,143.33999633789062,143.77000427246094,145.72999572753906,1150900.0,144.57127380371094
2015-04-07,147.10000610351562,145.7899932861328,146.0500030517578,146.7100067138672,797000.0,145.54348754882812
2015-04-08,148.83999633789062,146.36000061035156,146.9600067138672,148.80999755859375,770700.0,147.62677001953125
2015-04-09,149.22999572753906,146.99000549316406,148.30999755859375,148.0500030517578,646900.0,146.87281799316406
2015-04-10,150.52999877929688,147.57000732421875,148.6699981689453,150.1999969482422,587900.0,149.00570678710938
2015-04-13,150.75,148.9199981689453,149.97000122070312,149.17999267578125,376600.0,147.99378967285156
2015-04-14,150.19000244140625,147.6300048828125,148.77000427246094,149.0500030517578,731700.0,147.86483764648438
2015-04-15,150.39999389648438,148.55999755859375,149.4499969482422,149.5800018310547,578300.0,148.390625
2015-04-16,151.30999755859375,148.32000732421875,149.1300048828125,150.0,716400.0,148.8072509765625
2015-04-17,149.8000030517578,147.92999267578125,149.00999450683594,149.8000030517578,795600.0,148.60888671875
2015-04-20,152.52999877929688,149.8300018310547,149.8300018310547,152.39999389648438,890000.0,151.1881866455078
2015-04-21,154.66000366210938,152.17999267578125,153.27999877929688,152.39999389648438,898800.0,151.1881866455078
2015-04-22,152.61000061035156,150.5,152.22999572753906,151.50999450683594,1189000.0,150.3052978515625
2015-04-23,153.97999572753906,146.5399932861328,153.64999389648438,146.69000244140625,1864300.0,145.52362060546875
2015-04-24,148.74000549316406,143.1999969482422,144.82000732421875,148.61000061035156,1441600.0,147.4283447265625
2015-04-27,148.99000549316406,144.5399932861328,148.99000549316406,144.99000549316406,905700.0,143.8371124267578
2015-04-28,145.22999572753906,143.0,145.0,144.5,794300.0,143.35101318359375
2015-04-29,145.17999267578125,143.50999450683594,144.5,144.66000366210938,707900.0,143.50975036621094
2015-04-30,145.2100067138672,142.89999389648438,144.42999267578125,143.0,1269200.0,141.8629608154297
2015-05-01,145.4600067138672,142.6300048828125,143.08999633789062,145.33999633789062,596300.0,144.184326171875
2015-05-04,146.14999389648438,144.9499969482422,145.25,145.4499969482422,675100.0,144.29348754882812
2015-05-05,145.72999572753906,143.4199981689453,145.4499969482422,143.99000549316406,680100.0,142.84507751464844
2015-05-06,144.83999633789062,143.0,144.32000732421875,144.08999633789062,591700.0,142.94427490234375
2015-05-07,145.83999633789062,143.88999938964844,144.38999938964844,144.52999877929688,782500.0,143.38079833984375
2015-05-08,147.0,144.3699951171875,145.4600067138672,144.75999450683594,579700.0,143.6089630126953
2015-05-11,146.4499969482422,144.10000610351562,144.97999572753906,145.50999450683594,348200.0,144.35296630859375
2015-05-12,147.1699981689453,144.10000610351562,144.74000549316406,147.1300048828125,806600.0,145.9601287841797
2015-05-13,149.49000549316406,146.6300048828125,147.0,149.3800048828125,1286100.0,148.1922149658203
2015-05-14,151.22000122070312,148.75,150.0,149.86000061035156,979900.0,148.66839599609375
2015-05-15,151.83999633789062,149.52000427246094,149.57000732421875,151.6199951171875,840100.0,150.41439819335938
2015-05-18,153.1300048828125,150.85000610351562,150.99000549316406,151.8800048828125,2099300.0,150.67236328125
2015-05-19,154.83999633789062,151.97999572753906,152.64999389648438,152.94000244140625,1096300.0,151.72389221191406
2015-05-20,153.97000122070312,149.89999389648438,152.75999450683594,149.89999389648438,1580900.0,148.70809936523438
2015-05-21,160.89999389648438,143.0,144.19000244140625,157.5,4243700.0,156.24769592285156
2015-05-22,161.5500030517578,156.72999572753906,157.4199981689453,160.1999969482422,2201000.0,158.92616271972656
2015-05-26,160.82000732421875,157.44000244140625,160.07000732421875,158.0,1120900.0,156.74368286132812
2015-05-27,158.8000030517578,156.50999450683594,158.2899932861328,157.22000122070312,870800.0,155.9698944091797
2015-05-28,158.0500030517578,155.6300048828125,157.25,156.35000610351562,643600.0,155.10682678222656
2015-05-29,155.69000244140625,153.19000244140625,155.30999755859375,153.22000122070312,1032700.0,152.00167846679688
2015-06-01,154.88999938964844,152.7100067138672,154.27999877929688,153.32000732421875,764100.0,152.10092163085938
2015-06-02,155.4199981689453,152.1999969482422,153.25999450683594,155.36000061035156,976700.0,154.12466430664062
2015-06-03,156.8300018310547,154.80999755859375,155.72000122070312,156.52999877929688,997600.0,155.2853546142578
2015-06-04,157.10000610351562,155.5399932861328,155.72999572753906,156.60000610351562,579900.0,155.35479736328125
2015-06-05,157.86000061035156,156.02999877929688,156.27000427246094,157.38999938964844,672600.0,156.13851928710938
2015-06-08,157.85000610351562,156.58999633789062,157.25,157.30999755859375,924500.0,156.05918884277344
2015-06-09,158.5399932861328,156.25,156.39999389648438,157.4199981689453,1012200.0,156.1682891845703
2015-06-10,160.64999389648438,157.5399932861328,158.5500030517578,160.27000427246094,1169100.0,158.99566650390625
2015-06-11,161.0800018310547,159.67999267578125,160.30999755859375,160.52999877929688,462400.0,159.25357055664062
2015-06-12,161.64999389648438,159.97999572753906,160.2899932861328,161.2100067138672,438500.0,159.92819213867188
2015-06-15,160.67999267578125,158.1199951171875,160.1199951171875,158.32000732421875,600800.0,157.06118774414062
2015-06-16,159.58999633789062,157.8699951171875,158.41000366210938,159.0500030517578,524100.0,157.78533935546875
2015-06-17,160.6699981689453,157.64999389648438,159.1199951171875,158.99000549316406,688600.0,157.7853240966797
2015-06-18,160.77999877929688,159.1300048828125,159.6699981689453,160.25,470700.0,159.03575134277344
2015-06-19,161.94000244140625,159.49000549316406,159.63999938964844,160.5,649200.0,159.2838592529297
2015-06-22,163.50999450683594,160.3300018310547,161.02000427246094,163.25999450683594,879700.0,162.0229949951172
2015-06-23,165.0,163.0399932861328,163.7100067138672,163.88999938964844,560300.0,162.64822387695312
2015-06-24,164.72000122070312,162.6999969482422,164.0,163.4199981689453,491200.0,162.1817626953125
2015-06-25,164.58999633789062,162.97000122070312,163.4600067138672,164.1999969482422,653000.0,162.955810546875
2015-06-26,165.16000366210938,163.47999572753906,164.97999572753906,164.27999877929688,858600.0,163.0352325439453
2015-06-29,163.0800018310547,158.80999755859375,163.0800018310547,158.92999267578125,515500.0,157.7257843017578
2015-06-30,160.72999572753906,158.02999877929688,160.41000366210938,159.2899932861328,789600.0,158.08303833007812
2015-07-01,162.85000610351562,160.30999755859375,160.58999633789062,162.64999389648438,675400.0,161.4176025390625
2015-07-02,164.3000030517578,161.17999267578125,163.5800018310547,162.11000061035156,414400.0,160.8816680908203
2015-07-06,164.4199981689453,161.22000122070312,161.3699951171875,163.4199981689453,618200.0,162.1817626953125
2015-07-07,165.1999969482422,161.67999267578125,164.74000549316406,163.52999877929688,1345100.0,162.29092407226562
2015-07-08,163.82000732421875,159.1199951171875,162.6300048828125,159.99000549316406,14312400.0,158.7777557373047
2015-07-09,162.66000366210938,160.69000244140625,161.2899932861328,162.07000732421875,1908300.0,160.84201049804688
2015-07-10,164.97999572753906,162.9600067138672,163.9499969482422,164.11000061035156,506000.0,162.86656188964844
2015-07-13,169.3300018310547,164.97999572753906,165.0500030517578,169.30999755859375,1609200.0,168.02713012695312
2015-07-14,169.89999389648438,167.05999755859375,169.38999938964844,167.2100067138672,829200.0,165.9430389404297
2015-07-15,169.1300048828125,166.4600067138672,167.2100067138672,168.47000122070312,644700.0,167.19351196289062
2015-07-16,169.82000732421875,168.27000427246094,168.91000366210938,169.36000061035156,572400.0,168.07676696777344
2015-07-17,169.8699951171875,168.05999755859375,169.07000732421875,169.6999969482422,522700.0,168.41416931152344
2015-07-20,170.0,168.24000549316406,169.6999969482422,168.69000244140625,480600.0,167.4118194580078
2015-07-21,168.92999267578125,166.5500030517578,168.5399932861328,167.52999877929688,525700.0,166.26060485839844
2015-07-22,169.83999633789062,166.83999633789062,167.47999572753906,168.22000122070312,1013000.0,166.9453887939453
2015-07-23,171.08999633789062,168.25,169.0500030517578,168.38999938964844,589400.0,167.1140899658203
2015-07-24,170.05999755859375,167.8000030517578,168.66000366210938,168.30999755859375,529500.0,167.0347137451172
2015-07-27,169.17999267578125,166.5,167.52999877929688,168.33999633789062,586400.0,167.06448364257812
2015-07-28,170.74000549316406,167.69000244140625,169.0800018310547,170.3000030517578,411100.0,169.0096435546875
2015-07-29,173.61000061035156,169.8800048828125,170.64999389648438,173.05999755859375,838000.0,171.7487335205078
2015-07-30,173.67999267578125,170.91000366210938,172.97999572753906,172.5399932861328,509700.0,171.23265075683594
2015-07-31,175.0,172.05999755859375,173.44000244140625,174.2100067138672,644400.0,172.89002990722656
2015-08-03,175.11000061035156,172.22000122070312,174.92999267578125,173.80999755859375,472300.0,172.4930419921875
2015-08-04,176.10000610351562,173.6999969482422,174.3000030517578,175.10000610351562,474700.0,173.77325439453125
2015-08-05,177.22000122070312,174.08999633789062,175.52000427246094,175.27000427246094,810400.0,173.94200134277344
2015-08-06,175.77999877929688,171.36000061035156,175.58999633789062,172.74000549316406,596800.0,171.43113708496094
2015-08-07,174.02999877929688,171.5399932861328,172.75999450683594,173.75,534500.0,172.43348693847656
2015-08-10,175.32000732421875,172.9199981689453,174.8699951171875,173.66000366210938,937500.0,172.3441925048828
2015-08-11,173.72999572753906,171.55999755859375,172.74000549316406,171.9199981689453,2067300.0,170.61734008789062
2015-08-12,172.5800018310547,169.39999389648438,170.69000244140625,172.0,2965500.0,170.69674682617188
2015-08-13,192.27000427246094,173.0,173.89999389648438,187.7899932861328,3745800.0,186.3671112060547
2015-08-14,190.13999938964844,186.75999450683594,188.49000549316406,187.02999877929688,1252700.0,185.6128692626953
2015-08-17,188.05999755859375,183.1199951171875,187.24000549316406,184.69000244140625,1580600.0,183.29061889648438
2015-08-18,186.27000427246094,183.58999633789062,186.22000122070312,185.77000427246094,1508100.0,184.36241149902344
2015-08-19,188.5,184.38999938964844,185.27999877929688,187.83999633789062,912100.0,186.41676330566406
2015-08-20,187.64999389648438,184.3699951171875,187.47999572753906,184.4499969482422,591500.0,183.05242919921875
2015-08-21,183.92999267578125,177.22999572753906,182.1300048828125,177.5399932861328,1392500.0,176.1947784423828
2015-08-24,178.6999969482422,151.3000030517578,173.25999450683594,173.75,1459800.0,172.43348693847656
2015-08-25,179.1300048828125,171.13999938964844,177.49000549316406,171.22000122070312,1044000.0,169.92266845703125
2015-08-26,174.47000122070312,169.1300048828125,173.94000244140625,171.4600067138672,2015800.0,170.16087341308594
2015-08-27,176.3000030517578,172.25,172.80999755859375,176.22999572753906,1591600.0,174.8946990966797
2015-08-28,176.8300018310547,174.66000366210938,175.5,176.47999572753906,641800.0,175.14283752441406
2015-08-31,176.99000549316406,174.3000030517578,175.91000366210938,175.25,950000.0,173.922119140625
2015-09-01,173.9199981689453,171.47000122070312,172.52999877929688,172.6199951171875,802800.0,171.31204223632812
2015-09-02,176.11000061035156,172.77000427246094,173.72000122070312,175.25,444300.0,173.922119140625
2015-09-03,177.0399932861328,172.6999969482422,175.1699981689453,173.24000549316406,728200.0,171.92738342285156
2015-09-04,173.41000366210938,170.9600067138672,171.82000732421875,172.1300048828125,687700.0,170.82577514648438
2015-09-08,176.3300018310547,171.89999389648438,174.72999572753906,175.32000732421875,618200.0,173.99163818359375
2015-09-09,178.39999389648438,174.35000610351562,176.10000610351562,174.9199981689453,1024600.0,173.5946502685547
2015-09-10,176.6999969482422,173.10000610351562,174.38999938964844,174.8800048828125,885300.0,173.55494689941406
2015-09-11,175.4499969482422,172.8000030517578,173.7100067138672,174.83999633789062,1123600.0,173.51524353027344
2015-09-14,176.0399932861328,173.47999572753906,175.10000610351562,175.0,556400.0,173.67401123046875
2015-09-15,177.83999633789062,173.35000610351562,175.02999877929688,176.85000610351562,822500.0,175.50999450683594
2015-09-16,178.99000549316406,175.41000366210938,175.9199981689453,178.58999633789062,600900.0,177.29696655273438
2015-09-17,181.02999877929688,177.52999877929688,178.38999938964844,178.27999877929688,768200.0,176.9892120361328
2015-09-18,177.58999633789062,173.3000030517578,176.39999389648438,173.6999969482422,922400.0,172.44241333007812
2015-09-21,175.64999389648438,173.0399932861328,174.32000732421875,174.75,453300.0,173.48475646972656
2015-09-22,175.0,172.5399932861328,173.67999267578125,174.44000244140625,662300.0,173.17698669433594
2015-09-23,176.0800018310547,173.9600067138672,174.36000061035156,175.8699951171875,315700.0,174.59666442871094
2015-09-24,175.19000244140625,173.6199951171875,175.19000244140625,174.8000030517578,427200.0,173.534423828125
2015-09-25,178.75999450683594,175.60000610351562,175.83999633789062,176.83999633789062,481300.0,175.55963134765625
2015-09-28,177.77000427246094,171.27999877929688,176.52999877929688,171.39999389648438,1023300.0,170.1590576171875
2015-09-29,172.30999755859375,169.39999389648438,171.27000427246094,170.52999877929688,904300.0,169.2953338623047
2015-09-30,192.5,183.47999572753906,183.49000549316406,189.52999877929688,4119700.0,188.1577606201172
2015-10-01,192.63999938964844,188.10000610351562,190.27999877929688,192.0399932861328,1587000.0,190.64956665039062
2015-10-02,192.02000427246094,188.02999877929688,189.80999755859375,191.69000244140625,1279700.0,190.3020782470703
2015-10-05,194.61000061035156,189.4199981689453,193.55999755859375,191.1699981689453,887600.0,189.785888671875
2015-10-06,192.44000244140625,189.39999389648438,191.33999633789062,191.10000610351562,543400.0,189.7163848876953
2015-10-07,192.17999267578125,188.91000366210938,191.39999389648438,190.35000610351562,990200.0,188.9718017578125
2015-10-08,191.14999389648438,186.4600067138672,190.39999389648438,187.35000610351562,986100.0,185.99354553222656
2015-10-09,189.91000366210938,186.1300048828125,186.8800048828125,189.52000427246094,785600.0,188.14784240722656
2015-10-12,192.4600067138672,188.89999389648438,189.75,191.27999877929688,941700.0,189.89511108398438
2015-10-13,191.85000610351562,189.64999389648438,190.85000610351562,190.85000610351562,502800.0,189.4682159423828
2015-10-14,191.0,185.16000366210938,190.4499969482422,187.07000732421875,849000.0,185.71559143066406
2015-10-15,190.8699951171875,187.6300048828125,188.07000732421875,190.5500030517578,607800.0,189.17037963867188
2015-10-16,191.94000244140625,189.80999755859375,191.83999633789062,190.8000030517578,627400.0,189.41856384277344
2015-10-19,192.02999877929688,189.7899932861328,190.77999877929688,191.39999389648438,726400.0,190.01425170898438
2015-10-20,194.30999755859375,191.5,191.77999877929688,193.58999633789062,774300.0,192.18838500976562
2015-10-21,196.08999633789062,191.75,194.5,192.14999389648438,561200.0,190.75880432128906
2015-10-22,193.89999389648438,191.27999877929688,192.88999938964844,191.8699951171875,705200.0,190.4808349609375
2015-10-23,193.7899932861328,189.0,193.7100067138672,191.94000244140625,571700.0,190.55032348632812
2015-10-26,194.19000244140625,191.88999938964844,192.82000732421875,192.4499969482422,500100.0,191.056640625
2015-10-27,193.88999938964844,191.3800048828125,192.25,193.27000427246094,416600.0,191.8706817626953
2015-10-28,194.6699981689453,192.3000030517578,194.00999450683594,194.27999877929688,384600.0,192.8733673095703
2015-10-29,198.57000732421875,194.39999389648438,194.63999938964844,197.47999572753906,727700.0,196.05018615722656
2015-10-30,199.38999938964844,196.50999450683594,197.66000366210938,198.42999267578125,732000.0,196.99334716796875
2015-11-02,201.1699981689453,197.97999572753906,199.13999938964844,200.3800048828125,728500.0,198.92921447753906
2015-11-03,200.63999938964844,196.63999938964844,200.14999389648438,198.6999969482422,674100.0,197.2613983154297
2015-11-04,199.7899932861328,196.8000030517578,198.77000427246094,199.33999633789062,692600.0,197.89674377441406
2015-11-05,201.2100067138672,198.16000366210938,199.9600067138672,200.33999633789062,711300.0,198.88951110839844
2015-11-06,201.24000549316406,197.07000732421875,201.24000549316406,198.72000122070312,684100.0,197.28121948242188
2015-11-09,198.8800048828125,193.75999450683594,198.7100067138672,194.89999389648438,865200.0,193.4888916015625
2015-11-10,196.1199951171875,193.77000427246094,193.77000427246094,194.11000061035156,1379300.0,192.70462036132812
2015-11-11,196.07000732421875,193.3800048828125,194.3699951171875,194.6699981689453,1313000.0,193.26058959960938
2015-11-12,177.0,164.22999572753906,173.75,164.63999938964844,6955600.0,163.44796752929688
2015-11-13,165.3300018310547,161.19000244140625,163.30999755859375,161.6199951171875,3092700.0,160.4498291015625
2015-11-16,164.5399932861328,159.69000244140625,161.0,164.22000122070312,1494100.0,163.03099060058594
2015-11-17,167.22000122070312,162.52999877929688,165.08999633789062,164.08999633789062,1171000.0,162.9019775390625
2015-11-18,164.6699981689453,162.60000610351562,164.3699951171875,164.44000244140625,784800.0,163.24945068359375
2015-11-19,165.27000427246094,162.22000122070312,164.19000244140625,162.3699951171875,684200.0,161.1943817138672
2015-11-20,165.10000610351562,162.5500030517578,162.86000061035156,162.82000732421875,733400.0,161.64117431640625
2015-11-23,164.5,161.5,162.67999267578125,162.6199951171875,895900.0,161.44259643554688
2015-11-24,163.86000061035156,160.82000732421875,160.82000732421875,163.19000244140625,754500.0,162.0084686279297
2015-11-25,167.07000732421875,163.64999389648438,164.0,164.3000030517578,919300.0,163.1104278564453
2015-11-27,164.8800048828125,162.8300018310547,164.8800048828125,164.83999633789062,293400.0,163.6465301513672
2015-11-30,164.75,162.61000061035156,164.69000244140625,162.72999572753906,1329300.0,161.5518341064453
2015-12-01,163.97999572753906,161.1699981689453,162.99000549316406,162.33999633789062,953000.0,161.1646270751953
2015-12-02,163.22000122070312,157.08999633789062,162.2100067138672,157.92999267578125,1331800.0,156.78651428222656
2015-12-03,159.22999572753906,153.25,158.10000610351562,154.77999877929688,1320500.0,153.65936279296875
2015-12-04,156.3300018310547,154.17999267578125,155.05999755859375,155.8300018310547,996300.0,154.70176696777344
2015-12-07,156.89999389648438,150.6199951171875,155.67999267578125,151.22000122070312,1358500.0,150.12513732910156
2015-12-08,153.0800018310547,149.0,150.61000061035156,149.8800048828125,1485300.0,148.7948455810547
2015-12-09,156.25999450683594,149.64999389648438,149.75,153.2100067138672,1699900.0,152.10073852539062
2015-12-10,154.22999572753906,150.3300018310547,153.1699981689453,151.75999450683594,1027200.0,150.66123962402344
2015-12-11,150.8300018310547,147.7899932861328,149.22000122070312,148.85000610351562,1012900.0,147.7722930908203
2015-12-14,150.35000610351562,145.88999938964844,148.72999572753906,147.61000061035156,986500.0,146.54127502441406
2015-12-15,164.25,144.72999572753906,148.35000610351562,156.1699981689453,5660300.0,155.03927612304688
2015-12-16,162.0,157.00999450683594,159.0,160.82000732421875,2638900.0,159.6556396484375
2015-12-17,161.89999389648438,153.0,161.1300048828125,153.07000732421875,1732900.0,151.96173095703125
2015-12-18,153.27000427246094,149.41000366210938,151.1999969482422,149.57000732421875,2221600.0,148.48709106445312
2015-12-21,151.49000549316406,148.25,150.80999755859375,149.64999389648438,1131500.0,148.56649780273438
2015-12-22,150.49000549316406,147.27999877929688,150.11000061035156,147.8300018310547,869300.0,146.8185272216797
2015-12-23,150.0500030517578,146.55999755859375,148.42999267578125,149.05999755859375,1426300.0,148.0401611328125
2015-12-24,150.32000732421875,148.27000427246094,148.27999877929688,149.1300048828125,381700.0,148.10968017578125
2015-12-28,150.9199981689453,148.13999938964844,148.44000244140625,150.5500030517578,710600.0,149.5199432373047
2015-12-29,153.0,151.2899932861328,151.72999572753906,152.1999969482422,572800.0,151.15863037109375
2015-12-30,153.07000732421875,151.17999267578125,152.1999969482422,151.39999389648438,453900.0,150.3641357421875
2015-12-31,151.94000244140625,150.4499969482422,151.25999450683594,150.50999450683594,766700.0,149.48020935058594
2016-01-04,154.47999572753906,147.50999450683594,149.25,152.24000549316406,1935300.0,151.1983642578125
2016-01-05,153.7899932861328,149.88999938964844,152.35000610351562,151.1999969482422,1127700.0,150.16549682617188
2016-01-06,150.0500030517578,145.77999877929688,149.67999267578125,147.1999969482422,1048400.0,146.19287109375
2016-01-07,149.4600067138672,143.1300048828125,144.8000030517578,148.8300018310547,1343700.0,147.81170654296875
2016-01-08,149.44000244140625,144.8699951171875,149.02999877929688,145.55999755859375,1030400.0,144.56405639648438
2016-01-11,148.1199951171875,145.05999755859375,146.1300048828125,147.0500030517578,1114400.0,146.04391479492188
2016-01-12,148.97000122070312,145.74000549316406,147.52000427246094,148.07000732421875,1045400.0,147.05690002441406
2016-01-13,148.88999938964844,141.75999450683594,148.33999633789062,142.16000366210938,1336000.0,141.18734741210938
2016-01-14,143.0,139.16000366210938,142.17999267578125,141.32000732421875,1121200.0,140.35308837890625
2016-01-15,144.7100067138672,137.66000366210938,138.02999877929688,144.2899932861328,1333100.0,143.30274963378906
2016-01-19,146.44000244140625,142.89999389648438,145.08999633789062,144.6199951171875,1184000.0,143.6305389404297
2016-01-20,145.11000061035156,139.41000366210938,142.5800018310547,143.38999938964844,616700.0,142.408935546875
2016-01-21,146.38999938964844,142.27000427246094,143.24000549316406,143.8000030517578,706800.0,142.8161163330078
2016-01-22,145.85000610351562,142.58999633789062,144.94000244140625,144.42999267578125,990400.0,143.4418182373047
2016-01-25,146.3300018310547,143.24000549316406,144.99000549316406,144.72000122070312,853700.0,143.72984313964844
2016-01-26,152.7100067138672,144.75999450683594,145.44000244140625,151.47000122070312,1156100.0,150.43362426757812
2016-01-27,154.05999755859375,150.17999267578125,151.14999389648438,151.52000427246094,987900.0,150.4833526611328
2016-01-28,153.6999969482422,145.6699981689453,152.9600067138672,148.55999755859375,1001800.0,147.54354858398438
2016-01-29,152.22999572753906,148.17999267578125,149.8699951171875,152.0500030517578,1255600.0,151.0097198486328
2016-02-01,156.33999633789062,150.67999267578125,151.6999969482422,154.88999938964844,862800.0,153.83023071289062
2016-02-02,154.94000244140625,150.6699981689453,154.3800048828125,151.86000061035156,713100.0,150.82098388671875
2016-02-03,152.9499969482422,146.02000427246094,151.5800018310547,147.94000244140625,1513600.0,146.92779541015625
2016-02-04,148.44000244140625,145.47999572753906,147.4600067138672,147.85000610351562,1573500.0,146.83840942382812
2016-02-05,147.9600067138672,143.44000244140625,147.5399932861328,143.94000244140625,1284200.0,142.95518493652344
2016-02-08,143.10000610351562,136.05999755859375,142.77000427246094,141.4499969482422,2109900.0,140.4822235107422
2016-02-09,143.63999938964844,139.1300048828125,141.14999389648438,141.5,1239800.0,140.53187561035156
2016-02-10,143.5,138.41000366210938,141.1300048828125,138.57000732421875,2203700.0,137.6219024658203
2016-02-11,142.77000427246094,131.58999633789062,137.0399932861328,138.41000366210938,2575700.0,137.4630126953125
2016-02-12,141.39999389648438,137.19000244140625,139.5399932861328,140.77000427246094,974800.0,139.8068389892578
2016-02-16,148.97000122070312,141.17999267578125,142.0399932861328,146.0,1315400.0,145.0010528564453
2016-02-17,149.00999450683594,142.99000549316406,147.1699981689453,143.41000366210938,1471100.0,142.4287872314453
2016-02-18,144.83999633789062,140.55999755859375,142.35000610351562,143.32000732421875,1068000.0,142.3394012451172
2016-02-19,145.08999633789062,141.35000610351562,143.52000427246094,143.6300048828125,948700.0,142.6472930908203
2016-02-22,148.47000122070312,145.02999877929688,145.25,147.8699951171875,904000.0,146.85826110839844
2016-02-23,151.33999633789062,147.3699951171875,148.44000244140625,147.5500030517578,698300.0,146.54046630859375
2016-02-24,150.6199951171875,145.47000122070312,147.33999633789062,150.4199981689453,624900.0,149.39080810546875
2016-02-25,151.49000549316406,147.0500030517578,150.8000030517578,150.0800018310547,639900.0,149.05316162109375
2016-02-26,151.3800048828125,148.41000366210938,150.60000610351562,150.0500030517578,589500.0,149.02337646484375
2016-02-29,151.05999755859375,148.3800048828125,150.0,148.44000244140625,856100.0,147.42437744140625
2016-03-01,153.5399932861328,149.2899932861328,149.9199981689453,153.35000610351562,622100.0,152.30079650878906
2016-03-02,153.82000732421875,151.32000732421875,152.44000244140625,152.1699981689453,659200.0,151.12887573242188
2016-03-03,154.1999969482422,149.8699951171875,151.33999633789062,153.8800048828125,785300.0,152.82716369628906
2016-03-04,154.27000427246094,151.1699981689453,154.07000732421875,152.3699951171875,724900.0,151.32752990722656
2016-03-07,152.8699951171875,150.3800048828125,151.3699951171875,151.52000427246094,481400.0,150.4833526611328
2016-03-08,152.64999389648438,149.1699981689453,150.58999633789062,149.67999267578125,1016200.0,148.65585327148438
2016-03-09,154.08999633789062,149.75,150.97999572753906,153.77000427246094,627800.0,152.7178955078125
2016-03-10,156.2899932861328,153.5399932861328,153.8000030517578,156.14999389648438,765200.0,155.08163452148438
2016-03-11,159.16000366210938,155.97000122070312,156.83999633789062,158.57000732421875,963400.0,157.48504638671875
2016-03-14,160.13999938964844,157.35000610351562,157.52999877929688,159.33999633789062,665800.0,158.24978637695312
2016-03-15,160.1199951171875,157.35000610351562,158.3300018310547,158.5800018310547,830000.0,157.4950408935547
2016-03-16,160.16000366210938,157.02000427246094,158.4600067138672,158.9600067138672,486800.0,157.9321746826172
2016-03-17,158.83999633789062,156.3000030517578,157.77999877929688,157.94000244140625,580300.0,156.9187774658203
2016-03-18,158.5,156.66000366210938,158.27000427246094,157.47000122070312,854200.0,156.4517822265625
2016-03-21,158.75,157.3800048828125,157.47999572753906,158.61000061035156,389400.0,157.5843963623047
2016-03-22,159.27000427246094,157.47000122070312,157.97999572753906,158.19000244140625,404200.0,157.16712951660156
2016-03-23,161.9199981689453,157.52999877929688,158.22999572753906,161.08999633789062,775600.0,160.04840087890625
2016-03-24,162.0399932861328,159.9499969482422,160.99000549316406,161.82000732421875,846000.0,160.773681640625
2016-03-28,162.8800048828125,159.38999938964844,161.42999267578125,161.75999450683594,638200.0,160.7140350341797
2016-03-29,163.0800018310547,160.42999267578125,161.58999633789062,163.02999877929688,662700.0,161.97584533691406
2016-03-30,165.99000549316406,162.36000061035156,162.36000061035156,163.7899932861328,788500.0,162.7309112548828
2016-03-31,162.7100067138672,160.25,162.47999572753906,160.33999633789062,1037300.0,159.30323791503906
2016-04-01,160.97999572753906,159.3300018310547,160.41000366210938,160.4199981689453,684700.0,159.3826904296875
2016-04-04,164.13999938964844,157.55999755859375,161.2100067138672,159.22999572753906,1041000.0,158.20042419433594
2016-04-05,160.89999389648438,158.10000610351562,158.5,160.47000122070312,724200.0,159.43240356445312
2016-04-06,161.07000732421875,158.17999267578125,160.89999389648438,159.8800048828125,694900.0,158.84622192382812
2016-04-07,159.52999877929688,155.1300048828125,158.86000061035156,155.8300018310547,580900.0,154.82240295410156
2016-04-08,157.2899932861328,155.0,157.0,156.11000061035156,504100.0,155.1005859375
2016-04-11,157.27999877929688,154.75,156.25,154.77000427246094,364000.0,153.7692413330078
2016-04-12,156.60000610351562,153.5,154.66000366210938,156.5,674600.0,155.4880828857422
2016-04-13,160.89999389648438,157.4600067138672,157.67999267578125,160.49000549316406,696500.0,159.45228576660156
2016-04-14,161.50999450683594,159.75,160.22999572753906,160.94000244140625,507500.0,159.8993682861328
2016-04-15,162.02000427246094,160.02000427246094,161.02000427246094,161.19000244140625,411000.0,160.1477508544922
2016-04-18,163.2899932861328,159.27000427246094,160.3800048828125,160.94000244140625,749100.0,159.8993682861328
2016-04-19,162.72000122070312,160.3000030517578,161.8699951171875,160.7899932861328,529400.0,159.75030517578125
2016-04-20,161.33999633789062,158.38999938964844,161.02000427246094,158.38999938964844,682300.0,157.36582946777344
2016-04-21,158.8300018310547,156.3800048828125,158.39999389648438,157.1300048828125,686000.0,156.11399841308594
2016-04-22,158.9600067138672,155.17999267578125,157.3800048828125,158.39999389648438,540300.0,157.37579345703125
2016-04-25,158.30999755859375,155.6300048828125,157.58999633789062,157.38999938964844,618000.0,156.37228393554688
2016-04-26,158.75999450683594,156.19000244140625,157.88999938964844,158.27999877929688,656500.0,157.25656127929688
2016-04-27,160.07000732421875,156.9499969482422,158.07000732421875,159.27000427246094,371200.0,158.2401580810547
2016-04-28,158.42999267578125,155.42999267578125,157.5800018310547,155.8699951171875,635700.0,154.86212158203125
2016-04-29,156.5,154.13999938964844,155.97999572753906,156.10000610351562,454800.0,155.09066772460938
2016-05-02,156.75999450683594,152.69000244140625,156.33999633789062,155.4600067138672,861600.0,154.45481872558594
2016-05-03,156.97000122070312,153.91000366210938,155.22999572753906,156.00999450683594,529400.0,155.00123596191406
2016-05-04,156.3000030517578,153.69000244140625,154.25999450683594,155.83999633789062,356300.0,154.83233642578125
2016-05-05,153.11000061035156,148.1999969482422,152.99000549316406,148.74000549316406,1548500.0,147.7782440185547
2016-05-06,151.05999755859375,147.25999450683594,150.14999389648438,150.52000427246094,1011100.0,149.54676818847656
2016-05-09,152.05999755859375,149.41000366210938,150.0,151.52999877929688,546800.0,150.5502166748047
2016-05-10,153.5800018310547,151.3699951171875,152.38999938964844,152.2899932861328,684600.0,151.30526733398438
2016-05-11,152.1699981689453,148.05999755859375,151.74000549316406,148.1300048828125,614400.0,147.1721649169922
2016-05-12,151.02999877929688,147.99000549316406,148.99000549316406,150.0,842500.0,149.0301055908203
2016-05-13,150.00999450683594,145.19000244140625,149.57000732421875,145.55999755859375,989300.0,144.61880493164062
2016-05-16,148.61000061035156,145.4499969482422,145.5500030517578,148.13999938964844,965300.0,147.18212890625
2016-05-17,146.92999267578125,143.30999755859375,146.92999267578125,144.0800018310547,1615500.0,143.14837646484375
2016-05-18,145.49000549316406,141.8800048828125,144.00999450683594,143.80999755859375,1604600.0,142.88014221191406
2016-05-19,144.22000122070312,132.97999572753906,134.1199951171875,143.5399932861328,5397200.0,142.6118621826172
2016-05-20,147.16000366210938,142.77999877929688,143.36000061035156,146.38999938964844,1948500.0,145.4434051513672
2016-05-23,147.5,145.10000610351562,145.5800018310547,145.8699951171875,1069800.0,144.92678833007812
2016-05-24,149.9499969482422,144.89999389648438,144.89999389648438,149.33999633789062,1126800.0,148.37435913085938
2016-05-25,154.33999633789062,148.7899932861328,149.27999877929688,153.52999877929688,1681000.0,152.53724670410156
2016-05-26,156.7899932861328,153.5,154.5500030517578,156.66000366210938,2191700.0,155.64703369140625
2016-05-27,157.75999450683594,155.89999389648438,156.80999755859375,156.30999755859375,1075600.0,155.29928588867188
2016-05-31,156.99000549316406,153.7100067138672,156.99000549316406,153.83999633789062,1689900.0,152.8452606201172
2016-06-01,153.88999938964844,151.92999267578125,153.83999633789062,153.33999633789062,1373700.0,152.34848022460938
2016-06-02,153.16000366210938,150.5800018310547,151.38999938964844,152.14999389648438,1319900.0,151.16616821289062
2016-06-03,152.6699981689453,149.72999572753906,151.6699981689453,150.7100067138672,895200.0,149.7355194091797
2016-06-06,150.72000122070312,148.50999450683594,150.7100067138672,150.24000549316406,855200.0,149.2685546875
2016-06-07,152.05999755859375,149.4499969482422,150.32000732421875,151.7100067138672,1136000.0,150.72903442382812
2016-06-08,154.19000244140625,151.47999572753906,151.5,153.52000427246094,1850300.0,152.52732849121094
2016-06-09,157.4600067138672,153.88999938964844,153.88999938964844,156.77999877929688,2680400.0,155.7662811279297
2016-06-10,155.63999938964844,152.6999969482422,154.89999389648438,153.02000427246094,965700.0,152.0305633544922
2016-06-13,155.07000732421875,152.49000549316406,152.49000549316406,152.5500030517578,859900.0,151.56361389160156
2016-06-14,153.58999633789062,151.10000610351562,152.75,152.6300048828125,1039600.0,151.6431121826172
2016-06-15,155.17999267578125,152.67999267578125,152.8800048828125,153.63999938964844,866300.0,152.70660400390625
2016-06-16,154.22000122070312,151.74000549316406,152.41000366210938,153.94000244140625,942400.0,153.00477600097656
2016-06-17,155.0,152.41000366210938,153.57000732421875,154.5500030517578,1035900.0,153.61105346679688
2016-06-20,157.27000427246094,155.33999633789062,155.74000549316406,155.5800018310547,704900.0,154.63478088378906
2016-06-21,156.30999755859375,153.88999938964844,155.55999755859375,154.44000244140625,806800.0,153.50173950195312
2016-06-22,155.25,153.08999633789062,154.57000732421875,153.16000366210938,716800.0,152.2294921875
2016-06-23,155.11000061035156,153.7100067138672,154.44000244140625,154.92999267578125,831100.0,153.9887237548828
2016-06-24,155.97000122070312,150.9199981689453,151.0,154.52000427246094,1750800.0,153.58126831054688
2016-06-27,155.6999969482422,152.1999969482422,153.74000549316406,153.77999877929688,2242500.0,152.84573364257812
2016-06-28,157.16000366210938,154.27999877929688,154.8699951171875,156.97999572753906,1533700.0,156.02630615234375
2016-06-29,161.77999877929688,158.02999877929688,158.02999877929688,161.00999450683594,1560000.0,160.03179931640625
2016-06-30,161.6999969482422,159.5,161.02000427246094,161.6300048828125,791600.0,160.64804077148438
2016-07-01,164.6999969482422,161.77999877929688,162.16000366210938,164.3300018310547,876500.0,163.33160400390625
2016-07-05,163.63999938964844,160.32000732421875,162.4600067138672,161.19000244140625,754200.0,160.21072387695312
2016-07-06,161.94000244140625,160.39999389648438,161.05999755859375,161.4499969482422,1162000.0,160.46914672851562
2016-07-07,162.61000061035156,160.0500030517578,161.5399932861328,161.1300048828125,672400.0,160.15109252929688
2016-07-08,165.25999450683594,161.67999267578125,162.2899932861328,164.85000610351562,911100.0,163.84849548339844
2016-07-11,166.32000732421875,163.5800018310547,164.85000610351562,163.69000244140625,679200.0,162.695556640625
2016-07-12,164.9199981689453,162.5500030517578,164.5,163.5500030517578,860200.0,162.55636596679688
2016-07-13,164.72999572753906,160.5399932861328,164.14999389648438,162.91000366210938,906100.0,161.92025756835938
2016-07-14,165.4600067138672,162.44000244140625,163.4600067138672,164.9600067138672,575300.0,163.9578094482422
2016-07-15,165.7899932861328,164.38999938964844,165.4499969482422,164.58999633789062,677100.0,163.59007263183594
2016-07-18,164.9199981689453,163.9499969482422,164.9199981689453,164.39999389648438,516800.0,163.4012451171875
2016-07-19,163.77000427246094,161.66000366210938,163.1699981689453,163.6999969482422,855900.0,162.70545959472656
2016-07-20,164.61000061035156,163.4199981689453,164.61000061035156,163.75,444900.0,162.755126953125
2016-07-21,164.36000061035156,162.99000549316406,163.49000549316406,164.08999633789062,418700.0,163.09312438964844
2016-07-22,166.22999572753906,164.1999969482422,164.7100067138672,166.02999877929688,586000.0,165.02133178710938
2016-07-25,166.77000427246094,165.3800048828125,165.99000549316406,166.6699981689453,502800.0,165.6574249267578
2016-07-26,168.1199951171875,165.6699981689453,166.94000244140625,166.22999572753906,878000.0,165.22007751464844
2016-07-27,167.66000366210938,164.47000122070312,167.02000427246094,164.72999572753906,836100.0,163.72921752929688
2016-07-28,172.8699951171875,164.41000366210938,164.6699981689453,170.33999633789062,1756200.0,169.3050994873047
2016-07-29,170.2899932861328,168.5,170.0,169.86000061035156,1369200.0,168.8280487060547
2016-08-01,169.57000732421875,168.07000732421875,169.25999450683594,168.5,844900.0,167.47630310058594
2016-08-02,168.47999572753906,165.35000610351562,168.1699981689453,166.61000061035156,881800.0,165.5977783203125
2016-08-03,168.66000366210938,164.99000549316406,166.44000244140625,168.64999389648438,594500.0,167.62539672851562
2016-08-04,170.3800048828125,168.30999755859375,168.3800048828125,170.17999267578125,1102600.0,169.1461181640625
2016-08-05,171.9499969482422,170.1999969482422,170.5,170.49000549316406,1090300.0,169.45423889160156
2016-08-08,171.30999755859375,168.75,170.49000549316406,168.8800048828125,1111700.0,167.85400390625
2016-08-09,169.55999755859375,166.2899932861328,168.75,166.5,514000.0,165.4884490966797
2016-08-10,167.47999572753906,165.57000732421875,166.57000732421875,166.64999389648438,838700.0,165.63754272460938
2016-08-11,170.4199981689453,166.66000366210938,167.8000030517578,166.7100067138672,829400.0,165.6971893310547
2016-08-12,166.5,163.49000549316406,166.08999633789062,166.0,1165200.0,164.99147033691406
2016-08-15,169.89999389648438,165.5500030517578,166.75,167.75999450683594,1854500.0,166.7407989501953
2016-08-16,165.39999389648438,160.33999633789062,162.0,160.39999389648438,3030800.0,159.4254913330078
2016-08-17,160.4199981689453,156.92999267578125,160.0,158.0500030517578,1986800.0,157.08978271484375
2016-08-18,158.7899932861328,156.6300048828125,158.5,157.42999267578125,1370600.0,156.4735565185547
2016-08-19,159.72000122070312,156.97000122070312,156.97000122070312,158.0399932861328,1140500.0,157.07986450195312
2016-08-22,160.9600067138672,158.0399932861328,158.97000122070312,158.47000122070312,1151200.0,157.5072479248047
2016-08-23,159.91000366210938,157.75999450683594,159.3699951171875,157.94000244140625,996100.0,156.98045349121094
2016-08-24,163.97000122070312,158.92999267578125,158.92999267578125,160.36000061035156,1747400.0,159.38572692871094
2016-08-25,160.9199981689453,158.94000244140625,160.0500030517578,160.17999267578125,783600.0,159.20681762695312
2016-08-26,160.6199951171875,156.1999969482422,159.69000244140625,156.8300018310547,958600.0,155.87722778320312
2016-08-29,158.38999938964844,156.7100067138672,156.8300018310547,157.6699981689453,550100.0,156.71209716796875
2016-08-30,157.97999572753906,156.0800018310547,157.97999572753906,156.66000366210938,722800.0,155.70822143554688
2016-08-31,157.86000061035156,155.88999938964844,156.7899932861328,157.3800048828125,699500.0,156.42388916015625
2016-09-01,159.6199951171875,157.75,158.1999969482422,158.75999450683594,721400.0,157.79547119140625
2016-09-02,159.64999389648438,158.0500030517578,158.7899932861328,158.57000732421875,635300.0,157.60662841796875
2016-09-06,160.86000061035156,158.72999572753906,158.80999755859375,160.13999938964844,724400.0,159.16708374023438
2016-09-07,162.27999877929688,160.02000427246094,160.3000030517578,161.8800048828125,908600.0,160.89654541015625
2016-09-08,161.13999938964844,157.2100067138672,160.6699981689453,158.8699951171875,1739200.0,157.90481567382812
2016-09-09,157.74000549316406,152.9600067138672,156.86000061035156,152.9600067138672,1497800.0,152.03073120117188
2016-09-12,153.8800048828125,151.4199981689453,152.72000122070312,153.3699951171875,2165300.0,152.43821716308594
2016-09-13,154.00999450683594,150.66000366210938,152.92999267578125,151.17999267578125,1177000.0,150.26150512695312
2016-09-14,152.49000549316406,150.13999938964844,151.5399932861328,150.72000122070312,701000.0,149.80433654785156
2016-09-15,150.85000610351562,148.7100067138672,150.49000549316406,148.94000244140625,1049300.0,148.03517150878906
2016-09-16,148.99000549316406,147.72999572753906,148.25999450683594,148.11000061035156,961300.0,147.2101593017578
2016-09-19,148.97000122070312,147.44000244140625,148.11000061035156,148.44000244140625,972000.0,147.53817749023438
2016-09-20,149.25999450683594,145.27999877929688,149.0500030517578,145.88999938964844,1197100.0,145.00364685058594
2016-09-21,146.57000732421875,145.14999389648438,145.5800018310547,146.3300018310547,1117000.0,145.50086975097656
2016-09-22,149.74000549316406,147.0,147.6199951171875,149.14999389648438,1569300.0,148.30484008789062
2016-09-23,149.82000732421875,148.22999572753906,149.0,149.24000549316406,1375900.0,148.39434814453125
2016-09-26,150.24000549316406,147.8000030517578,148.72999572753906,150.10000610351562,997000.0,149.24948120117188
2016-09-27,152.6999969482422,150.58999633789062,151.5800018310547,151.00999450683594,1151000.0,150.15431213378906
2016-09-28,151.33999633789062,148.69000244140625,151.25,149.0,1120600.0,148.1557159423828
2016-09-29,148.92999267578125,146.0800018310547,148.9199981689453,146.74000549316406,811900.0,145.9085235595703
2016-09-30,149.50999450683594,146.25999450683594,147.11000061035156,149.1199951171875,1065500.0,148.27499389648438
2016-10-03,149.25999450683594,146.55999755859375,148.52999877929688,146.94000244140625,627500.0,146.10739135742188
2016-10-04,148.08999633789062,146.11000061035156,147.32000732421875,146.5399932861328,592300.0,145.7096405029297
2016-10-05,149.39999389648438,147.5,147.6199951171875,148.92999267578125,699000.0,148.08612060546875
2016-10-06,149.08999633789062,147.4199981689453,148.6699981689453,148.7100067138672,608400.0,147.86737060546875
2016-10-07,149.6699981689453,147.22999572753906,149.38999938964844,148.1300048828125,396800.0,147.29063415527344
2016-10-10,149.82000732421875,147.80999755859375,149.0,148.05999755859375,436400.0,147.2210235595703
2016-10-11,148.47000122070312,146.4499969482422,147.9600067138672,146.75999450683594,628600.0,145.92840576171875
2016-10-12,149.07000732421875,146.57000732421875,146.6300048828125,147.9600067138672,513000.0,147.12161254882812
2016-10-13,147.61000061035156,145.10000610351562,147.25999450683594,146.77999877929688,767200.0,145.9482879638672
2016-10-14,148.55999755859375,146.3000030517578,147.5800018310547,146.63999938964844,564500.0,145.80908203125
2016-10-17,146.72000122070312,143.13999938964844,146.38999938964844,143.27000427246094,804200.0,142.45814514160156
2016-10-18,144.88999938964844,140.5800018310547,144.14999389648438,142.99000549316406,1504100.0,142.17977905273438
2016-10-19,145.0,138.02000427246094,142.05999755859375,142.22999572753906,2178400.0,141.42405700683594
2016-10-20,142.72999572753906,140.8699951171875,142.08999633789062,141.3000030517578,923700.0,140.49932861328125
2016-10-21,142.1999969482422,139.75999450683594,140.67999267578125,141.92999267578125,502200.0,141.12574768066406
2016-10-24,143.5399932861328,140.63999938964844,142.9199981689453,141.10000610351562,1012800.0,140.3004608154297
2016-10-25,144.25999450683594,140.08999633789062,140.42999267578125,143.80999755859375,1117800.0,142.9951171875
2016-10-26,144.66000366210938,142.69000244140625,143.52000427246094,143.9600067138672,871500.0,143.14427185058594
2016-10-27,144.5399932861328,138.97999572753906,143.44000244140625,139.22000122070312,1362900.0,138.43112182617188
2016-10-28,141.41000366210938,138.19000244140625,138.4499969482422,140.1999969482422,1014700.0,139.40557861328125
2016-10-31,140.82000732421875,138.8300018310547,140.3300018310547,140.0800018310547,1277400.0,139.2862548828125
2016-11-01,140.9199981689453,138.5399932861328,139.8800048828125,139.7899932861328,802100.0,138.99790954589844
2016-11-02,140.0,137.1199951171875,139.66000366210938,138.13999938964844,731700.0,137.35726928710938
2016-11-03,140.2899932861328,138.22999572753906,138.8000030517578,138.85000610351562,1020000.0,138.063232421875
2016-11-04,140.0,135.75999450683594,138.85000610351562,136.19000244140625,1095300.0,135.41830444335938
2016-11-07,137.8300018310547,136.22000122070312,137.5399932861328,137.5399932861328,859300.0,136.76065063476562
2016-11-08,139.0,136.10000610351562,137.4499969482422,137.6699981689453,921000.0,136.8899383544922
2016-11-09,140.5399932861328,134.0800018310547,134.7899932861328,140.3300018310547,1349500.0,139.53482055664062
2016-11-10,146.4499969482422,140.85000610351562,140.85000610351562,145.82000732421875,2272000.0,144.99371337890625
2016-11-11,147.22999572753906,143.6300048828125,145.11000061035156,145.02000427246094,1740100.0,144.19827270507812
2016-11-14,147.0,142.1999969482422,145.27999877929688,142.89999389648438,3409800.0,142.09027099609375
2016-11-15,166.89999389648438,161.52999877929688,164.0,164.3300018310547,7352900.0,163.3988800048828
2016-11-16,163.74000549316406,160.9499969482422,163.2100067138672,162.97999572753906,1880500.0,162.05648803710938
2016-11-17,166.97000122070312,162.33999633789062,163.44000244140625,166.32000732421875,1496400.0,165.3775634765625
2016-11-18,166.72999572753906,162.22999572753906,166.1199951171875,162.57000732421875,1226600.0,161.6488037109375
2016-11-21,167.38999938964844,162.0,162.75,166.89999389648438,764100.0,165.95425415039062
2016-11-22,170.97999572753906,167.07000732421875,167.6300048828125,170.2899932861328,1387900.0,169.32508850097656
2016-11-23,171.50999450683594,168.64999389648438,170.25999450683594,171.0399932861328,982000.0,170.07081604003906
2016-11-25,172.02000427246094,170.1300048828125,171.69000244140625,170.86000061035156,405600.0,169.89186096191406
2016-11-28,174.30999755859375,170.5500030517578,171.14999389648438,170.77000427246094,1023100.0,169.80235290527344
2016-11-29,173.49000549316406,169.6999969482422,172.33999633789062,169.8000030517578,639600.0,168.8378448486328
2016-11-30,170.6699981689453,168.41000366210938,169.47999572753906,169.72000122070312,827500.0,168.75830078125
2016-12-01,171.57000732421875,167.32000732421875,169.17999267578125,170.75999450683594,858700.0,169.79238891601562
2016-12-02,171.97999572753906,169.8800048828125,170.4600067138672,170.13999938964844,487000.0,169.17591857910156
2016-12-05,171.9600067138672,169.9600067138672,171.44000244140625,170.52999877929688,740300.0,169.563720703125
2016-12-06,173.75999450683594,169.85000610351562,170.17999267578125,173.30999755859375,753400.0,172.3279571533203
2016-12-07,177.0,172.3800048828125,172.3800048828125,176.77999877929688,774500.0,175.7782745361328
2016-12-08,177.8300018310547,175.17999267578125,176.41000366210938,176.52000427246094,796800.0,175.519775390625
2016-12-09,177.32000732421875,173.9600067138672,176.0500030517578,175.5800018310547,521500.0,174.58511352539062
2016-12-12,175.64999389648438,171.75999450683594,174.2100067138672,173.0,1088800.0,172.0196990966797
2016-12-13,174.9499969482422,171.14999389648438,173.25999450683594,171.8699951171875,1015200.0,170.89610290527344
2016-12-14,174.2899932861328,169.88999938964844,173.02999877929688,171.50999450683594,1458000.0,170.5381317138672
2016-12-15,173.4499969482422,171.00999450683594,171.6199951171875,172.9199981689453,662900.0,171.94017028808594
2016-12-16,173.99000549316406,171.1699981689453,173.36000061035156,171.91000366210938,891700.0,170.93589782714844
2016-12-19,175.5500030517578,171.61000061035156,171.61000061035156,173.82000732421875,548400.0,172.83506774902344
2016-12-20,176.3300018310547,172.22000122070312,173.82000732421875,175.6300048828125,1246000.0,174.63479614257812
2016-12-21,175.47000122070312,173.30999755859375,174.75999450683594,173.50999450683594,454700.0,172.58580017089844
2016-12-22,173.41000366210938,169.69000244140625,172.6999969482422,170.38999938964844,946100.0,169.48239135742188
2016-12-23,172.0800018310547,170.0,170.69000244140625,170.88999938964844,334200.0,169.979736328125
2016-12-27,172.75,170.72000122070312,170.72000122070312,171.83999633789062,508700.0,170.92466735839844
2016-12-28,172.92999267578125,170.35000610351562,172.00999450683594,170.4199981689453,360300.0,169.51223754882812
2016-12-29,171.0800018310547,169.4600067138672,170.0800018310547,170.27999877929688,431400.0,169.3730010986328
2016-12-30,172.0,168.60000610351562,171.32000732421875,169.1199951171875,513000.0,168.21917724609375
2017-01-03,171.36000061035156,169.30999755859375,170.77999877929688,170.60000610351562,691300.0,169.6912841796875
2017-01-04,173.1699981689453,170.3699951171875,170.3699951171875,172.0,641700.0,171.0838165283203
2017-01-05,173.05999755859375,170.22999572753906,170.8699951171875,171.8800048828125,861000.0,170.96446228027344
2017-01-06,171.99000549316406,169.3000030517578,171.32000732421875,169.6300048828125,828000.0,168.72645568847656
2017-01-09,170.27999877929688,168.32000732421875,170.05999755859375,169.52999877929688,560100.0,168.62696838378906
2017-01-10,171.9199981689453,168.6300048828125,168.6999969482422,169.9199981689453,621200.0,169.01487731933594
2017-01-11,174.99000549316406,170.9199981689453,173.50999450683594,173.42999267578125,889000.0,172.50621032714844
2017-01-12,174.61000061035156,172.0,172.4199981689453,174.47000122070312,747400.0,173.54066467285156
2017-01-13,175.86000061035156,173.52000427246094,174.4199981689453,174.7899932861328,1196200.0,173.8589630126953
2017-01-17,177.5,172.94000244140625,174.33999633789062,173.0,1048900.0,172.07850646972656
2017-01-18,174.17999267578125,171.75999450683594,173.00999450683594,173.97999572753906,791400.0,173.05328369140625
2017-01-19,174.82000732421875,171.22000122070312,174.2100067138672,171.72000122070312,606300.0,170.80531311035156
2017-01-20,172.91000366210938,170.41000366210938,172.24000549316406,171.5,731300.0,170.5865020751953
2017-01-23,168.6300048828125,164.27000427246094,167.0800018310547,167.77999877929688,1416800.0,166.8863067626953
2017-01-24,170.97999572753906,167.77999877929688,168.8000030517578,168.2899932861328,882400.0,167.39356994628906
2017-01-25,170.30999755859375,167.0,169.39999389648438,167.5,969100.0,166.60780334472656
2017-01-26,169.4199981689453,165.33999633789062,167.75,165.5,1301600.0,164.6184539794922
2017-01-27,166.27999877929688,163.94000244140625,166.14999389648438,164.3699951171875,768500.0,163.49447631835938
2017-01-30,165.35000610351562,162.88999938964844,165.35000610351562,164.6300048828125,727000.0,163.7530975341797
2017-01-31,164.67999267578125,162.27000427246094,162.39999389648438,164.24000549316406,1056000.0,163.36517333984375
2017-02-01,164.88999938964844,159.6999969482422,164.02000427246094,160.58999633789062,1594900.0,159.7345733642578
2017-02-02,163.0500030517578,160.0,160.08999633789062,162.33999633789062,1485400.0,161.4752960205078
2017-02-03,163.6999969482422,161.9199981689453,162.97999572753906,162.75,850400.0,161.88308715820312
2017-02-06,163.02999877929688,159.92999267578125,161.72999572753906,160.27000427246094,944700.0,159.41632080078125
2017-02-07,162.05999755859375,157.77999877929688,161.2100067138672,159.17999267578125,1191300.0,158.33209228515625
2017-02-08,163.64999389648438,158.25999450683594,158.2899932861328,162.72999572753906,1921800.0,161.8632049560547
2017-02-09,165.1699981689453,161.30999755859375,162.25999450683594,164.8300018310547,1102000.0,163.9520263671875
2017-02-10,165.8699951171875,163.19000244140625,165.22999572753906,164.0500030517578,734900.0,163.1761932373047
2017-02-13,165.0,162.14999389648438,165.0,162.38999938964844,986200.0,161.52503967285156
2017-02-14,164.7899932861328,161.85000610351562,162.38999938964844,164.3699951171875,935300.0,163.49447631835938
2017-02-15,165.3000030517578,163.00999450683594,163.2899932861328,163.8800048828125,694700.0,163.00709533691406
2017-02-16,164.4600067138672,160.32000732421875,164.2100067138672,160.99000549316406,1357800.0,160.13247680664062
2017-02-17,161.8800048828125,159.75,160.61000061035156,161.5800018310547,1561300.0,160.71934509277344
2017-02-21,169.5500030517578,160.69000244140625,164.5,161.14999389648438,3286400.0,160.29161071777344
2017-02-22,161.99000549316406,155.27000427246094,160.74000549316406,159.67999267578125,3442900.0,158.82945251464844
2017-02-23,159.66000366210938,156.66000366210938,159.41000366210938,157.72000122070312,1395800.0,156.8798828125
2017-02-24,158.22999572753906,155.4499969482422,156.4600067138672,157.3300018310547,1599600.0,156.491943359375
2017-02-27,157.38999938964844,155.36000061035156,156.85000610351562,156.94000244140625,1443300.0,156.1040496826172
2017-02-28,158.69000244140625,155.17999267578125,155.63999938964844,156.61000061035156,1087300.0,155.77581787109375
2017-03-01,158.58999633789062,155.63999938964844,158.58999633789062,156.67999267578125,1037800.0,155.8454132080078
2017-03-02,158.08999633789062,156.4499969482422,156.67999267578125,157.36000061035156,1158100.0,156.5218048095703
2017-03-03,158.13999938964844,154.3000030517578,157.3000030517578,155.35000610351562,1252000.0,154.52252197265625
2017-03-06,156.10000610351562,154.19000244140625,155.35000610351562,154.25,1057600.0,153.4283905029297
2017-03-07,154.8000030517578,151.6199951171875,154.25999450683594,151.99000549316406,1102700.0,151.180419921875
2017-03-08,155.74000549316406,152.82000732421875,153.50999450683594,155.2100067138672,1415600.0,154.38327026367188
2017-03-09,155.47999572753906,154.2100067138672,154.97000122070312,155.14999389648438,1024600.0,154.32357788085938
2017-03-10,155.80999755859375,153.38999938964844,155.52000427246094,153.97000122070312,1064500.0,153.14987182617188
2017-03-13,154.9600067138672,151.99000549316406,152.75999450683594,154.35000610351562,978900.0,153.52783203125
2017-03-14,154.63999938964844,152.89999389648438,154.3000030517578,153.7100067138672,896600.0,152.89125061035156
2017-03-15,153.60000610351562,151.14999389648438,153.5800018310547,152.9199981689453,1593700.0,152.10545349121094
2017-03-16,153.77000427246094,151.8300018310547,152.74000549316406,153.41000366210938,583400.0,152.59288024902344
2017-03-17,153.25,150.89999389648438,152.4199981689453,152.39999389648438,1134600.0,151.5882110595703
2017-03-20,154.22999572753906,151.86000061035156,152.9499969482422,152.44000244140625,1051400.0,151.62802124023438
2017-03-21,152.8300018310547,150.63999938964844,152.5399932861328,151.22000122070312,1061900.0,150.41452026367188
2017-03-22,152.05999755859375,150.4600067138672,151.60000610351562,151.27000427246094,661400.0,150.5239715576172
2017-03-23,152.3800048828125,150.1199951171875,151.3000030517578,150.77999877929688,653100.0,150.036376953125
2017-03-24,151.0,149.35000610351562,150.77999877929688,149.72999572753906,615600.0,148.9915771484375
2017-03-27,148.77000427246094,146.17999267578125,148.5,147.8000030517578,769900.0,147.0710906982422
2017-03-28,148.8800048828125,146.36000061035156,147.19000244140625,148.36000061035156,1118600.0,147.62831115722656
2017-03-29,150.07000732421875,147.61000061035156,148.61000061035156,149.6699981689453,738800.0,148.93186950683594
2017-03-30,149.63999938964844,148.35000610351562,149.24000549316406,148.6699981689453,699600.0,147.9368133544922
2017-03-31,149.39999389648438,147.3800048828125,148.25999450683594,148.25999450683594,981800.0,147.52882385253906
2017-04-03,149.1999969482422,143.55999755859375,148.39999389648438,145.5,2029800.0,144.78245544433594
2017-04-04,145.22000122070312,142.6699981689453,144.92999267578125,143.0399932861328,1072000.0,142.3345489501953
2017-04-05,144.69000244140625,142.5399932861328,143.75999450683594,142.74000549316406,741500.0,142.0360565185547
2017-04-06,144.64999389648438,142.36000061035156,143.75,142.55999755859375,765100.0,141.85694885253906
2017-04-07,143.5399932861328,141.92999267578125,142.50999450683594,142.0500030517578,928100.0,141.3494415283203
2017-04-10,143.75999450683594,141.8699951171875,141.8800048828125,142.83999633789062,739400.0,142.1355438232422
2017-04-11,143.9199981689453,141.49000549316406,142.49000549316406,143.4600067138672,763700.0,142.7525177001953
2017-04-12,142.91000366210938,141.07000732421875,142.91000366210938,141.74000549316406,596100.0,141.0409698486328
2017-04-13,142.83999633789062,140.88999938964844,141.9199981689453,140.88999938964844,476100.0,140.19515991210938
2017-04-17,141.47999572753906,140.14999389648438,141.25999450683594,140.83999633789062,645900.0,140.14541625976562
2017-04-18,141.60000610351562,140.3300018310547,140.3300018310547,140.91000366210938,646400.0,140.215087890625
2017-04-19,144.77000427246094,141.52999877929688,141.52999877929688,142.4199981689453,1230100.0,141.71762084960938
2017-04-20,146.82000732421875,143.08999633789062,143.55999755859375,146.55999755859375,1278900.0,145.8372039794922
2017-04-21,147.02000427246094,145.02999877929688,146.47000122070312,146.83999633789062,1021600.0,146.11578369140625
2017-04-24,148.35000610351562,145.9199981689453,147.8800048828125,147.10000610351562,905200.0,146.3745574951172
2017-04-25,147.0,144.1999969482422,147.0,145.6699981689453,1030400.0,144.95156860351562
2017-04-26,146.91000366210938,145.39999389648438,146.2899932861328,145.77999877929688,1112900.0,145.06105041503906
2017-04-27,148.27999877929688,140.9600067138672,145.75,143.19000244140625,2079700.0,142.48382568359375
2017-04-28,142.97000122070312,140.1199951171875,142.97000122070312,142.13999938964844,1458400.0,141.4390106201172
2017-05-01,143.14999389648438,140.36000061035156,143.14999389648438,140.52999877929688,922500.0,139.83692932128906
2017-05-02,142.6699981689453,139.8699951171875,140.44000244140625,142.5500030517578,806400.0,141.84698486328125
2017-05-03,143.42999267578125,141.9600067138672,142.49000549316406,142.82000732421875,545300.0,142.1156463623047
2017-05-04,144.9499969482422,142.7100067138672,142.7100067138672,144.80999755859375,595900.0,144.09584045410156
2017-05-05,145.02000427246094,143.60000610351562,144.97999572753906,144.97999572753906,617500.0,144.2649688720703
2017-05-08,147.05999755859375,144.75999450683594,145.1699981689453,146.97000122070312,838200.0,146.2451934814453
2017-05-09,147.11000061035156,144.7899932861328,146.80999755859375,146.1199951171875,807800.0,145.3993682861328
2017-05-10,146.25999450683594,145.14999389648438,145.8300018310547,146.16000366210938,383800.0,145.43917846679688
2017-05-11,146.1699981689453,143.02999877929688,145.49000549316406,145.9499969482422,773000.0,145.23019409179688
2017-05-12,145.75999450683594,144.38999938964844,145.75999450683594,145.02000427246094,593200.0,144.30479431152344
2017-05-15,147.14999389648438,144.49000549316406,144.66000366210938,145.85000610351562,1097700.0,145.13070678710938
2017-05-16,146.64999389648438,142.11000061035156,146.64999389648438,145.25,2319800.0,144.53366088867188
2017-05-17,145.25,142.88999938964844,145.25,144.55999755859375,1205600.0,143.84707641601562
2017-05-18,149.16000366210938,144.52000427246094,144.72999572753906,148.50999450683594,1581100.0,147.77757263183594
2017-05-19,151.72000122070312,147.91000366210938,148.85000610351562,151.47000122070312,1617200.0,150.72299194335938
2017-05-22,151.35000610351562,147.1999969482422,150.89999389648438,147.3699951171875,1921500.0,146.64317321777344
2017-05-23,143.8300018310547,139.13999938964844,139.14999389648438,140.66000366210938,3897500.0,139.96629333496094
2017-05-24,135.89999389648438,131.3000030517578,131.64999389648438,133.02000427246094,5963900.0,132.36398315429688
2017-05-25,134.07000732421875,129.39999389648438,133.0,131.97000122070312,3933600.0,131.31915283203125
2017-05-26,135.6999969482422,131.44000244140625,131.83999633789062,134.16000366210938,2250300.0,133.4983673095703
2017-05-30,135.2100067138672,132.77000427246094,134.64999389648438,132.99000549316406,1543800.0,132.3341522216797
2017-05-31,135.39999389648438,131.6199951171875,134.13999938964844,133.6300048828125,2118500.0,132.97097778320312
2017-06-01,137.10000610351562,133.75,134.10000610351562,137.10000610351562,1313300.0,136.42388916015625
2017-06-02,138.22999572753906,136.1300048828125,136.97999572753906,137.8000030517578,1209200.0,137.12039184570312
2017-06-05,137.0,134.72999572753906,137.0,135.57000732421875,1406800.0,134.9014434814453
2017-06-06,134.99000549316406,129.9499969482422,134.99000549316406,131.3000030517578,2213000.0,130.65248107910156
2017-06-07,133.94000244140625,130.3699951171875,132.08999633789062,130.6199951171875,996300.0,129.97581481933594
2017-06-08,131.3800048828125,125.81999969482422,130.6199951171875,125.91999816894531,2226100.0,125.29899597167969
2017-06-09,128.6300048828125,123.48999786376953,125.94000244140625,128.36000061035156,1679200.0,127.7269515991211
2017-06-12,130.9499969482422,127.62999725341797,128.11000061035156,130.9499969482422,1466200.0,130.30419921875
2017-06-13,131.6699981689453,128.6300048828125,130.9499969482422,131.6300048828125,896100.0,130.9808349609375
2017-06-14,131.92999267578125,130.1300048828125,131.92999267578125,130.58999633789062,880900.0,129.9459686279297
2017-06-15,131.80999755859375,129.10000610351562,130.52999877929688,131.14999389648438,1220600.0,130.50318908691406
2017-06-16,130.9199981689453,127.63999938964844,130.47000122070312,130.16000366210938,1725200.0,129.5181121826172
2017-06-19,131.07000732421875,128.5800018310547,130.3000030517578,129.60000610351562,1069500.0,128.9608612060547
2017-06-20,128.35000610351562,123.56999969482422,128.27999877929688,123.58000183105469,2233700.0,122.97053527832031
2017-06-21,124.26000213623047,118.26000213623047,124.26000213623047,120.11000061035156,2492900.0,119.5757064819336
2017-06-22,122.5199966430664,119.83000183105469,120.20999908447266,120.69999694824219,2118400.0,120.1630859375
2017-06-23,121.43000030517578,118.75,120.75,119.73999786376953,2289600.0,119.20735168457031
2017-06-26,124.62000274658203,120.05999755859375,120.05999755859375,121.79000091552734,1544400.0,121.24823760986328
2017-06-27,123.30000305175781,121.29000091552734,121.38999938964844,121.95999908447266,1652600.0,121.41748809814453
2017-06-28,120.5999984741211,116.62999725341797,119.75,116.70999908447266,2106100.0,116.19084167480469
2017-06-29,118.25,115.62000274658203,116.25,116.05000305175781,2184100.0,115.53378295898438
2017-06-30,117.81999969482422,116.02999877929688,116.44999694824219,116.58999633789062,994900.0,116.07137298583984
2017-07-03,118.7300033569336,116.2699966430664,117.44999694824219,118.41000366210938,914800.0,117.88328552246094
2017-07-05,111.69999694824219,99.12999725341797,110.12999725341797,105.20999908447266,7348700.0,104.74198913574219
2017-07-06,105.83000183105469,102.25,104.4800033569336,103.16000366210938,2718300.0,102.70111846923828
2017-07-07,103.16999816894531,100.93000030517578,102.69999694824219,101.93000030517578,2118500.0,101.47657775878906
2017-07-10,102.38999938964844,99.5,101.94000244140625,101.16999816894531,1909300.0,100.71995544433594
2017-07-11,101.93000030517578,99.37000274658203,101.1500015258789,100.25,1432900.0,99.80404663085938
2017-07-12,102.43000030517578,100.5,101.02999877929688,100.94000244140625,1997100.0,100.4909896850586
2017-07-13,103.79000091552734,100.69000244140625,100.69000244140625,103.22000122070312,2222300.0,102.7608413696289
2017-07-14,103.68000030517578,101.62999725341797,103.66000366210938,102.04000091552734,1205400.0,101.58609008789062
2017-07-17,102.98999786376953,101.62000274658203,101.80999755859375,101.73999786376953,1646800.0,101.28742218017578
2017-07-18,102.0,99.9800033569336,101.77999877929688,100.30000305175781,2218300.0,99.85385131835938
2017-07-19,101.91000366210938,99.94999694824219,100.47000122070312,100.87000274658203,1413700.0,100.42131042480469
2017-07-20,104.13999938964844,99.80999755859375,100.69999694824219,103.2300033569336,1714500.0,102.77079010009766
2017-07-21,105.45999908447266,103.36000061035156,103.37000274658203,105.2699966430664,1216400.0,104.80171966552734
2017-07-24,105.19999694824219,103.12000274658203,105.11000061035156,103.16999816894531,1413700.0,102.7110595703125
2017-07-25,105.95999908447266,103.47000122070312,103.58999633789062,105.29000091552734,1249100.0,104.8216323852539
2017-07-26,107.4800033569336,105.18000030517578,105.7300033569336,106.69999694824219,1700200.0,106.22535705566406
2017-07-27,110.54000091552734,107.23999786376953,108.05000305175781,110.33999633789062,2247300.0,109.84916687011719
2017-07-28,111.19000244140625,109.25,109.9000015258789,110.20999908447266,1033100.0,109.71974182128906
2017-07-31,112.9000015258789,110.55000305175781,111.61000061035156,112.01000213623047,1977700.0,111.51174926757812
2017-08-01,114.0999984741211,110.81999969482422,112.0,114.05000305175781,1513100.0,113.54267883300781
2017-08-02,114.87999725341797,113.45999908447266,113.68000030517578,114.4800033569336,1775200.0,113.97076416015625
2017-08-03,115.4000015258789,110.44999694824219,114.2699966430664,110.52999877929688,1812700.0,110.0383071899414
2017-08-04,111.8499984741211,110.30000305175781,111.12999725341797,111.01000213623047,944000.0,110.51619720458984
2017-08-07,111.16999816894531,108.19999694824219,110.86000061035156,109.48999786376953,1435300.0,109.00294494628906
2017-08-08,110.80999755859375,108.29000091552734,109.51000213623047,109.38999938964844,863600.0,108.90338897705078
2017-08-09,110.27999877929688,108.41000366210938,109.23999786376953,109.18000030517578,938000.0,108.6943359375
2017-08-10,108.81999969482422,105.25,108.44000244140625,106.12999725341797,1844500.0,105.65789031982422
2017-08-11,107.47000122070312,105.23999786376953,106.08999633789062,107.33999633789062,1902800.0,106.86251068115234
2017-08-14,109.80999755859375,106.33000183105469,107.87999725341797,109.31999969482422,2130200.0,108.8337173461914
2017-08-15,93.0,82.20999908447266,91.98999786376953,87.08000183105469,19749500.0,86.69263458251953
2017-08-16,92.8499984741211,86.55000305175781,86.55999755859375,91.51000213623047,6530800.0,91.10294342041016
2017-08-17,95.48999786376953,90.18000030517578,90.75,92.8499984741211,4675100.0,92.43695831298828
2017-08-18,95.0,92.12999725341797,92.83999633789062,93.26000213623047,3073800.0,92.84515380859375
2017-08-21,95.94999694824219,93.5199966430664,93.93000030517578,95.19000244140625,1968900.0,94.76656341552734
2017-08-22,96.75,95.06999969482422,95.2300033569336,95.80000305175781,2075200.0,95.37384796142578
2017-08-23,95.95999908447266,93.0999984741211,95.29000091552734,93.54000091552734,1775600.0,93.1239013671875
2017-08-24,95.25,92.36000061035156,94.18000030517578,93.0999984741211,1407800.0,92.68585968017578
2017-08-25,97.83999633789062,93.0,93.48999786376953,95.80000305175781,1633200.0,95.37384796142578
2017-08-28,96.30999755859375,93.94999694824219,95.94000244140625,94.66000366210938,1108300.0,94.23892211914062
2017-08-29,95.30999755859375,93.0999984741211,93.9000015258789,95.12000274658203,1749400.0,94.69686889648438
2017-08-30,98.08000183105469,95.12000274658203,95.12000274658203,96.80999755859375,1441200.0,96.37934112548828
2017-08-31,98.61000061035156,96.83999633789062,97.29000091552734,97.9000015258789,1913400.0,97.46450805664062
2017-09-01,99.43000030517578,97.6500015258789,98.30999755859375,98.05999755859375,1095600.0,97.62379455566406
2017-09-05,98.91999816894531,96.27999877929688,97.70999908447266,96.7300033569336,1191700.0,96.2997055053711
2017-09-06,97.69999694824219,95.0199966430664,96.91999816894531,95.61000061035156,1893200.0,95.1846923828125
2017-09-07,96.33000183105469,92.7699966430664,96.0,93.52999877929688,2863200.0,93.11394500732422
2017-09-08,95.02999877929688,92.4800033569336,93.58999633789062,94.02999877929688,1823800.0,93.6117172241211
2017-09-11,95.0199966430664,93.37000274658203,94.0,94.4000015258789,1249900.0,93.9800796508789
2017-09-12,97.94999694824219,91.45999908447266,92.30999755859375,97.26000213623047,2286800.0,96.82736206054688
2017-09-13,100.31999969482422,97.06999969482422,97.06999969482422,100.0999984741211,2080200.0,99.65471649169922
2017-09-14,100.08999633789062,99.0,100.08999633789062,100.0199966430664,1322700.0,99.57506561279297
2017-09-15,99.7699966430664,98.26000213623047,99.7699966430664,99.51000213623047,2586900.0,99.06735229492188
2017-09-18,100.29000091552734,98.48999786376953,99.66000366210938,98.58000183105469,2072100.0,98.14148712158203
2017-09-19,100.70999908447266,94.23999786376953,99.0,94.8499984741211,3099100.0,94.42807006835938
2017-09-20,96.0999984741211,93.66999816894531,94.5,94.75,1454400.0,94.32852172851562
2017-09-21,94.97000122070312,93.19000244140625,94.75,93.68000030517578,1597300.0,93.32237243652344
2017-09-22,95.91000366210938,93.68000030517578,93.9000015258789,95.58999633789062,1784100.0,95.2250747680664
2017-09-25,98.55000305175781,95.38999938964844,95.83000183105469,97.94000244140625,2681300.0,97.56611633300781
2017-09-26,98.43000030517578,96.9000015258789,97.98999786376953,97.58999633789062,1175500.0,97.21743774414062
2017-09-27,99.44999694824219,97.41000366210938,98.19999694824219,99.33000183105469,1254000.0,98.95082092285156
2017-09-28,99.91999816894531,98.91000366210938,99.26000213623047,99.5,1132800.0,99.12014770507812
2017-09-29,99.98999786376953,98.23999786376953,99.69999694824219,99.19999694824219,1878200.0,98.82128143310547
2017-10-02,99.73999786376953,98.38999938964844,99.58000183105469,99.36000061035156,1517300.0,98.98066711425781
2017-10-03,100.0999984741211,98.23999786376953,99.45999908447266,98.9800033569336,935000.0,98.6021499633789
2017-10-04,98.41000366210938,94.4800033569336,95.04000091552734,94.93000030517578,2780300.0,94.5676040649414
2017-10-05,95.8499984741211,93.5999984741211,94.7699966430664,94.33000183105469,2050800.0,93.96990203857422
2017-10-06,95.66999816894531,93.69000244140625,94.13999938964844,94.29000091552734,1316800.0,93.9300537109375
2017-10-09,94.47000122070312,90.98999786376953,94.2300033569336,91.12000274658203,1951300.0,90.77214813232422
2017-10-10,92.37999725341797,91.0199966430664,91.22000122070312,91.83999633789062,1260600.0,91.4894027709961
2017-10-11,92.16000366210938,89.18000030517578,91.69999694824219,89.4000015258789,1527600.0,89.0587158203125
2017-10-12,89.5,86.48999786376953,89.37999725341797,86.55999755859375,2514600.0,86.22955322265625
2017-10-13,86.87000274658203,85.4000015258789,86.76000213623047,85.51000213623047,1969500.0,85.1835708618164
2017-10-16,86.05000305175781,84.76000213623047,85.69999694824219,86.01000213623047,2448000.0,85.6816635131836
2017-10-17,88.97000122070312,86.19999694824219,86.37999725341797,88.08999633789062,2099400.0,87.75370788574219
2017-10-18,88.87999725341797,87.44000244140625,87.83000183105469,87.80999755859375,2345200.0,87.47476959228516
2017-10-19,87.95999908447266,85.33999633789062,86.23999786376953,86.91999816894531,2400900.0,86.58816528320312
2017-10-20,87.72000122070312,85.93000030517578,87.36000061035156,86.77999877929688,1156800.0,86.4487075805664
2017-10-23,87.44000244140625,85.58000183105469,86.55000305175781,85.91000366210938,1344900.0,85.58204650878906
2017-10-24,85.93000030517578,83.5,85.7300033569336,84.25,1789500.0,83.92837524414062
2017-10-25,84.05999755859375,81.81999969482422,83.70999908447266,83.30999755859375,2052700.0,82.9919662475586
2017-10-26,87.63999938964844,81.30999755859375,82.88999938964844,85.6500015258789,3229400.0,85.32302856445312
2017-10-27,85.6500015258789,81.80999755859375,85.13999938964844,81.93000030517578,2927800.0,81.61723327636719
2017-10-30,82.12999725341797,81.12999725341797,81.93000030517578,82.0,2309800.0,81.68695831298828
2017-10-31,83.1500015258789,81.68000030517578,82.16999816894531,81.73999786376953,1081500.0,81.4279556274414
2017-11-01,82.73999786376953,80.68000030517578,82.33000183105469,80.75,1157000.0,80.44172668457031
2017-11-02,82.91000366210938,80.20999908447266,81.0199966430664,81.69000244140625,1669100.0,81.37814331054688
2017-11-03,82.37999725341797,80.2699966430664,81.38999938964844,81.80000305175781,1108600.0,81.48774719238281
2017-11-06,81.80999755859375,80.30999755859375,81.52999877929688,80.70999908447266,1173500.0,80.40188598632812
2017-11-07,80.83000183105469,78.9000015258789,80.66000366210938,79.37999725341797,1261600.0,79.07696533203125
2017-11-08,80.62000274658203,78.80999755859375,79.19999694824219,79.41000366210938,3233400.0,79.10684967041016
2017-11-09,81.08999633789062,79.13999938964844,79.55999755859375,80.44999694824219,1898500.0,80.14287567138672
2017-11-10,81.98999786376953,80.0,80.16000366210938,81.22000122070312,1942400.0,80.90992736816406
2017-11-13,82.81999969482422,80.45999908447266,80.72000122070312,82.27999877929688,3894500.0,81.96588134765625
2017-11-14,102.88999938964844,94.75,94.87999725341797,95.72000122070312,10153800.0,95.35458374023438
2017-11-15,95.48999786376953,91.37000274658203,93.93000030517578,91.58000183105469,3074000.0,91.23038482666016
2017-11-16,92.7699966430664,89.23999786376953,92.0,90.5,2289000.0,90.15451049804688
2017-11-17,91.44000244140625,89.12999725341797,91.0199966430664,89.2699966430664,1549200.0,88.92920684814453
2017-11-20,91.68000030517578,88.23999786376953,89.20999908447266,91.43000030517578,1498100.0,91.08097839355469
2017-11-21,90.94999694824219,88.9000015258789,90.94000244140625,88.93000030517578,1610700.0,88.59049224853516
2017-11-22,90.30999755859375,88.81999969482422,89.19999694824219,89.62000274658203,907700.0,89.27787017822266
2017-11-24,89.9000015258789,88.95999908447266,89.63999938964844,89.2300033569336,523500.0,88.88936614990234
2017-11-27,90.77999877929688,89.04000091552734,89.61000061035156,89.87000274658203,858800.0,89.52692413330078
2017-11-28,92.91000366210938,89.62999725341797,89.88999938964844,92.83999633789062,1145400.0,92.48558044433594
2017-11-29,100.37000274658203,93.41000366210938,93.95999908447266,99.94999694824219,3895200.0,99.56842803955078
2017-11-30,101.6500015258789,98.66999816894531,99.58000183105469,101.0,2353900.0,100.61444854736328
2017-12-01,100.97000122070312,97.88999938964844,100.73999786376953,99.27999877929688,2252900.0,98.90098571777344
2017-12-04,105.19999694824219,100.76000213623047,100.94000244140625,104.0199966430664,2225100.0,103.6229019165039
2017-12-05,107.79000091552734,100.0199966430664,107.0999984741211,101.1500015258789,2462400.0,100.76386260986328
2017-12-06,101.41999816894531,97.47000122070312,100.87000274658203,97.5,1285800.0,97.12779235839844
2017-12-07,98.37000274658203,96.56999969482422,97.75,97.61000061035156,1171700.0,97.23737335205078
2017-12-08,100.62000274658203,97.37999725341797,98.20999908447266,100.30999755859375,925600.0,99.92707061767578
2017-12-11,101.66999816894531,99.11000061035156,100.1500015258789,100.8499984741211,1490300.0,100.46499633789062
2017-12-12,105.55999755859375,101.70999908447266,101.70999908447266,103.02999877929688,2442400.0,102.63668060302734
2017-12-13,103.72000122070312,101.86000061035156,103.62999725341797,102.5,1093100.0,102.10870361328125
2017-12-14,103.9000015258789,99.7699966430664,103.2300033569336,100.19999694824219,1111400.0,99.81747436523438
2017-12-15,101.72000122070312,100.16999816894531,100.83999633789062,100.69999694824219,1617000.0,100.3155746459961
2017-12-18,103.0999984741211,100.6500015258789,101.33999633789062,102.70999908447266,844800.0,102.3178939819336
2017-12-19,102.86000061035156,99.38999938964844,102.44999694824219,99.7300033569336,1333500.0,99.34927368164062
2017-12-20,100.91000366210938,98.02999877929688,100.02999877929688,98.58999633789062,1081700.0,98.21363067626953
2017-12-21,100.5199966430664,98.19999694824219,98.51000213623047,100.12999725341797,1090000.0,99.80848693847656
2017-12-22,100.83000183105469,99.70999908447266,100.63999938964844,100.55000305175781,1257600.0,100.22714233398438
2017-12-26,102.75,100.6500015258789,100.80000305175781,101.95999908447266,565100.0,101.63260650634766
2017-12-27,101.72000122070312,99.4000015258789,101.72000122070312,99.7699966430664,988500.0,99.44964599609375
2017-12-28,99.91000366210938,98.16999816894531,99.86000061035156,99.70999908447266,604600.0,99.38983154296875
2017-12-29,100.98999786376953,99.5,99.8499984741211,99.69000244140625,969200.0,99.36990356445312
2018-01-02,107.93000030517578,99.70999908447266,100.9000015258789,106.08999633789062,2624500.0,105.74935913085938
2018-01-03,107.66000366210938,105.30000305175781,106.41999816894531,107.05000305175781,2086800.0,106.70626831054688
2018-01-04,111.52999877929688,107.4800033569336,107.75,111.0,2104500.0,110.64358520507812
2018-01-05,113.1500015258789,110.30000305175781,111.95999908447266,112.18000030517578,1996700.0,111.81979370117188
2018-01-08,112.29000091552734,110.63999938964844,112.05000305175781,111.38999938964844,1257100.0,111.0323257446289
2018-01-09,111.69000244140625,109.80999755859375,111.69000244140625,110.48999786376953,1091400.0,110.13521575927734
2018-01-10,112.0,109.79000091552734,110.2699966430664,110.58999633789062,711200.0,110.2348861694336
2018-01-11,113.41999816894531,108.9000015258789,110.69999694824219,112.94999694824219,1015900.0,112.58732604980469
2018-01-12,116.05000305175781,113.0199966430664,114.37999725341797,115.94000244140625,1579100.0,115.5677261352539
2018-01-16,116.83999633789062,112.86000061035156,116.76000213623047,113.9000015258789,1498100.0,113.53427124023438
2018-01-17,116.23999786376953,112.9800033569336,114.73999786376953,115.3499984741211,1354200.0,114.9796142578125
2018-01-18,115.86000061035156,113.66000366210938,115.66999816894531,115.52999877929688,920900.0,115.15904235839844
2018-01-19,117.51000213623047,115.20999908447266,116.23999786376953,117.0199966430664,1169900.0,116.64425659179688
2018-01-22,118.19000244140625,115.9000015258789,116.87999725341797,118.02999877929688,1612100.0,117.65101623535156
2018-01-23,119.13999938964844,116.5999984741211,117.73999786376953,119.0999984741211,1277000.0,118.71758270263672
2018-01-24,121.23999786376953,118.26000213623047,119.26000213623047,120.98999786376953,1198600.0,120.60150909423828
2018-01-25,121.33999633789062,119.62999725341797,121.12000274658203,120.91999816894531,1250700.0,120.53173828125
2018-01-26,123.9000015258789,121.66000366210938,123.33999633789062,123.63999938964844,1488400.0,123.24300384521484
2018-01-29,123.62999725341797,122.72000122070312,123.5199966430664,122.88999938964844,1403700.0,122.49540710449219
2018-01-30,122.69999694824219,117.58000183105469,121.56999969482422,119.2699966430664,1889700.0,118.88701629638672
2018-01-31,120.47000122070312,115.83000183105469,119.86000061035156,116.98999786376953,1235700.0,116.6143569946289
2018-02-01,118.83000183105469,115.83000183105469,116.23999786376953,117.29000091552734,760600.0,116.91338348388672
2018-02-02,117.18000030517578,113.12999725341797,115.91999816894531,113.93000030517578,1092300.0,113.5641860961914
2018-02-05,114.97000122070312,109.80999755859375,113.05000305175781,109.86000061035156,1281600.0,109.50724792480469
2018-02-06,113.11000061035156,106.75,108.27999877929688,112.19999694824219,1240100.0,111.8397216796875
2018-02-07,114.58000183105469,109.9000015258789,112.08999633789062,109.93000030517578,2163500.0,109.57703399658203
2018-02-08,115.3499984741211,109.30000305175781,109.93000030517578,109.62999725341797,1549900.0,109.27798461914062
2018-02-09,110.44999694824219,103.33999633789062,110.38999938964844,109.13999938964844,1577900.0,108.78955841064453
2018-02-12,110.80000305175781,108.05000305175781,109.80000305175781,109.4800033569336,1181400.0,109.12847900390625
2018-02-13,109.98999786376953,105.95999908447266,109.16999816894531,106.22000122070312,1392100.0,105.87893676757812
2018-02-14,110.0,105.26000213623047,105.5,109.0199966430664,1106700.0,108.66993713378906
2018-02-15,110.27999877929688,107.56999969482422,109.2300033569336,108.77999877929688,818400.0,108.43070983886719
2018-02-16,109.33999633789062,105.77999877929688,108.72000122070312,107.56999969482422,946700.0,107.22459411621094
2018-02-20,108.37999725341797,103.72000122070312,107.4000015258789,105.3499984741211,2369200.0,105.01171875
2018-02-21,119.30000305175781,113.2300033569336,116.95999908447266,114.0,5545200.0,113.63394927978516
2018-02-22,115.5,110.19999694824219,115.0999984741211,110.48999786376953,1465800.0,110.13521575927734
2018-02-23,117.06999969482422,111.08000183105469,111.1500015258789,116.31999969482422,1504200.0,115.94650268554688
2018-02-26,117.73999786376953,112.08000183105469,116.5,114.8499984741211,1409600.0,114.48123168945312
2018-02-27,113.91000366210938,108.9000015258789,113.26000213623047,109.80000305175781,2161000.0,109.44744873046875
2018-02-28,116.11000061035156,109.68000030517578,110.70999908447266,114.25,1901700.0,113.88314819335938
2018-03-01,117.88999938964844,113.43000030517578,114.23999786376953,117.51000213623047,2062100.0,117.13268280029297
2018-03-02,116.79000091552734,113.12000274658203,116.66999816894531,116.06999969482422,1462100.0,115.69731140136719
2018-03-05,117.55000305175781,115.12000274658203,115.44999694824219,116.36000061035156,1088500.0,115.98637390136719
2018-03-06,119.04000091552734,115.12999725341797,116.54000091552734,118.58999633789062,1003700.0,118.20921325683594
2018-03-07,118.30999755859375,115.80000305175781,117.43000030517578,116.7699966430664,708600.0,116.39506530761719
2018-03-08,117.33000183105469,114.54000091552734,117.33000183105469,115.75,672200.0,115.37834167480469
2018-03-09,118.94000244140625,114.4000015258789,116.44000244140625,118.86000061035156,1088300.0,118.47834777832031
2018-03-12,119.25,117.20999908447266,118.55999755859375,118.41000366210938,802800.0,118.02980041503906
2018-03-13,120.0999984741211,117.26000213623047,118.75,119.0,942500.0,118.6178970336914
2018-03-14,119.87999725341797,116.55000305175781,119.16000366210938,117.05999755859375,681800.0,116.68412780761719
2018-03-15,118.33000183105469,115.47000122070312,117.54000091552734,117.0999984741211,672600.0,116.7239990234375
2018-03-16,117.80999755859375,115.76000213623047,116.93000030517578,116.62999725341797,1354400.0,116.2555160522461
2018-03-19,117.55999755859375,114.69999694824219,116.79000091552734,115.87000274658203,813000.0,115.49796295166016
2018-03-20,116.69000244140625,113.73999786376953,116.38999938964844,114.25,636000.0,113.88314819335938
2018-03-21,116.29000091552734,114.23999786376953,114.66000366210938,115.23999786376953,689600.0,114.86997985839844
2018-03-22,115.13999938964844,111.62999725341797,114.0199966430664,111.70999908447266,1042400.0,111.40931701660156
2018-03-23,113.26000213623047,110.33999633789062,112.41000366210938,110.83999633789062,1085900.0,110.5416488647461
2018-03-26,115.06999969482422,111.87999725341797,112.48999786376953,114.7699966430664,1008800.0,114.46107482910156
2018-03-27,117.44999694824219,113.29000091552734,114.58000183105469,115.01000213623047,1402700.0,114.70043182373047
2018-03-28,119.41999816894531,114.08000183105469,115.27999877929688,115.9800033569336,1047500.0,115.6678237915039
2018-03-29,119.22000122070312,115.4000015258789,116.33999633789062,118.55000305175781,780800.0,118.23091125488281
2018-04-02,119.18000030517578,110.51000213623047,118.61000061035156,111.93000030517578,1581300.0,111.62872314453125
2018-04-03,113.87999725341797,108.94999694824219,112.5,111.91000366210938,1504200.0,111.60877990722656
2018-04-04,114.9800033569336,109.81999969482422,110.08999633789062,114.4800033569336,851900.0,114.17185974121094
2018-04-05,116.83000183105469,113.5199966430664,115.45999908447266,116.38999938964844,873500.0,116.07672119140625
2018-04-06,116.37000274658203,110.7699966430664,115.62999725341797,111.91000366210938,1291200.0,111.60877990722656
2018-04-09,114.88999938964844,110.19000244140625,112.94000244140625,110.3499984741211,829500.0,110.052978515625
2018-04-10,112.68000030517578,109.52999877929688,111.13999938964844,112.13999938964844,926800.0,111.8381576538086
2018-04-11,112.31999969482422,110.1500015258789,111.16000366210938,110.93000030517578,577600.0,110.63140869140625
2018-04-12,112.58999633789062,110.36000061035156,111.45999908447266,110.56999969482422,850700.0,110.27236938476562
2018-04-13,112.4000015258789,105.38999938964844,111.13999938964844,106.61000061035156,1530400.0,106.32303619384766
2018-04-16,108.02999877929688,105.0199966430664,106.93000030517578,106.44999694824219,971500.0,106.16346740722656
2018-04-17,109.93000030517578,106.77999877929688,108.75,108.19999694824219,1254300.0,107.90875244140625
2018-04-18,109.72000122070312,106.55000305175781,108.8499984741211,107.38999938964844,1303600.0,107.1009521484375
2018-04-19,108.20999908447266,103.48999786376953,107.55000305175781,105.18000030517578,1516400.0,104.89688873291016
2018-04-20,106.44999694824219,102.9000015258789,105.27999877929688,103.76000213623047,1064500.0,103.480712890625
2018-04-23,105.5999984741211,102.1500015258789,103.26000213623047,105.5199966430664,1029500.0,105.23597717285156
2018-04-24,107.83000183105469,105.19999694824219,105.76000213623047,106.93000030517578,1162900.0,106.64218139648438
2018-04-25,109.30999755859375,106.44000244140625,106.81999969482422,107.81999969482422,1031300.0,107.52979278564453
2018-04-26,115.12000274658203,110.08000183105469,112.0199966430664,113.18000030517578,1672500.0,112.87535858154297
2018-04-27,116.61000061035156,112.6500015258789,113.1500015258789,116.33999633789062,1158600.0,116.02684783935547
2018-04-30,116.68000030517578,113.86000061035156,116.45999908447266,114.44999694824219,1057400.0,114.14192962646484
2018-05-01,115.69999694824219,113.08999633789062,113.86000061035156,115.58000183105469,806900.0,115.26889038085938
2018-05-02,117.08999633789062,113.80000305175781,115.51000213623047,115.9000015258789,1113000.0,115.58802795410156
2018-05-03,116.61000061035156,114.54000091552734,115.58000183105469,115.43000030517578,711400.0,115.11930084228516
2018-05-04,117.7300033569336,113.83999633789062,115.0,116.66999816894531,860800.0,116.35597229003906
2018-05-07,117.5,115.08999633789062,116.98999786376953,116.13999938964844,672500.0,115.82738494873047
2018-05-08,118.97000122070312,116.30999755859375,118.80999755859375,116.80000305175781,1084900.0,116.48561096191406
2018-05-09,118.13999938964844,111.86000061035156,116.87000274658203,117.98999786376953,1476400.0,117.67240905761719
2018-05-10,118.58999633789062,116.77999877929688,118.25,118.2300033569336,594200.0,117.91175842285156
2018-05-11,122.30000305175781,117.58999633789062,118.30999755859375,119.94000244140625,1354700.0,119.61715698242188
2018-05-14,121.9000015258789,119.26000213623047,119.87999725341797,121.61000061035156,939200.0,121.28266906738281
2018-05-15,121.44000244140625,118.77999877929688,121.29000091552734,119.91999816894531,878100.0,119.59720611572266
2018-05-16,121.5,118.66000366210938,120.63999938964844,119.02999877929688,855200.0,118.70960235595703
2018-05-17,120.58000183105469,118.08000183105469,119.13999938964844,119.79000091552734,1054900.0,119.46757507324219
2018-05-18,119.86000061035156,118.20999908447266,119.37000274658203,118.31999969482422,1087000.0,118.00152587890625
2018-05-21,119.63999938964844,116.37999725341797,118.4000015258789,119.1500015258789,1482900.0,118.82928466796875
2018-05-22,125.88999938964844,113.61000061035156,123.55000305175781,115.33000183105469,3940200.0,115.01957702636719
2018-05-23,123.62999725341797,115.62999725341797,115.81999969482422,123.25,1964800.0,122.91825103759766
2018-05-24,126.0,120.95999908447266,123.31999969482422,125.16999816894531,1270200.0,124.83309173583984
2018-05-25,126.23999786376953,124.41000366210938,124.69000244140625,124.91000366210938,1173100.0,124.57378387451172
2018-05-29,124.98999786376953,123.05999755859375,124.36000061035156,123.95999908447266,1163300.0,123.62633514404297
2018-05-30,128.66000366210938,123.5199966430664,124.0,128.52999877929688,1223900.0,128.1840362548828
2018-05-31,129.41000366210938,126.0,128.33999633789062,128.6199951171875,1535200.0,128.2738037109375
2018-06-01,129.6699981689453,127.26000213623047,128.83999633789062,128.33999633789062,993000.0,127.99455261230469
2018-06-04,131.97999572753906,128.99000549316406,129.0,129.91000366210938,1008600.0,129.56031799316406
2018-06-05,130.86000061035156,129.24000549316406,129.77000427246094,129.9499969482422,881200.0,129.6002197265625
2018-06-06,131.49000549316406,129.47000122070312,130.11000061035156,130.58999633789062,1173200.0,130.23849487304688
2018-06-07,131.97999572753906,129.66000366210938,131.0,130.0500030517578,1506100.0,129.69993591308594
2018-06-08,132.6699981689453,128.50999450683594,129.91000366210938,131.7100067138672,863800.0,131.35548400878906
2018-06-11,133.17999267578125,131.33999633789062,132.24000549316406,132.72999572753906,875600.0,132.3727264404297
2018-06-12,134.75,132.8300018310547,133.64999389648438,133.63999938964844,887700.0,133.2802734375
2018-06-13,133.5800018310547,131.49000549316406,133.3699951171875,132.67999267578125,771100.0,132.32286071777344
2018-06-14,133.99000549316406,132.57000732421875,133.27000427246094,133.5,816200.0,133.14065551757812
2018-06-15,137.3300018310547,133.02000427246094,133.49000549316406,137.16000366210938,1652900.0,136.7908172607422
2018-06-18,138.3800048828125,135.8300018310547,136.13999938964844,138.24000549316406,1226100.0,137.86790466308594
2018-06-19,139.1699981689453,136.39999389648438,136.89999389648438,138.3000030517578,986100.0,137.927734375
2018-06-20,140.22000122070312,137.47000122070312,139.1999969482422,139.16000366210938,849600.0,138.78541564941406
2018-06-21,140.10000610351562,137.7899932861328,139.10000610351562,139.5,783800.0,139.1845245361328
2018-06-22,143.4199981689453,137.80999755859375,143.4199981689453,138.85000610351562,1377800.0,138.53599548339844
2018-06-25,137.99000549316406,135.2100067138672,137.94000244140625,137.27000427246094,915900.0,136.95956420898438
2018-06-26,139.1699981689453,136.4600067138672,137.52000427246094,137.07000732421875,745600.0,136.760009765625
2018-06-27,137.69000244140625,134.00999450683594,137.1199951171875,134.3800048828125,1124400.0,134.07611083984375
2018-06-28,136.17999267578125,133.32000732421875,134.1999969482422,135.11000061035156,1039800.0,134.804443359375
2018-06-29,137.8699951171875,135.27000427246094,135.80999755859375,135.6999969482422,725300.0,135.3931121826172
2018-07-02,135.16000366210938,133.4199981689453,135.0,134.6999969482422,662500.0,134.3953857421875
2018-07-03,136.63999938964844,134.39999389648438,136.14999389648438,135.00999450683594,339600.0,134.70468139648438
2018-07-05,135.89999389648438,134.0,135.44000244140625,135.86000061035156,957000.0,135.55274963378906
2018-07-06,138.0,136.02000427246094,137.22000122070312,137.1699981689453,889500.0,136.85980224609375
2018-07-09,141.5800018310547,137.47000122070312,137.58999633789062,140.9499969482422,950800.0,140.63124084472656
2018-07-10,141.91000366210938,139.39999389648438,140.94000244140625,140.64999389648438,963300.0,140.3319091796875
2018-07-11,139.82000732421875,136.3699951171875,139.82000732421875,139.0800018310547,710200.0,138.76547241210938
2018-07-12,140.88999938964844,138.19000244140625,140.3699951171875,138.7899932861328,441200.0,138.47613525390625
2018-07-13,141.6999969482422,138.9199981689453,139.3000030517578,139.33999633789062,835000.0,139.02488708496094
2018-07-16,140.5399932861328,139.02000427246094,139.6699981689453,139.6699981689453,505100.0,139.35415649414062
2018-07-17,141.2899932861328,139.14999389648438,139.14999389648438,140.27999877929688,809100.0,139.96273803710938
2018-07-18,140.83999633789062,139.08999633789062,140.19000244140625,139.97000122070312,685800.0,139.65345764160156
2018-07-19,143.6999969482422,139.44000244140625,139.85000610351562,143.3699951171875,1123700.0,143.0457763671875
2018-07-20,143.44000244140625,141.72999572753906,142.85000610351562,142.6699981689453,585700.0,142.34735107421875
2018-07-23,145.1999969482422,142.13999938964844,142.13999938964844,144.66000366210938,686100.0,144.33287048339844
2018-07-24,145.14999389648438,139.44000244140625,145.10000610351562,139.99000549316406,800400.0,139.67343139648438
2018-07-25,140.64999389648438,138.6699981689453,139.39999389648438,140.47000122070312,794700.0,140.15235900878906
2018-07-26,143.80999755859375,140.32000732421875,141.0,141.77999877929688,775700.0,141.45936584472656
2018-07-27,143.1300048828125,139.42999267578125,142.41000366210938,139.85000610351562,370300.0,139.5337371826172
2018-07-30,141.39999389648438,139.58999633789062,139.85000610351562,140.67999267578125,428100.0,140.36184692382812
2018-07-31,141.97999572753906,139.8000030517578,140.8699951171875,141.22999572753906,463100.0,140.91061401367188
2018-08-01,141.44000244140625,139.66000366210938,140.52000427246094,139.75,540200.0,139.43397521972656
2018-08-02,143.69000244140625,139.39999389648438,139.39999389648438,143.25999450683594,654000.0,142.93600463867188
2018-08-03,145.66000366210938,143.02999877929688,144.25,144.67999267578125,535000.0,144.35281372070312
2018-08-06,145.8300018310547,143.49000549316406,145.52000427246094,145.10000610351562,679500.0,144.77186584472656
2018-08-07,146.30999755859375,144.3300018310547,145.38999938964844,145.16000366210938,940300.0,144.83172607421875
2018-08-08,146.75999450683594,145.10000610351562,145.32000732421875,146.41000366210938,530900.0,146.0789031982422
2018-08-09,148.6999969482422,146.4600067138672,146.9199981689453,147.7899932861328,763400.0,147.45578002929688
2018-08-10,147.91000366210938,145.1199951171875,146.83999633789062,146.35000610351562,1006400.0,146.01902770996094
2018-08-13,147.83999633789062,144.5,147.0,144.83999633789062,1407000.0,144.512451171875
2018-08-14,159.5,152.32000732421875,153.33999633789062,156.1300048828125,4487600.0,155.77691650390625
2018-08-15,158.74000549316406,155.6300048828125,157.97999572753906,158.02999877929688,1503100.0,157.67263793945312
2018-08-16,160.6300048828125,158.5,158.5,159.49000549316406,1415900.0,159.1293182373047
2018-08-17,160.16000366210938,159.00999450683594,159.64999389648438,159.72000122070312,965900.0,159.35879516601562
2018-08-20,161.25,160.0,160.44000244140625,160.83999633789062,999200.0,160.4762725830078
2018-08-21,161.7100067138672,159.35000610351562,161.22000122070312,160.14999389648438,1193800.0,159.78781127929688
2018-08-22,161.97000122070312,160.3000030517578,160.5399932861328,160.72999572753906,804200.0,160.36651611328125
2018-08-23,163.36000061035156,160.9499969482422,161.25999450683594,163.25999450683594,891300.0,162.8907928466797
2018-08-24,165.07000732421875,162.57000732421875,163.14999389648438,164.36000061035156,729300.0,163.98831176757812
2018-08-27,164.99000549316406,161.83999633789062,164.8699951171875,161.97999572753906,1064200.0,161.61366271972656
2018-08-28,162.91000366210938,160.0,162.2100067138672,162.10000610351562,1096700.0,161.73341369628906
2018-08-29,164.22999572753906,161.1300048828125,162.33999633789062,163.55999755859375,765000.0,163.1901092529297
2018-08-30,163.63999938964844,161.16000366210938,163.4199981689453,161.8000030517578,916300.0,161.43409729003906
2018-08-31,164.33999633789062,161.47000122070312,161.47000122070312,164.02999877929688,960700.0,163.65904235839844
2018-09-04,169.58999633789062,164.1999969482422,164.50999450683594,169.47999572753906,1371600.0,169.09671020507812
2018-09-05,170.91000366210938,166.80999755859375,169.41000366210938,167.0,1018200.0,166.62234497070312
2018-09-06,169.38999938964844,166.77000427246094,167.97000122070312,167.22000122070312,775600.0,166.8418426513672
2018-09-07,169.22000122070312,167.08999633789062,167.22999572753906,167.27999877929688,763200.0,166.90170288085938
2018-09-10,169.08999633789062,166.13999938964844,168.47000122070312,166.92999267578125,910200.0,166.55247497558594
2018-09-11,168.4199981689453,166.64999389648438,166.92999267578125,167.24000549316406,738500.0,166.86180114746094
2018-09-12,168.69000244140625,166.2899932861328,167.13999938964844,167.10000610351562,1119600.0,166.72210693359375
2018-09-13,167.99000549316406,165.27999877929688,167.10000610351562,166.72999572753906,835800.0,166.35293579101562
2018-09-14,167.9199981689453,165.19000244140625,166.9499969482422,165.4499969482422,995800.0,165.07583618164062
2018-09-17,169.75999450683594,163.2100067138672,167.50999450683594,163.5,1093400.0,163.13026428222656
2018-09-18,167.8000030517578,159.0,159.75,167.64999389648438,1272400.0,167.27085876464844
2018-09-19,169.99000549316406,167.33999633789062,167.9199981689453,169.60000610351562,1110400.0,169.21646118164062
2018-09-20,170.75,167.00999450683594,170.13999938964844,169.5500030517578,879900.0,169.2264404296875
2018-09-21,171.3300018310547,168.1999969482422,170.82000732421875,168.44000244140625,1605300.0,168.11856079101562
2018-09-24,168.5,167.00999450683594,167.6999969482422,167.64999389648438,894900.0,167.3300323486328
2018-09-25,168.42999267578125,165.74000549316406,168.0,167.32000732421875,691800.0,167.00070190429688
2018-09-26,170.6699981689453,166.35000610351562,167.91000366210938,169.3300018310547,754200.0,169.00685119628906
2018-09-27,170.9199981689453,169.1699981689453,169.4199981689453,169.7899932861328,739700.0,169.46595764160156
2018-09-28,171.0399932861328,167.8300018310547,169.7100067138672,168.3300018310547,1309700.0,168.00875854492188
2018-10-01,170.63999938964844,168.19000244140625,169.02000427246094,169.60000610351562,591600.0,169.27635192871094
2018-10-02,171.1300048828125,168.02999877929688,170.47000122070312,168.39999389648438,819300.0,168.07862854003906
2018-10-03,168.91000366210938,167.2100067138672,168.67999267578125,167.60000610351562,535500.0,167.28016662597656
2018-10-04,167.6999969482422,165.0800018310547,167.6999969482422,165.7100067138672,769500.0,165.39378356933594
2018-10-05,167.4499969482422,164.30999755859375,165.6300048828125,165.8300018310547,938800.0,165.5135498046875
2018-10-08,169.16000366210938,165.39999389648438,165.39999389648438,168.36000061035156,784700.0,168.0386962890625
2018-10-09,171.5,168.16000366210938,168.27000427246094,168.88999938964844,850400.0,168.5677032470703
2018-10-10,169.64999389648438,162.8699951171875,169.0,163.1699981689453,997300.0,162.85862731933594
2018-10-11,165.52999877929688,160.60000610351562,162.8699951171875,161.0399932861328,1345400.0,160.732666015625
2018-10-12,165.9499969482422,162.6199951171875,163.5800018310547,165.1199951171875,1096700.0,164.8048858642578
2018-10-15,168.67999267578125,164.75999450683594,165.0,166.92999267578125,644900.0,166.61141967773438
2018-10-16,170.6999969482422,163.77999877929688,170.6999969482422,168.3699951171875,1067700.0,168.04867553710938
2018-10-17,167.8000030517578,154.02000427246094,166.80999755859375,159.5800018310547,1967500.0,159.27545166015625
2018-10-18,163.0,158.52000427246094,159.72000122070312,162.19000244140625,1393600.0,161.88047790527344
2018-10-19,166.75999450683594,162.3699951171875,163.3000030517578,164.3300018310547,1406100.0,164.0164031982422
2018-10-22,165.64999389648438,162.99000549316406,164.38999938964844,164.77000427246094,1426000.0,164.45555114746094
2018-10-23,165.13999938964844,161.38999938964844,162.44000244140625,163.97000122070312,1037800.0,163.65707397460938
2018-10-24,167.02000427246094,158.85000610351562,163.5,159.17999267578125,1418200.0,158.87620544433594
2018-10-25,164.41000366210938,157.1300048828125,159.41000366210938,163.1699981689453,1350400.0,162.85862731933594
2018-10-26,165.52000427246094,160.2100067138672,161.6999969482422,164.5500030517578,1668600.0,164.23599243164062
2018-10-29,168.52000427246094,162.91000366210938,166.7100067138672,164.8699951171875,1627400.0,164.55535888671875
2018-10-30,165.6199951171875,163.17999267578125,165.16000366210938,164.97000122070312,1020000.0,164.65518188476562
2018-10-31,166.08999633789062,159.6699981689453,166.08999633789062,159.75999450683594,1749400.0,159.4551239013672
2018-11-01,164.35000610351562,158.10000610351562,159.9600067138672,163.50999450683594,1018400.0,163.19793701171875
2018-11-02,165.69000244140625,163.72000122070312,165.02000427246094,165.0,1089200.0,164.68511962890625
2018-11-05,166.11000061035156,163.2899932861328,165.24000549316406,165.11000061035156,1250700.0,164.79490661621094
2018-11-06,168.7899932861328,165.69000244140625,166.55999755859375,168.08999633789062,1085900.0,167.7692108154297
2018-11-07,170.55999755859375,167.0800018310547,169.2100067138672,170.50999450683594,888700.0,170.18458557128906
2018-11-08,173.69000244140625,169.4499969482422,170.1199951171875,172.4499969482422,1354200.0,172.1208953857422
2018-11-09,174.7100067138672,170.69000244140625,172.66000366210938,171.17999267578125,1202300.0,170.8533172607422
2018-11-12,170.89999389648438,166.19000244140625,170.3300018310547,167.05999755859375,1522400.0,166.74118041992188
2018-11-13,185.5,177.50999450683594,184.07000732421875,184.72000122070312,3662700.0,184.3674774169922
2018-11-14,186.14999389648438,177.61000061035156,185.99000549316406,177.67999267578125,1806900.0,177.34091186523438
2018-11-15,180.44000244140625,174.8000030517578,176.8800048828125,179.0500030517578,1026600.0,178.70831298828125
2018-11-16,179.49000549316406,176.0,177.5500030517578,179.2100067138672,876000.0,178.86801147460938
2018-11-19,182.49000549316406,176.89999389648438,179.14999389648438,177.75,856700.0,177.41078186035156
2018-11-20,177.6699981689453,171.1199951171875,174.0500030517578,171.52999877929688,891900.0,171.20265197753906
2018-11-21,176.08999633789062,171.41000366210938,171.5,174.6699981689453,893700.0,174.336669921875
2018-11-23,178.52999877929688,173.66000366210938,173.6999969482422,177.24000549316406,325700.0,176.90174865722656
2018-11-26,180.77000427246094,176.9199981689453,178.91000366210938,177.72000122070312,658800.0,177.38084411621094
2018-11-27,181.4199981689453,176.60000610351562,176.64999389648438,179.27000427246094,701700.0,178.92788696289062
2018-11-28,180.7899932861328,177.9499969482422,178.85000610351562,178.9499969482422,1086600.0,178.6084747314453
2018-11-29,179.17999267578125,177.33999633789062,177.91000366210938,177.6699981689453,747800.0,177.3309326171875
2018-11-30,178.91000366210938,175.00999450683594,177.77999877929688,177.7100067138672,1399600.0,177.37086486816406
2018-12-03,179.7899932861328,174.85000610351562,178.97000122070312,177.88999938964844,895200.0,177.550537109375
2018-12-04,181.72999572753906,175.6199951171875,180.1199951171875,178.19000244140625,1549500.0,177.84994506835938
2018-12-06,177.0,170.75,176.30999755859375,175.75999450683594,1226600.0,175.42457580566406
2018-12-07,177.25999450683594,167.3800048828125,174.6199951171875,167.58999633789062,761800.0,167.27017211914062
2018-12-10,167.82000732421875,163.41000366210938,167.80999755859375,166.1699981689453,1471200.0,165.85287475585938
2018-12-11,168.88999938964844,165.00999450683594,167.67999267578125,165.8000030517578,861200.0,165.48358154296875
2018-12-12,168.86000061035156,166.1199951171875,166.9499969482422,166.97999572753906,1461100.0,166.6613311767578
2018-12-13,167.97999572753906,165.1300048828125,166.82000732421875,166.2899932861328,1008100.0,165.97264099121094
2018-12-14,168.3800048828125,163.39999389648438,165.3000030517578,163.77999877929688,968600.0,163.46743774414062
2018-12-17,162.72999572753906,158.1300048828125,162.61000061035156,158.83999633789062,1223800.0,158.53688049316406
2018-12-18,162.88999938964844,157.8300018310547,160.0,158.24000549316406,1312500.0,157.9380340576172
2018-12-19,160.49000549316406,155.42999267578125,158.7100067138672,156.1199951171875,1174300.0,155.82205200195312
2018-12-20,156.14999389648438,150.64999389648438,155.27999877929688,152.5,1804900.0,152.26748657226562
2018-12-21,155.88999938964844,150.33999633789062,151.57000732421875,151.41000366210938,1872900.0,151.17913818359375
2018-12-24,152.0,148.3699951171875,151.02999877929688,148.9199981689453,649100.0,148.6929473876953
2018-12-26,155.1300048828125,149.02999877929688,149.72000122070312,155.02999877929688,962600.0,154.7936248779297
2018-12-27,154.77000427246094,149.5800018310547,153.44000244140625,154.69000244140625,1123400.0,154.45416259765625
2018-12-28,157.3000030517578,153.63999938964844,155.33999633789062,155.4600067138672,1009500.0,155.22299194335938
2018-12-31,157.67999267578125,154.99000549316406,156.0500030517578,157.4600067138672,752500.0,157.21994018554688
2019-01-02,159.9199981689453,153.82000732421875,156.16000366210938,157.9199981689453,1291000.0,157.67922973632812
2019-01-03,164.07000732421875,157.74000549316406,158.22999572753906,162.85000610351562,1514700.0,162.60171508789062
2019-01-04,164.5,158.47999572753906,164.1699981689453,158.80999755859375,1423000.0,158.56785583496094
2019-01-07,163.57000732421875,156.8300018310547,161.67999267578125,161.13999938964844,2088300.0,160.89431762695312
2019-01-08,162.9499969482422,157.17999267578125,162.00999450683594,160.02000427246094,1604700.0,159.77601623535156
2019-01-09,165.7899932861328,161.22999572753906,162.67999267578125,164.42999267578125,1429900.0,164.17930603027344
2019-01-10,165.22999572753906,160.75999450683594,163.02999877929688,165.07000732421875,999100.0,164.81834411621094
2019-01-11,166.42999267578125,159.25,164.50999450683594,159.4199981689453,1299600.0,159.17694091796875
2019-01-14,159.49000549316406,156.69000244140625,157.7899932861328,158.72000122070312,1307700.0,158.47802734375
2019-01-15,162.32000732421875,158.02999877929688,158.6199951171875,160.27999877929688,1023700.0,160.03562927246094
2019-01-16,162.4600067138672,159.02999877929688,160.88999938964844,162.44000244140625,1158000.0,162.19235229492188
2019-01-17,167.4199981689453,161.5,161.99000549316406,166.27999877929688,1455100.0,166.02647399902344
2019-01-18,168.77999877929688,163.66000366210938,167.22999572753906,167.61000061035156,1777300.0,167.3544464111328
2019-01-22,168.4199981689453,162.25999450683594,166.6699981689453,164.1300048828125,1384200.0,163.8797607421875
2019-01-23,166.60000610351562,162.16000366210938,164.0399932861328,164.3300018310547,1207800.0,164.07945251464844
2019-01-24,164.97000122070312,155.63999938964844,164.5,156.30999755859375,1298000.0,156.07168579101562
2019-01-25,156.8300018310547,150.24000549316406,156.8300018310547,153.22000122070312,1800700.0,152.98638916015625
2019-01-28,155.0500030517578,150.0500030517578,151.64999389648438,154.86000061035156,1311500.0,154.6239013671875
2019-01-29,155.4499969482422,151.75,154.14999389648438,155.38999938964844,1076200.0,155.153076171875
2019-01-30,160.1999969482422,155.60000610351562,156.19000244140625,159.0399932861328,1016500.0,158.79751586914062
2019-01-31,160.11000061035156,155.77999877929688,158.39999389648438,159.1999969482422,1586600.0,158.957275390625
2019-02-01,161.67999267578125,158.52999877929688,159.89999389648438,159.0399932861328,941500.0,158.79751586914062
2019-02-04,161.6199951171875,157.75999450683594,159.6300048828125,161.35000610351562,665600.0,161.10400390625
2019-02-05,162.97999572753906,159.6300048828125,162.38999938964844,161.4600067138672,932600.0,161.21383666992188
2019-02-06,161.8000030517578,156.6999969482422,161.3800048828125,157.22000122070312,1212000.0,156.98028564453125
2019-02-07,163.25999450683594,158.0,160.0,163.1300048828125,1375900.0,162.88128662109375
2019-02-08,163.61000061035156,161.1199951171875,161.99000549316406,162.41000366210938,740700.0,162.16238403320312
2019-02-11,165.35000610351562,162.44000244140625,162.44000244140625,165.1300048828125,917500.0,164.87823486328125
2019-02-12,168.5399932861328,165.47999572753906,165.8699951171875,167.88999938964844,1264300.0,167.63401794433594
2019-02-13,169.5800018310547,165.6300048828125,168.67999267578125,166.4600067138672,1104700.0,166.20620727539062
2019-02-14,169.75,164.25,165.9199981689453,168.74000549316406,720000.0,168.4827423095703
2019-02-15,170.8300018310547,167.6699981689453,169.8300018310547,169.99000549316406,1379600.0,169.7308349609375
2019-02-19,178.69000244140625,166.4199981689453,169.92999267578125,167.13999938964844,3369200.0,166.88516235351562
2019-02-20,167.02999877929688,162.58999633789062,166.0,166.0,1990200.0,165.7469024658203
2019-02-21,166.2100067138672,160.1999969482422,166.2100067138672,161.30999755859375,1616300.0,161.06405639648438
2019-02-22,161.8800048828125,158.91000366210938,161.30999755859375,161.47000122070312,1158000.0,161.22381591796875
2019-02-25,163.32000732421875,156.1199951171875,162.6300048828125,157.7100067138672,1787200.0,157.4695587158203
2019-02-26,165.8300018310547,161.47999572753906,163.0,162.9199981689453,2112600.0,162.67160034179688
2019-02-27,162.77999877929688,156.67999267578125,162.58999633789062,158.3000030517578,1149800.0,158.05865478515625
2019-02-28,163.77000427246094,156.72000122070312,156.72000122070312,161.77999877929688,1717600.0,161.5333251953125
2019-03-01,163.25,158.0500030517578,162.25,160.6199951171875,1398300.0,160.37509155273438
2019-03-04,161.9199981689453,156.9199981689453,161.9199981689453,158.39999389648438,1147200.0,158.1584930419922
2019-03-05,159.82000732421875,157.27000427246094,158.50999450683594,157.30999755859375,863100.0,157.07015991210938
2019-03-06,159.1300048828125,156.4199981689453,157.82000732421875,157.97000122070312,1067900.0,157.72915649414062
2019-03-07,157.30999755859375,154.00999450683594,157.08999633789062,154.1300048828125,940700.0,153.89500427246094
2019-03-08,153.19000244140625,150.5,152.85000610351562,151.77000427246094,1138200.0,151.5386199951172
2019-03-11,155.77999877929688,152.0800018310547,152.25999450683594,155.4600067138672,1047800.0,155.22299194335938
2019-03-12,155.6199951171875,152.89999389648438,155.6199951171875,154.8699951171875,871900.0,154.6338653564453
2019-03-13,155.8000030517578,153.7899932861328,155.25,154.6999969482422,812400.0,154.46414184570312
2019-03-14,155.1999969482422,153.0399932861328,155.05999755859375,154.0,683400.0,153.76519775390625
2019-03-15,154.99000549316406,151.0399932861328,153.63999938964844,154.83999633789062,1714100.0,154.60391235351562
2019-03-18,162.9499969482422,155.0800018310547,155.22000122070312,161.57000732421875,2116100.0,161.32366943359375
2019-03-19,164.92999267578125,161.1699981689453,161.44000244140625,163.4199981689453,1371600.0,163.1708526611328
2019-03-20,165.6199951171875,162.58999633789062,164.50999450683594,164.14999389648438,875200.0,163.89971923828125
2019-03-21,169.1699981689453,163.8300018310547,163.8300018310547,169.07000732421875,864700.0,168.8739471435547
2019-03-22,168.5800018310547,164.72000122070312,168.3300018310547,164.83999633789062,941600.0,164.6488494873047
2019-03-25,168.9499969482422,164.2899932861328,165.5,167.77999877929688,841100.0,167.58543395996094
2019-03-26,168.89999389648438,165.80999755859375,167.85000610351562,168.27000427246094,961700.0,168.07489013671875
2019-03-27,169.7100067138672,166.6999969482422,167.9600067138672,166.88999938964844,998900.0,166.69647216796875
2019-03-28,168.9199981689453,166.66000366210938,167.32000732421875,168.75,643400.0,168.5543212890625
2019-03-29,171.57000732421875,168.60000610351562,169.88999938964844,170.52999877929688,1856200.0,170.33226013183594
2019-04-01,174.17999267578125,171.1300048828125,172.7899932861328,173.6300048828125,957500.0,173.42868041992188
2019-04-02,173.94000244140625,170.92999267578125,173.5399932861328,173.33999633789062,670600.0,173.1389923095703
2019-04-03,174.8000030517578,171.4199981689453,174.0800018310547,171.69000244140625,847200.0,171.49090576171875
2019-04-04,174.41000366210938,171.5800018310547,172.13999938964844,174.0,1213800.0,173.7982177734375
2019-04-05,176.8300018310547,174.30999755859375,174.30999755859375,176.77999877929688,741300.0,176.5749969482422
2019-04-08,178.0399932861328,173.8300018310547,175.77999877929688,177.58999633789062,830300.0,177.38406372070312
2019-04-09,177.72000122070312,175.3300018310547,176.89999389648438,175.64999389648438,616200.0,175.44630432128906
2019-04-10,178.86000061035156,174.25,176.6999969482422,178.8000030517578,1079500.0,178.59268188476562
2019-04-11,181.02000427246094,177.88999938964844,178.64999389648438,180.9600067138672,705300.0,180.7501678466797
2019-04-12,181.8000030517578,179.74000549316406,180.9600067138672,180.11000061035156,922600.0,179.90113830566406
2019-04-15,181.77999877929688,179.02999877929688,180.5399932861328,181.42999267578125,913200.0,181.21961975097656
2019-04-16,182.55999755859375,179.50999450683594,182.55999755859375,179.9499969482422,676900.0,179.74131774902344
2019-04-17,180.0500030517578,176.6699981689453,179.9499969482422,176.80999755859375,741500.0,176.60496520996094
2019-04-18,177.1300048828125,174.11000061035156,176.55999755859375,175.39999389648438,1025300.0,175.1966094970703
2019-04-22,175.38999938964844,169.72999572753906,174.4499969482422,170.0800018310547,878800.0,169.88278198242188
2019-04-23,173.72000122070312,170.25999450683594,171.08999633789062,172.47000122070312,925000.0,172.27000427246094
2019-04-24,173.92999267578125,171.75999450683594,173.2899932861328,171.86000061035156,915700.0,171.6607208251953
2019-04-25,171.57000732421875,165.8699951171875,169.8000030517578,170.63999938964844,1265000.0,170.44212341308594
2019-04-26,170.72999572753906,168.1699981689453,170.30999755859375,170.19000244140625,690700.0,169.99266052246094
2019-04-29,170.55999755859375,166.63999938964844,169.94000244140625,166.77000427246094,811000.0,166.5766143798828
2019-04-30,168.7100067138672,165.25,167.41000366210938,166.32000732421875,872200.0,166.12713623046875
2019-05-01,166.66000366210938,163.6699981689453,166.1300048828125,163.8300018310547,923200.0,163.6400146484375
2019-05-02,167.2100067138672,163.3000030517578,164.0500030517578,166.77999877929688,1154500.0,166.58660888671875
2019-05-03,167.38999938964844,163.19000244140625,167.0500030517578,163.27000427246094,760200.0,163.08067321777344
2019-05-06,163.55999755859375,159.8300018310547,161.05999755859375,161.99000549316406,1218600.0,161.80215454101562
2019-05-07,162.58999633789062,159.64999389648438,161.08999633789062,160.66000366210938,1069400.0,160.47369384765625
2019-05-08,160.4499969482422,157.72999572753906,160.1199951171875,158.6199951171875,586200.0,158.43606567382812
2019-05-09,160.00999450683594,156.17999267578125,157.32000732421875,159.88999938964844,883600.0,159.70458984375
2019-05-10,159.24000549316406,154.49000549316406,159.24000549316406,158.1199951171875,813300.0,157.9366455078125
2019-05-13,156.0,153.41000366210938,155.1300048828125,155.3699951171875,1395400.0,155.18983459472656
2019-05-14,156.88999938964844,153.08999633789062,154.57000732421875,155.75,1216000.0,155.56939697265625
2019-05-15,155.9499969482422,153.25,154.83999633789062,155.8300018310547,783000.0,155.64930725097656
2019-05-16,158.6699981689453,154.1199951171875,155.8000030517578,157.27999877929688,1264500.0,157.0976104736328
2019-05-17,159.6699981689453,155.67999267578125,155.9199981689453,157.97000122070312,1146200.0,157.7868194580078
2019-05-20,160.19000244140625,157.1999969482422,157.35000610351562,158.63999938964844,1714600.0,158.4560546875
2019-05-21,161.72000122070312,156.64999389648438,159.02000427246094,161.3000030517578,1821300.0,161.1129608154297
2019-05-22,170.99000549316406,164.60000610351562,165.69000244140625,166.2899932861328,3608400.0,166.09716796875
2019-05-23,167.0,158.5500030517578,165.5800018310547,159.8000030517578,2600200.0,159.6147003173828
2019-05-24,160.41000366210938,155.47999572753906,159.72000122070312,158.08999633789062,2127800.0,157.90667724609375
2019-05-28,159.25,154.55999755859375,158.22999572753906,154.55999755859375,1207500.0,154.38076782226562
2019-05-29,156.07000732421875,151.57000732421875,154.17999267578125,155.77999877929688,1665200.0,155.599365234375
2019-05-30,160.5800018310547,156.44000244140625,156.7899932861328,159.38999938964844,1080200.0,159.20516967773438
2019-05-31,156.6300048828125,154.39999389648438,156.0,155.0,1487200.0,154.8202667236328
2019-06-03,154.49000549316406,151.8300018310547,154.41000366210938,153.1699981689453,1104200.0,152.9923858642578
2019-06-04,155.82000732421875,153.75999450683594,154.55999755859375,154.61000061035156,1008300.0,154.43072509765625
2019-06-05,156.02000427246094,152.63999938964844,155.25999450683594,154.61000061035156,1093000.0,154.43072509765625
2019-06-06,155.39999389648438,153.4199981689453,154.63999938964844,154.89999389648438,919500.0,154.7203826904297
2019-06-07,157.1300048828125,154.57000732421875,155.10000610351562,155.35000610351562,663300.0,155.16986083984375
2019-06-10,157.6999969482422,152.1300048828125,156.36000061035156,153.52000427246094,1046900.0,153.34197998046875
2019-06-11,153.83999633789062,150.32000732421875,153.75999450683594,152.1699981689453,1469200.0,151.99354553222656
2019-06-12,152.67999267578125,149.02999877929688,152.08999633789062,150.5399932861328,796500.0,150.3654327392578
2019-06-13,152.6999969482422,150.19000244140625,150.66000366210938,150.61000061035156,814800.0,150.4353485107422
2019-06-14,152.67999267578125,150.30999755859375,150.69000244140625,151.8000030517578,769100.0,151.6239776611328
2019-06-17,153.83999633789062,151.66000366210938,152.52000427246094,151.74000549316406,694300.0,151.5640411376953
2019-06-18,155.0500030517578,152.32000732421875,152.4199981689453,154.8300018310547,1194500.0,154.65045166015625
2019-06-19,155.05999755859375,152.1199951171875,154.8699951171875,153.77000427246094,1092600.0,153.59170532226562
2019-06-20,154.9499969482422,151.27000427246094,154.32000732421875,153.27000427246094,874700.0,153.1520233154297
2019-06-21,154.11000061035156,151.75999450683594,153.61000061035156,153.24000549316406,1054200.0,153.12205505371094
2019-06-24,153.86000061035156,151.66000366210938,153.86000061035156,152.3300018310547,1134100.0,152.21275329589844
2019-06-25,156.22000122070312,151.9199981689453,152.94000244140625,154.5,1346800.0,154.38108825683594
2019-06-26,153.9199981689453,149.1999969482422,153.69000244140625,149.92999267578125,1237800.0,149.81459045410156
2019-06-27,153.02999877929688,149.1699981689453,150.08999633789062,151.7100067138672,1028900.0,151.59323120117188
2019-06-28,154.4499969482422,151.39999389648438,151.97999572753906,154.13999938964844,950000.0,154.0213623046875
2019-07-01,158.4499969482422,155.57000732421875,155.7100067138672,156.58999633789062,1151500.0,156.46946716308594
2019-07-02,160.49000549316406,156.32000732421875,157.0,159.7899932861328,1394000.0,159.66700744628906
2019-07-03,161.6300048828125,158.6699981689453,159.50999450683594,160.6300048828125,588400.0,160.50636291503906
2019-07-05,161.00999450683594,159.25,160.13999938964844,160.6199951171875,604400.0,160.49635314941406
2019-07-08,163.22999572753906,158.11000061035156,160.60000610351562,158.19000244140625,1588100.0,158.06825256347656
2019-07-09,158.8800048828125,154.02999877929688,157.77000427246094,155.5,1040700.0,155.38031005859375
2019-07-10,156.80999755859375,154.58999633789062,155.58999633789062,156.42999267578125,832800.0,156.30960083007812
2019-07-11,157.52000427246094,155.0800018310547,155.86000061035156,156.2899932861328,970300.0,156.16969299316406
2019-07-12,159.11000061035156,155.88999938964844,156.24000549316406,158.5800018310547,648600.0,158.45794677734375
2019-07-15,159.13999938964844,156.6300048828125,159.00999450683594,158.9199981689453,487600.0,158.7976837158203
2019-07-16,162.7100067138672,158.8699951171875,158.8699951171875,161.75999450683594,763600.0,161.63548278808594
2019-07-17,161.41000366210938,156.35000610351562,161.14999389648438,157.6699981689453,1116100.0,157.54864501953125
2019-07-18,158.08999633789062,152.3300018310547,154.75,157.89999389648438,1126900.0,157.77845764160156
2019-07-19,158.72999572753906,156.13999938964844,158.08999633789062,156.92999267578125,965300.0,156.8092041015625
2019-07-22,160.1699981689453,157.24000549316406,157.27999877929688,158.89999389648438,840800.0,158.77767944335938
2019-07-23,159.89999389648438,155.35000610351562,159.49000549316406,157.63999938964844,894500.0,157.51866149902344
2019-07-24,159.22000122070312,157.07000732421875,157.63999938964844,158.5,865500.0,158.3780059814453
2019-07-25,158.2100067138672,149.94000244140625,156.89999389648438,150.02999877929688,1703200.0,149.91452026367188
2019-07-26,152.8300018310547,149.5,150.10000610351562,152.6199951171875,881500.0,152.5025177001953
2019-07-29,153.4199981689453,150.94000244140625,152.2899932861328,153.0399932861328,782500.0,152.9221954345703
2019-07-30,154.66000366210938,150.91000366210938,152.52000427246094,151.8000030517578,872900.0,151.68316650390625
2019-07-31,152.47999572753906,149.7100067138672,151.64999389648438,150.63999938964844,1057100.0,150.52406311035156
2019-08-01,153.52000427246094,149.72000122070312,150.52000427246094,149.9499969482422,1460300.0,149.83457946777344
2019-08-02,150.0399932861328,145.7100067138672,149.60000610351562,145.77999877929688,1212700.0,145.6678009033203
2019-08-05,143.39999389648438,139.9600067138672,142.9499969482422,143.16000366210938,1604800.0,143.04981994628906
2019-08-06,146.11000061035156,141.6300048828125,143.08999633789062,145.63999938964844,1594000.0,145.52789306640625
2019-08-07,145.30999755859375,142.2100067138672,144.41000366210938,144.0399932861328,1524000.0,143.9291229248047
2019-08-08,146.6199951171875,144.08999633789062,144.89999389648438,144.42999267578125,1291600.0,144.31881713867188
2019-08-09,146.94000244140625,143.2100067138672,144.5399932861328,144.3300018310547,1332600.0,144.2189178466797
2019-08-12,145.35000610351562,140.80999755859375,143.39999389648438,142.16000366210938,1681100.0,142.0505828857422
2019-08-13,144.05999755859375,130.08999633789062,130.8000030517578,142.22999572753906,5903800.0,142.1205291748047
2019-08-14,140.4600067138672,135.44000244140625,138.24000549316406,136.49000549316406,2424500.0,136.38494873046875
2019-08-15,138.27000427246094,135.4600067138672,137.2100067138672,137.5,1960500.0,137.3941650390625
2019-08-16,139.69000244140625,136.42999267578125,137.72999572753906,136.58999633789062,1277800.0,136.48486328125
2019-08-19,138.25999450683594,135.22000122070312,138.0,136.35000610351562,1287800.0,136.24505615234375
2019-08-20,137.85000610351562,135.3000030517578,136.44000244140625,135.3800048828125,997300.0,135.2758026123047
2019-08-21,136.75,134.6999969482422,136.55999755859375,136.22999572753906,1344700.0,136.12513732910156
2019-08-22,138.5500030517578,136.0800018310547,136.64999389648438,137.5,1306700.0,137.3941650390625
2019-08-23,138.19000244140625,134.4499969482422,136.57000732421875,135.0500030517578,1088000.0,134.94606018066406
2019-08-26,135.6999969482422,132.88999938964844,135.6199951171875,135.0,901000.0,134.89608764648438
2019-08-27,137.1300048828125,134.8699951171875,135.82000732421875,134.88999938964844,746800.0,134.7861785888672
2019-08-28,137.55999755859375,133.3000030517578,134.3000030517578,136.75999450683594,1800700.0,136.65472412109375
2019-08-29,140.74000549316406,137.77999877929688,138.0399932861328,138.07000732421875,1203800.0,137.96372985839844
2019-08-30,139.82000732421875,137.4499969482422,138.6999969482422,137.9499969482422,721300.0,137.84381103515625
2019-09-03,140.42999267578125,136.77000427246094,137.19000244140625,140.36000061035156,1002500.0,140.251953125
2019-09-04,142.30999755859375,138.50999450683594,141.57000732421875,141.88999938964844,1235200.0,141.78077697753906
2019-09-05,147.1199951171875,143.07000732421875,143.0800018310547,146.5500030517578,770600.0,146.43719482421875
2019-09-06,147.6699981689453,146.32000732421875,146.88999938964844,147.2100067138672,818200.0,147.09669494628906
2019-09-09,147.80999755859375,145.57000732421875,147.39999389648438,147.42999267578125,1039700.0,147.3165283203125
2019-09-10,155.3800048828125,146.7899932861328,147.3699951171875,154.6999969482422,1403200.0,154.5809326171875
2019-09-11,158.88999938964844,154.67999267578125,154.9600067138672,158.86000061035156,1180100.0,158.7377166748047
2019-09-12,160.14999389648438,155.0800018310547,160.0,155.1999969482422,1163200.0,155.08053588867188
2019-09-13,159.32000732421875,154.85000610351562,159.10000610351562,157.0,996700.0,156.879150390625
2019-09-16,158.25999450683594,155.6999969482422,156.0,156.07000732421875,904800.0,155.94989013671875
2019-09-17,157.0,153.74000549316406,155.44000244140625,156.07000732421875,841000.0,155.94989013671875
2019-09-18,156.3699951171875,152.57000732421875,155.91000366210938,153.7899932861328,667900.0,153.67161560058594
2019-09-19,154.55999755859375,152.30999755859375,153.72999572753906,152.8000030517578,705700.0,152.7419891357422
2019-09-20,156.8000030517578,152.69000244140625,152.92999267578125,155.69000244140625,1050500.0,155.63088989257812
2019-09-23,161.57000732421875,155.77999877929688,156.5500030517578,161.22000122070312,1234200.0,161.15878295898438
2019-09-24,163.61000061035156,158.72000122070312,162.47999572753906,159.22000122070312,1263100.0,159.1595458984375
2019-09-25,162.6699981689453,158.8800048828125,159.22000122070312,162.27999877929688,789300.0,162.2183837890625
2019-09-26,162.07000732421875,158.5,162.07000732421875,160.3800048828125,727500.0,160.31910705566406
2019-09-27,162.4199981689453,160.4499969482422,161.1300048828125,161.67999267578125,531900.0,161.6186065673828
2019-09-30,165.97000122070312,161.4600067138672,161.63999938964844,165.39999389648438,982800.0,165.33718872070312
2019-10-01,167.63999938964844,163.94000244140625,165.58999633789062,167.2899932861328,1086300.0,167.22647094726562
2019-10-02,166.8699951171875,161.9499969482422,166.27000427246094,162.9600067138672,975400.0,162.89813232421875
2019-10-03,162.7899932861328,158.25999450683594,162.60000610351562,159.86000061035156,918100.0,159.79930114746094
2019-10-04,160.61000061035156,157.1999969482422,159.5399932861328,159.94000244140625,749000.0,159.8792724609375
2019-10-07,160.3699951171875,157.10000610351562,159.08999633789062,158.27000427246094,1206600.0,158.2099151611328
2019-10-08,156.88999938964844,153.25,156.60000610351562,154.3300018310547,913200.0,154.2714080810547
2019-10-09,155.3800048828125,153.25,154.61000061035156,154.41000366210938,641600.0,154.35137939453125
2019-10-10,156.4199981689453,153.82000732421875,154.60000610351562,155.9499969482422,731400.0,155.8907928466797
2019-10-11,160.0,157.39999389648438,157.50999450683594,158.55999755859375,691600.0,158.4998016357422
2019-10-14,159.22999572753906,157.08999633789062,158.13999938964844,157.32000732421875,430100.0,157.26026916503906
2019-10-15,161.24000549316406,157.14999389648438,158.74000549316406,159.72999572753906,620300.0,159.66934204101562
2019-10-16,164.33999633789062,159.1999969482422,159.2100067138672,162.75,870600.0,162.68820190429688
2019-10-17,164.7100067138672,161.25,162.5,163.75,730800.0,163.6878204345703
2019-10-18,164.74000549316406,160.72000122070312,163.52000427246094,163.5,642900.0,163.43792724609375
2019-10-21,166.35000610351562,163.99000549316406,164.52999877929688,166.02999877929688,663300.0,165.9669647216797
2019-10-22,167.25,164.1300048828125,166.39999389648438,165.97999572753906,575300.0,165.91697692871094
2019-10-23,166.67999267578125,163.25999450683594,165.25,165.1199951171875,701000.0,165.0572967529297
2019-10-24,170.5500030517578,166.3000030517578,168.44000244140625,166.80999755859375,1070100.0,166.7466583251953
2019-10-25,169.69000244140625,165.33999633789062,166.5,165.55999755859375,643100.0,165.49713134765625
2019-10-28,167.97000122070312,165.22999572753906,165.9600067138672,166.41000366210938,978800.0,166.34681701660156
2019-10-29,166.9199981689453,163.99000549316406,166.27000427246094,164.35000610351562,657500.0,164.28761291503906
2019-10-30,165.5500030517578,162.8000030517578,163.99000549316406,163.97000122070312,721600.0,163.90774536132812
2019-10-31,164.1699981689453,161.05999755859375,163.83999633789062,162.47999572753906,826600.0,162.41830444335938
2019-11-01,166.3300018310547,162.4600067138672,163.00999450683594,164.82000732421875,677800.0,164.75743103027344
2019-11-04,167.3699951171875,164.58999633789062,165.83999633789062,166.61000061035156,708700.0,166.54673767089844
2019-11-05,170.8699951171875,166.50999450683594,167.6699981689453,168.13999938964844,1222500.0,168.07615661621094
2019-11-06,169.9499969482422,166.42999267578125,168.13999938964844,169.6999969482422,866300.0,169.63555908203125
2019-11-07,171.36000061035156,168.8300018310547,170.4499969482422,169.27999877929688,669100.0,169.21572875976562
2019-11-08,170.6999969482422,165.8000030517578,170.36000061035156,167.39999389648438,1243000.0,167.33644104003906
2019-11-11,171.42999267578125,165.9499969482422,166.72000122070312,168.82000732421875,1805500.0,168.7559051513672
2019-11-12,160.41000366210938,154.30999755859375,157.9499969482422,156.13999938964844,4357300.0,156.08071899414062
2019-11-13,158.8800048828125,153.75999450683594,155.30999755859375,158.5800018310547,1370900.0,158.51979064941406
2019-11-14,157.97000122070312,155.02000427246094,157.9499969482422,156.8300018310547,882000.0,156.7704620361328
2019-11-15,162.69000244140625,157.44000244140625,157.7899932861328,162.66000366210938,1084500.0,162.59825134277344
2019-11-18,164.05999755859375,160.9499969482422,162.85000610351562,163.6699981689453,862900.0,163.60784912109375
2019-11-19,163.6199951171875,161.22000122070312,163.22000122070312,161.97999572753906,714500.0,161.91848754882812
2019-11-20,161.9600067138672,159.72000122070312,161.7899932861328,161.74000549316406,724000.0,161.6785888671875
2019-11-21,163.17999267578125,158.1999969482422,162.14999389648438,158.3300018310547,635900.0,158.26988220214844
2019-11-22,159.10000610351562,156.82000732421875,158.3000030517578,157.8699951171875,971600.0,157.81005859375
2019-11-25,160.5,157.58999633789062,158.36000061035156,159.14999389648438,647500.0,159.08956909179688
2019-11-26,159.47999572753906,156.91000366210938,159.47999572753906,157.08999633789062,1004400.0,157.0303497314453
2019-11-27,160.61000061035156,157.3300018310547,157.61000061035156,158.77999877929688,809700.0,158.71971130371094
2019-11-29,159.00999450683594,156.67999267578125,158.4600067138672,157.0800018310547,487100.0,157.02035522460938
2019-12-02,159.57000732421875,156.49000549316406,157.49000549316406,156.5500030517578,893600.0,156.49057006835938
2019-12-03,155.25,151.8800048828125,155.25,152.61000061035156,1047200.0,152.55206298828125
2019-12-04,153.92999267578125,152.0,152.6199951171875,152.3300018310547,2822700.0,152.2721710205078
2019-12-05,153.47999572753906,151.82000732421875,152.88999938964844,152.2899932861328,1603000.0,152.232177734375
2019-12-06,155.4499969482422,151.92999267578125,153.2899932861328,154.6199951171875,1803900.0,154.56129455566406
2019-12-09,154.44000244140625,150.5,154.24000549316406,151.57000732421875,1900000.0,151.51246643066406
2019-12-10,157.33999633789062,152.44000244140625,153.17999267578125,156.1699981689453,1510600.0,156.11070251464844
2019-12-11,157.4499969482422,153.77000427246094,155.86000061035156,155.89999389648438,944900.0,155.84080505371094
2019-12-12,157.83999633789062,155.4499969482422,155.58999633789062,156.1199951171875,710300.0,156.0607147216797
2019-12-13,156.50999450683594,154.22000122070312,156.22000122070312,155.2100067138672,768600.0,155.1510772705078
2019-12-16,155.6199951171875,153.39999389648438,155.47000122070312,153.5,659200.0,153.44171142578125
2019-12-17,158.86000061035156,153.6699981689453,154.50999450683594,157.97999572753906,941700.0,157.92001342773438
2019-12-18,158.8000030517578,156.50999450683594,158.1300048828125,158.02999877929688,564900.0,157.97000122070312
2019-12-19,158.4499969482422,156.22999572753906,157.47000122070312,156.47999572753906,734700.0,156.47999572753906
2019-12-20,158.6999969482422,156.08999633789062,157.77000427246094,158.1199951171875,1269200.0,158.1199951171875
2019-12-23,160.1999969482422,156.89999389648438,158.22000122070312,159.97000122070312,683600.0,159.97000122070312
2019-12-24,162.05999755859375,159.8300018310547,160.1199951171875,160.57000732421875,324200.0,160.57000732421875
2019-12-26,161.07000732421875,158.44000244140625,160.52999877929688,159.27000427246094,482300.0,159.27000427246094
2019-12-27,159.75,158.0,159.47000122070312,158.35000610351562,487200.0,158.35000610351562
2019-12-30,160.25999450683594,157.42999267578125,158.35000610351562,159.1199951171875,563400.0,159.1199951171875
2019-12-31,160.30999755859375,158.5,159.16000366210938,160.16000366210938,609600.0,160.16000366210938
